# Blender 3.3.0
# www.blender.org
mtllib weather_station_frame.mtl
o MainFrame
v 0.020000 0.007500 -0.020000
v 0.020000 0.007500 0.020000
v -0.042954 0.008250 0.005615
v -0.025000 0.007500 0.020000
v -0.042954 0.008250 -0.005615
v -0.050000 0.000000 0.050000
v 0.025000 0.001750 0.018000
v 0.025000 0.007500 0.020000
v -0.031046 0.008250 0.005615
v 0.025000 0.001750 -0.018000
v -0.031046 0.008250 -0.005615
v -0.020000 0.007500 0.020000
v 0.025000 0.008250 -0.018000
v 0.002700 0.004900 -0.030000
v 0.025000 0.008250 0.018000
v -0.025000 0.007500 -0.020000
v 0.002700 0.004900 0.030000
v 0.025000 0.007500 -0.020000
v -0.006850 0.004900 0.030000
v -0.040000 0.010000 -0.006387
v -0.020000 0.007500 -0.020000
v -0.010000 0.007700 0.025500
v -0.006850 0.004900 -0.030000
v 0.012499 0.010000 0.040000
v 0.002740 0.004900 0.029595
v -0.040000 0.090000 -0.006387
v -0.010000 0.007700 -0.034500
v 0.002858 0.004900 0.029206
v -0.006810 0.004900 0.029595
v 0.012499 0.090000 0.040000
v 0.002740 0.004900 -0.030405
v -0.008000 0.007700 0.022550
v -0.040000 0.010000 0.007338
v 0.003050 0.004900 0.028847
v -0.008000 0.007700 0.025500
v 0.002858 0.004900 -0.030794
v -0.006692 0.004900 0.029206
v 0.040000 0.010000 -0.006387
v -0.006810 0.004900 -0.030405
v 0.003308 0.004900 0.028533
v -0.040000 0.035214 0.040000
v -0.008000 0.007700 -0.037450
v 0.003622 0.004900 0.028275
v 0.040000 0.090000 -0.006387
v -0.006500 0.004900 0.028847
v -0.040000 0.090000 0.007338
v 0.003050 0.004900 -0.031153
v -0.008000 0.007700 0.037450
v -0.008000 0.007700 -0.034500
v -0.050000 0.100000 0.050000
v 0.003981 0.004900 0.028083
v -0.006242 0.004900 0.028533
v -0.006692 0.004900 -0.030794
v -0.010000 0.007700 0.034500
v 0.012499 0.010000 -0.040000
v -0.050000 0.000000 -0.050000
v 0.004370 0.004900 0.027965
v -0.005928 0.004900 0.028275
v 0.003308 0.004900 -0.031467
v 0.040000 0.010000 0.007338
v -0.008000 0.007700 0.034500
v 0.004775 0.004900 0.027925
v 0.040000 0.090000 0.007338
v 0.012499 0.090000 -0.040000
v 0.003622 0.004900 -0.031725
v 0.005180 0.004900 0.027965
v -0.006500 0.004900 -0.031153
v -0.005569 0.004900 0.028083
v -0.040000 0.035214 -0.040000
v 0.008000 0.007700 0.037450
v -0.008000 0.007700 -0.022550
v 0.005569 0.004900 0.028083
v 0.006907 0.010000 0.040000
v -0.050000 0.100000 -0.050000
v 0.006907 0.090000 0.040000
v -0.005180 0.004900 0.027965
v 0.005928 0.004900 0.028275
v 0.003981 0.004900 -0.031917
v 0.010000 0.007700 0.034500
v -0.006242 0.004900 -0.031467
v 0.050000 0.000000 0.050000
v 0.006242 0.004900 0.028533
v 0.008000 0.007700 0.034500
v -0.010000 0.007700 -0.025500
v -0.004775 0.004900 0.027925
v 0.006907 0.010000 -0.040000
v 0.006500 0.004900 0.028847
v 0.004370 0.004900 -0.032035
v 0.006907 0.090000 -0.040000
v 0.008000 0.007700 0.022550
v 0.040000 0.035214 0.040000
v -0.005928 0.004900 -0.031725
v 0.006692 0.004900 0.029206
v 0.050000 0.100000 0.050000
v -0.004370 0.004900 0.027965
v -0.008000 0.007700 -0.025500
v 0.050000 0.000000 -0.050000
v 0.010000 0.007700 0.025500
v 0.004775 0.004900 -0.032075
v 0.006810 0.004900 0.029595
v -0.003981 0.004900 0.028083
v 0.040000 0.035214 -0.040000
v 0.050000 0.100000 -0.050000
v 0.005180 0.004900 -0.032035
v 0.006850 0.004900 0.030000
v -0.040000 0.100000 0.040000
v 0.008000 0.007700 0.025500
v -0.005569 0.004900 -0.031917
v -0.003622 0.004900 0.028275
v 0.040000 0.100000 -0.040000
v 0.006810 0.004900 0.030405
v 0.008000 0.007700 -0.022550
v -0.040000 0.100000 -0.040000
v -0.003308 0.004900 0.028533
v 0.005569 0.004900 -0.031917
v 0.006692 0.004900 0.030794
v 0.040000 0.100000 0.040000
v -0.003050 0.004900 0.028847
v -0.050000 0.010000 0.040000
v -0.002858 0.004900 0.029206
v -0.050000 0.090000 -0.040000
v 0.006500 0.004900 0.031153
v -0.005180 0.004900 -0.032035
v -0.002740 0.004900 0.029595
v 0.005928 0.004900 -0.031725
v -0.002700 0.004900 0.030000
v 0.006242 0.004900 0.031467
v -0.050000 0.090000 0.040000
v -0.002740 0.004900 0.030405
v -0.050000 0.010000 -0.040000
v -0.002858 0.004900 0.030794
v 0.010000 0.007700 -0.025500
v -0.040000 0.090000 0.040000
v 0.005928 0.004900 0.031725
v 0.006242 0.004900 -0.031467
v -0.003050 0.004900 0.031153
v -0.040000 0.090000 -0.040000
v -0.003308 0.004900 0.031467
v 0.005569 0.004900 0.031917
v 0.008000 0.007700 -0.025500
v -0.004775 0.004900 -0.032075
v -0.003622 0.004900 0.031725
v 0.050000 0.010000 -0.040000
v -0.003981 0.004900 0.031917
v 0.050000 0.090000 0.040000
v 0.005180 0.004900 0.032035
v 0.006500 0.004900 -0.031153
v -0.004370 0.004900 0.032035
v 0.050000 0.090000 -0.040000
v -0.004775 0.004900 0.032075
v 0.050000 0.010000 0.040000
v 0.004775 0.004900 0.032075
v -0.005180 0.004900 0.032035
v 0.008000 0.007700 -0.037450
v 0.006692 0.004900 -0.030794
v -0.005569 0.004900 0.031917
v 0.004370 0.004900 0.032035
v 0.040000 0.062499 0.040000
v 0.040000 0.090000 0.040000
v -0.005928 0.004900 0.031725
v -0.004370 0.004900 -0.032035
v -0.006242 0.004900 0.031467
v 0.003981 0.004900 0.031917
v 0.040000 0.090000 -0.040000
v 0.010000 0.007700 -0.034500
v -0.006500 0.004900 0.031153
v 0.034892 0.090000 0.040000
v -0.006692 0.004900 0.030794
v 0.040000 0.010000 0.050000
v 0.003622 0.004900 0.031725
v -0.006810 0.004900 0.030405
v 0.006810 0.004900 -0.030405
v 0.003308 0.004900 0.031467
v -0.003981 0.004900 -0.031917
v -0.005825 0.004900 0.030000
v -0.040000 0.090000 0.050000
v -0.005805 0.004900 0.029795
v 0.040000 0.090000 0.050000
v -0.003805 0.004900 0.029598
v -0.040000 0.010000 0.050000
v 0.006850 0.004900 -0.030000
v 0.003050 0.004900 0.031153
v -0.005648 0.004900 0.029417
v 0.006907 0.010000 0.007338
v 0.008000 0.007700 -0.034500
v 0.002858 0.004900 0.030794
v -0.040000 0.010000 0.040000
v -0.003902 0.004900 0.029417
v -0.003622 0.004900 -0.031725
v -0.003745 0.004900 0.029795
v -0.005745 0.004900 0.029598
v 0.006810 0.004900 -0.029595
v 0.002740 0.004900 0.030405
v 0.012499 0.010000 0.007338
v 0.040000 0.010000 0.040000
v -0.004192 0.004900 0.029127
v -0.003308 0.004900 -0.031467
v -0.004033 0.004900 0.029258
v -0.026767 0.010000 0.007338
v -0.005358 0.004900 0.029127
v -0.004775 0.004900 0.028950
v -0.032267 0.010000 0.015071
v 0.006692 0.004900 -0.029206
v -0.004980 0.004900 0.028970
v -0.004373 0.004900 0.029030
v -0.040000 0.010000 -0.050000
v -0.004570 0.004900 0.028970
v -0.003050 0.004900 -0.031153
v -0.005177 0.004900 0.029030
v -0.002858 0.004900 -0.030794
v -0.005517 0.004900 0.029258
v 0.040000 0.090000 -0.050000
v 0.006500 0.004900 -0.028847
v -0.004775 0.004900 0.031050
v -0.004373 0.004900 0.030970
v -0.040000 0.090000 -0.050000
v -0.004570 0.004900 0.031030
v 0.040000 0.010000 -0.050000
v -0.002740 0.004900 -0.030405
v -0.004980 0.004900 0.031030
v -0.040000 0.010000 -0.040000
v -0.004192 0.004900 0.030873
v -0.002700 0.004900 -0.030000
v -0.005358 0.004900 0.030873
v 0.006907 0.010000 -0.039481
v -0.004033 0.004900 0.030742
v 0.006242 0.004900 -0.028533
v -0.005177 0.004900 0.030970
v -0.002740 0.004900 -0.029595
v -0.005745 0.004900 0.030402
v 0.006907 0.010000 -0.006387
v -0.003902 0.004900 0.030583
v 0.012499 0.010000 -0.006387
v -0.005648 0.004900 0.030583
v -0.002858 0.004900 -0.029206
v -0.005805 0.004900 0.030205
v -0.003725 0.004900 0.030000
v 0.040000 0.010000 -0.040000
v 0.005928 0.004900 -0.028275
v -0.003745 0.004900 0.030205
v 0.023372 0.010000 -0.006387
v -0.003805 0.004900 0.030402
v -0.003050 0.004900 -0.028847
v -0.005517 0.004900 0.030742
v 0.030722 0.010000 -0.015665
v -0.004775 0.007700 0.032075
v -0.003308 0.004900 -0.028533
v -0.004370 0.007700 0.032035
v 0.005569 0.004900 -0.028083
v -0.005180 0.007700 0.032035
v -0.003622 0.007700 0.031725
v 0.006691 0.010000 -0.039697
v 0.025070 0.010000 0.025070
v -0.003981 0.007700 0.031917
v -0.003622 0.004900 -0.028275
v -0.005569 0.007700 0.031917
v 0.012499 0.010000 0.012499
v -0.005928 0.007700 0.031725
v -0.003981 0.004900 -0.028083
v -0.004570 0.007700 0.031030
v 0.005180 0.004900 -0.027965
v -0.004980 0.007700 0.031030
v 0.003725 0.004900 0.030000
v -0.006387 0.010000 -0.006387
v -0.004775 0.007700 0.031050
v -0.002538 0.010000 -0.002538
v 0.003745 0.004900 0.029795
v -0.004370 0.004900 -0.027965
v -0.004373 0.007700 0.030970
v -0.004775 0.004900 -0.027925
v 0.004775 0.004900 -0.027925
v 0.005745 0.004900 0.029598
v -0.005177 0.007700 0.030970
v -0.005180 0.004900 -0.027965
v 0.003902 0.004900 0.029417
v -0.005569 0.004900 -0.028083
v 0.004370 0.004900 -0.027965
v -0.006242 0.007700 0.031467
v 0.005648 0.004900 0.029417
v -0.005928 0.004900 -0.028275
v -0.006500 0.007700 0.031153
v -0.006242 0.004900 -0.028533
v 0.005805 0.004900 0.029795
v 0.003981 0.004900 -0.028083
v -0.005358 0.007700 0.030873
v -0.006500 0.004900 -0.028847
v 0.003805 0.004900 0.029598
v -0.006692 0.004900 -0.029206
v -0.004033 0.007700 0.030742
v 0.003622 0.004900 -0.028275
v 0.005358 0.004900 0.029127
v -0.006810 0.004900 -0.029595
v -0.004192 0.007700 0.030873
v 0.003308 0.004900 -0.028533
v -0.005825 0.004900 -0.030000
v 0.005517 0.004900 0.029258
v -0.005805 0.004900 -0.030205
v 0.004192 0.004900 0.029127
v -0.003805 0.004900 -0.030402
v -0.005517 0.007700 0.030742
v -0.002700 0.007700 0.030000
v 0.003050 0.004900 -0.028847
v -0.005648 0.004900 -0.030583
v 0.004775 0.004900 0.028950
v 0.002858 0.004900 -0.029206
v 0.004570 0.004900 0.028970
v -0.003725 0.007700 0.030000
v -0.003902 0.004900 -0.030583
v -0.003745 0.007700 0.030205
v -0.003745 0.004900 -0.030205
v -0.005745 0.004900 -0.030402
v 0.005177 0.004900 0.029030
v 0.002740 0.004900 -0.029595
v 0.004980 0.004900 0.028970
v -0.004192 0.004900 -0.030873
v -0.005805 0.007700 0.030205
v -0.004033 0.004900 -0.030742
v -0.002740 0.007700 0.030405
v -0.005358 0.004900 -0.030873
v 0.004373 0.004900 0.029030
v 0.004033 0.004900 0.029258
v -0.004775 0.004900 -0.031050
v -0.004980 0.004900 -0.031030
v -0.003805 0.007700 0.030402
v 0.004775 0.004900 0.031050
v -0.004373 0.004900 -0.030970
v -0.004570 0.004900 -0.031030
v -0.005745 0.007700 0.030402
v -0.006810 0.007700 0.030405
v -0.005177 0.004900 -0.030970
v 0.005177 0.004900 0.030970
v -0.005517 0.004900 -0.030742
v -0.002858 0.007700 0.030794
v -0.004775 0.004900 -0.028950
v 0.004980 0.004900 0.031030
v -0.004373 0.004900 -0.029030
v 0.004570 0.004900 0.031030
v -0.004570 0.004900 -0.028970
v -0.004980 0.004900 -0.028970
v -0.003902 0.007700 0.030583
v -0.005648 0.007700 0.030583
v -0.004192 0.004900 -0.029127
v -0.005358 0.004900 -0.029127
v 0.005358 0.004900 0.030873
v -0.006692 0.007700 0.030794
v -0.004033 0.004900 -0.029258
v -0.005177 0.004900 -0.029030
v 0.004192 0.004900 0.030873
v -0.003050 0.007700 0.031153
v -0.005745 0.004900 -0.029598
v -0.003902 0.004900 -0.029417
v 0.005517 0.004900 0.030742
v -0.005648 0.004900 -0.029417
v -0.003308 0.007700 0.031467
v -0.005805 0.004900 -0.029795
v 0.004373 0.004900 0.030970
v -0.006850 0.007700 0.030000
v -0.003725 0.004900 -0.030000
v 0.003805 0.004900 0.030402
v -0.003745 0.004900 -0.029795
v -0.003805 0.004900 -0.029598
v -0.005825 0.007700 0.030000
v 0.005648 0.004900 0.030583
v -0.005517 0.004900 -0.029258
v -0.004775 0.007700 -0.027925
v -0.003745 0.007700 0.029795
v -0.004370 0.007700 -0.027965
v 0.003902 0.004900 0.030583
v -0.005180 0.007700 -0.027965
v 0.003745 0.004900 0.030205
v -0.003622 0.007700 -0.028275
v -0.005805 0.007700 0.029795
v -0.003981 0.007700 -0.028083
v -0.005745 0.007700 0.029598
v 0.005825 0.004900 0.030000
v -0.005569 0.007700 -0.028083
v -0.006810 0.007700 0.029595
v -0.005928 0.007700 -0.028275
v 0.005805 0.004900 0.030205
v -0.004570 0.007700 -0.028970
v -0.004980 0.007700 -0.028970
v -0.002740 0.007700 0.029595
v 0.005745 0.004900 0.030402
v 0.003725 0.004900 -0.030000
v -0.004775 0.007700 -0.028950
v -0.003805 0.007700 0.029598
v 0.004033 0.004900 0.030742
v 0.003745 0.004900 -0.030205
v -0.005517 0.007700 0.029258
v -0.004373 0.007700 -0.029030
v 0.005745 0.004900 -0.030402
v -0.004033 0.007700 0.029258
v -0.005358 0.007700 0.029127
v -0.005177 0.007700 -0.029030
v 0.003902 0.004900 -0.030583
v -0.002858 0.007700 0.029206
v -0.003902 0.007700 0.029417
v -0.006242 0.007700 -0.028533
v 0.005648 0.004900 -0.030583
v -0.004192 0.007700 0.029127
v -0.006500 0.007700 -0.028847
v -0.005648 0.007700 0.029417
v -0.006692 0.007700 0.029206
v 0.005805 0.004900 -0.030205
v -0.005358 0.007700 -0.029127
v -0.004570 0.007700 0.028970
v 0.003805 0.004900 -0.030402
v -0.004980 0.007700 0.028970
v -0.004775 0.007700 0.028950
v -0.004033 0.007700 -0.029258
v -0.004775 0.007700 0.027925
v 0.005358 0.004900 -0.030873
v -0.004370 0.007700 0.027965
v -0.004192 0.007700 -0.029127
v 0.005517 0.004900 -0.030742
v -0.005180 0.007700 0.027965
v 0.004192 0.004900 -0.030873
v -0.003622 0.007700 0.028275
v -0.005517 0.007700 -0.029258
v -0.003981 0.007700 0.028083
v -0.005569 0.007700 0.028083
v -0.002700 0.007700 -0.030000
v 0.004775 0.004900 -0.031050
v -0.005928 0.007700 0.028275
v -0.003050 0.007700 0.028847
v 0.004570 0.004900 -0.031030
v -0.003308 0.007700 0.028533
v -0.003725 0.007700 -0.030000
v -0.004373 0.007700 0.029030
v -0.003745 0.007700 -0.029795
v 0.005177 0.004900 -0.030970
v -0.005177 0.007700 0.029030
v -0.006242 0.007700 0.028533
v 0.004980 0.004900 -0.031030
v -0.005805 0.007700 -0.029795
v -0.006500 0.007700 0.028847
v -0.002740 0.007700 -0.029595
v 0.005088 0.007700 0.032044
v 0.005180 0.007700 0.032035
v 0.004373 0.004900 -0.030970
v 0.005928 0.007700 0.031725
v 0.004033 0.004900 -0.030742
v -0.003805 0.007700 -0.029598
v 0.005569 0.007700 0.031917
v 0.004775 0.004900 -0.028950
v 0.004775 0.007700 0.031050
v 0.006500 0.007700 0.031153
v -0.005745 0.007700 -0.029598
v -0.006810 0.007700 -0.029595
v 0.006242 0.007700 0.031467
v 0.005177 0.004900 -0.029030
v 0.004192 0.007700 0.030873
v -0.002858 0.007700 -0.029206
v 0.005177 0.007700 0.030970
v 0.004980 0.004900 -0.028970
v 0.004373 0.007700 0.030970
v 0.006692 0.007700 0.030794
v 0.004570 0.004900 -0.028970
v -0.003902 0.007700 -0.029417
v 0.005358 0.007700 0.030873
v -0.005648 0.007700 -0.029417
v 0.004980 0.007700 0.031030
v 0.005358 0.004900 -0.029127
v 0.004570 0.007700 0.031030
v -0.006692 0.007700 -0.029206
v 0.005517 0.007700 0.030742
v 0.006810 0.007700 0.030405
v 0.004192 0.004900 -0.029127
v -0.003050 0.007700 -0.028847
v 0.005745 0.007700 0.030402
v 0.005517 0.004900 -0.029258
v 0.005648 0.007700 0.030583
v 0.003902 0.007700 0.030583
v -0.003308 0.007700 -0.028533
v 0.005805 0.007700 0.030205
v 0.004373 0.004900 -0.029030
v 0.003745 0.007700 0.030205
v -0.006850 0.007700 -0.030000
v 0.003805 0.004900 -0.029598
v 0.005825 0.007700 0.030000
v -0.005825 0.007700 -0.030000
v 0.006850 0.007700 0.030000
v 0.002700 0.007700 0.030000
v 0.005648 0.004900 -0.029417
v -0.003745 0.007700 -0.030205
v 0.003725 0.007700 0.030000
v 0.003805 0.007700 0.030402
v 0.003902 0.004900 -0.029417
v 0.003745 0.004900 -0.029795
v 0.002740 0.007700 0.030405
v -0.005805 0.007700 -0.030205
v 0.004033 0.007700 0.030742
v 0.002858 0.007700 0.030794
v -0.005745 0.007700 -0.030402
v 0.005825 0.004900 -0.030000
v 0.005745 0.007700 0.029598
v 0.005805 0.007700 0.029795
v -0.006810 0.007700 -0.030405
v 0.005805 0.004900 -0.029795
v 0.006810 0.007700 0.029595
v -0.002740 0.007700 -0.030405
v 0.005648 0.007700 0.029417
v 0.003805 0.007700 0.029598
v 0.005745 0.004900 -0.029598
v -0.003805 0.007700 -0.030402
v 0.002740 0.007700 0.029595
v 0.004033 0.004900 -0.029258
v 0.003745 0.007700 0.029795
v -0.005517 0.007700 -0.030742
v 0.004192 0.007700 0.029127
v -0.004033 0.007700 -0.030742
v 0.005358 0.007700 0.029127
v 0.004033 0.007700 0.029258
v -0.005358 0.007700 -0.030873
v -0.002858 0.007700 -0.030794
v 0.006692 0.007700 0.029206
v -0.003902 0.007700 -0.030583
v 0.005517 0.007700 0.029258
v -0.004192 0.007700 -0.030873
v 0.003902 0.007700 0.029417
v 0.002858 0.007700 0.029206
v -0.005648 0.007700 -0.030583
v 0.004775 0.007700 0.028950
v -0.006692 0.007700 -0.030794
v -0.004570 0.007700 -0.031030
v 0.004980 0.007700 0.028970
v 0.004570 0.007700 0.028970
v -0.004980 0.007700 -0.031030
v -0.004775 0.007700 -0.031050
v 0.004775 0.007700 0.027925
v -0.004775 0.007700 -0.032075
v 0.005180 0.007700 0.027965
v -0.004370 0.007700 -0.032035
v 0.004370 0.007700 0.027965
v 0.005928 0.007700 0.028275
v -0.005180 0.007700 -0.032035
v -0.003622 0.007700 -0.031725
v 0.005569 0.007700 0.028083
v -0.003981 0.007700 -0.031917
v 0.003981 0.007700 0.028083
v -0.005569 0.007700 -0.031917
v 0.003622 0.007700 0.028275
v -0.005928 0.007700 -0.031725
v 0.006500 0.007700 0.028847
v -0.003050 0.007700 -0.031153
v 0.006242 0.007700 0.028533
v -0.003308 0.007700 -0.031467
v 0.003308 0.007700 0.028533
v 0.003050 0.007700 0.028847
v -0.004373 0.007700 -0.030970
v 0.005177 0.007700 0.029030
v -0.005177 0.007700 -0.030970
v -0.006242 0.007700 -0.031467
v 0.004373 0.007700 0.029030
v 0.004775 0.007700 0.032075
v -0.006500 0.007700 -0.031153
v 0.004370 0.007700 0.032035
v 0.005088 0.007700 -0.027956
v 0.005180 0.007700 -0.027965
v 0.003622 0.007700 0.031725
v 0.005928 0.007700 -0.028275
v 0.003050 0.007700 0.031153
v 0.005569 0.007700 -0.028083
v 0.003308 0.007700 0.031467
v 0.004775 0.007700 -0.028950
v 0.003981 0.007700 0.031917
v 0.006500 0.007700 -0.028847
v 0.006242 0.007700 -0.028533
v 0.004192 0.007700 -0.029127
v 0.005177 0.007700 -0.029030
v 0.004373 0.007700 -0.029030
v 0.006692 0.007700 -0.029206
v 0.005358 0.007700 -0.029127
v 0.004980 0.007700 -0.028970
v 0.004570 0.007700 -0.028970
v 0.005517 0.007700 -0.029258
v 0.006810 0.007700 -0.029595
v 0.005745 0.007700 -0.029598
v 0.005648 0.007700 -0.029417
v 0.003902 0.007700 -0.029417
v 0.005805 0.007700 -0.029795
v 0.003745 0.007700 -0.029795
v 0.005825 0.007700 -0.030000
v 0.006850 0.007700 -0.030000
v 0.002700 0.007700 -0.030000
v 0.003725 0.007700 -0.030000
v 0.003805 0.007700 -0.029598
v 0.002740 0.007700 -0.029595
v 0.004033 0.007700 -0.029258
v 0.002858 0.007700 -0.029206
v 0.005745 0.007700 -0.030402
v 0.005805 0.007700 -0.030205
v 0.006810 0.007700 -0.030405
v 0.005648 0.007700 -0.030583
v 0.003805 0.007700 -0.030402
v 0.002740 0.007700 -0.030405
v 0.003745 0.007700 -0.030205
v 0.004192 0.007700 -0.030873
v 0.005358 0.007700 -0.030873
v 0.004033 0.007700 -0.030742
v 0.006692 0.007700 -0.030794
v 0.005517 0.007700 -0.030742
v 0.003902 0.007700 -0.030583
v 0.002858 0.007700 -0.030794
v 0.004775 0.007700 -0.031050
v 0.004980 0.007700 -0.031030
v 0.004570 0.007700 -0.031030
v 0.004775 0.007700 -0.032075
v 0.005180 0.007700 -0.032035
v 0.004370 0.007700 -0.032035
v 0.005928 0.007700 -0.031725
v 0.005569 0.007700 -0.031917
v 0.003981 0.007700 -0.031917
v 0.003622 0.007700 -0.031725
v 0.006500 0.007700 -0.031153
v 0.006242 0.007700 -0.031467
v 0.003308 0.007700 -0.031467
v 0.003050 0.007700 -0.031153
v 0.005177 0.007700 -0.030970
v 0.004373 0.007700 -0.030970
v 0.004775 0.007700 -0.027925
v 0.004370 0.007700 -0.027965
v 0.003622 0.007700 -0.028275
v 0.003050 0.007700 -0.028847
v 0.003308 0.007700 -0.028533
v 0.003981 0.007700 -0.028083
v -0.010000 0.010000 -0.034500
v -0.008000 0.010000 -0.034500
v -0.008000 0.010000 -0.037450
v 0.006907 0.010000 -0.022550
v 0.006907 0.010000 -0.037450
v -0.010000 0.010000 -0.025500
v -0.008000 0.010000 -0.022550
v -0.008000 0.010000 -0.025500
v 0.008000 0.010000 -0.022550
v 0.008000 0.010000 -0.034500
v 0.008000 0.010000 -0.037450
v 0.008000 0.010000 -0.025500
v 0.010000 0.010000 -0.025500
v 0.010000 0.010000 -0.034500
v -0.010000 0.010000 0.034500
v -0.010000 0.010000 0.025500
v -0.008000 0.010000 0.025500
v -0.008000 0.010000 0.022550
v -0.008000 0.010000 0.037450
v -0.008000 0.010000 0.034500
v 0.006907 0.010000 0.037450
v 0.006907 0.010000 0.022550
v 0.008000 0.010000 0.037450
v 0.010000 0.010000 0.025500
v 0.010000 0.010000 0.034500
v 0.008000 0.010000 0.025500
v 0.008000 0.010000 0.034500
v 0.008000 0.010000 0.022550
v -0.025000 0.010000 -0.015000
v -0.025000 0.010000 -0.020000
v -0.022500 0.010000 -0.015000
v -0.022500 0.010000 -0.017500
v -0.020000 0.010000 -0.017500
v -0.020000 0.010000 -0.020000
v 0.020000 0.010000 -0.017500
v 0.020000 0.010000 -0.020000
v 0.022500 0.010000 -0.015000
v 0.022500 0.010000 -0.017500
v 0.025000 0.010000 -0.020000
v 0.025000 0.010000 -0.015000
v -0.025000 0.010000 0.020000
v -0.022500 0.010000 0.017500
v -0.025000 0.010000 0.015000
v -0.022500 0.010000 0.015000
v -0.020000 0.010000 0.020000
v -0.020000 0.010000 0.017500
v 0.023160 0.010000 0.020000
v 0.022500 0.010000 0.017500
v 0.022500 0.010000 0.015000
v 0.025000 0.010000 0.015000
v 0.025000 0.010000 0.020000
v 0.020000 0.010000 0.017919
v 0.020000 0.010000 0.020000
v 0.020000 0.010000 0.017500
v -0.050000 0.008250 0.012859
v -0.050000 0.008250 0.018000
v -0.050000 0.008250 -0.012859
v -0.050000 0.008250 -0.018000
v -0.050000 0.001750 0.018000
v -0.050000 0.001750 -0.018000
v -0.040000 0.010000 0.005615
v -0.040000 0.010000 -0.005615
v -0.042954 0.010000 0.005615
v -0.042954 0.010000 -0.005615
v -0.031046 0.010000 0.005615
v -0.031046 0.010000 -0.005615
v -0.025000 0.008250 -0.018000
v -0.025000 0.007500 -0.018000
v -0.025000 0.008250 -0.015000
v -0.020000 0.008250 -0.018000
v -0.020000 0.007500 -0.018000
v -0.020000 0.008250 -0.017500
v -0.022500 0.008250 -0.015000
v -0.022500 0.008250 -0.017500
v 0.020000 0.007500 -0.018000
v 0.020000 0.008250 -0.018000
v 0.020000 0.008250 -0.017500
v 0.025000 0.008250 -0.015000
v 0.025000 0.008250 -0.018000
v 0.025000 0.008250 -0.018000
v 0.025000 0.007500 -0.018000
v 0.022500 0.008250 -0.015000
v 0.022500 0.008250 -0.017500
v 0.022500 0.008250 -0.017448
v -0.025000 0.007500 0.018000
v -0.025000 0.008250 0.018000
v -0.025000 0.008250 0.015000
v -0.022500 0.008250 0.015000
v -0.020000 0.007500 0.018000
v -0.020000 0.008250 0.018000
v -0.020000 0.008250 0.017500
v -0.022500 0.008250 0.017500
v 0.020000 0.007500 0.018000
v 0.020000 0.008250 0.018000
v 0.020000 0.008250 0.017500
v 0.022500 0.008250 0.015000
v 0.025000 0.008250 0.015000
v 0.025000 0.007500 0.018000
v 0.025000 0.008250 0.018000
v 0.025000 0.008250 0.018000
v 0.022500 0.008250 0.017448
v 0.022500 0.008250 0.017500
vn -1.0000 -0.0000 -0.0000
vn -0.0000 -0.0000 -1.0000
vn 1.0000 -0.0000 -0.0000
vn -0.0000 -0.0000 1.0000
vn -0.0000 -1.0000 -0.0000
vn -0.0000 1.0000 -0.0000
vn -0.8944 0.4472 -0.0000
vn 0.9952 -0.0000 0.0980
vn 0.9569 -0.0000 0.2903
vn 0.8819 -0.0000 0.4714
vn 0.7730 -0.0000 0.6344
vn 0.6344 -0.0000 0.7730
vn 0.4714 -0.0000 0.8819
vn 0.2903 -0.0000 0.9569
vn 0.0980 -0.0000 0.9952
vn -0.0980 -0.0000 0.9952
vn -0.2903 -0.0000 0.9569
vn -0.4714 -0.0000 0.8819
vn -0.6344 -0.0000 0.7730
vn -0.7730 -0.0000 0.6344
vn -0.8819 -0.0000 0.4714
vn -0.9569 -0.0000 0.2903
vn -0.9952 -0.0000 0.0980
vn -0.9952 -0.0000 -0.0980
vn -0.9569 -0.0000 -0.2903
vn -0.8819 -0.0000 -0.4714
vn -0.7730 -0.0000 -0.6344
vn -0.6344 -0.0000 -0.7730
vn -0.4714 -0.0000 -0.8819
vn -0.2903 -0.0000 -0.9569
vn -0.0980 -0.0000 -0.9952
vn 0.0980 -0.0000 -0.9952
vn 0.2903 -0.0000 -0.9569
vn 0.4714 -0.0000 -0.8819
vn 0.6344 -0.0000 -0.7730
vn 0.7730 -0.0000 -0.6344
vn 0.8819 -0.0000 -0.4714
vn 0.9569 -0.0000 -0.2903
vn 0.9952 -0.0000 -0.0980
vn -0.9701 0.2425 -0.0000
vn -0.0001 1.0000 -0.0000
vn 0.0001 1.0000 -0.0000
vn -0.0005 1.0000 -0.0000
vn 0.0624 0.9981 -0.0000
vn 0.9954 -0.0956 -0.0000
vt 0.000000 0.000000
vt 0.000000 0.000000
vt 0.827980 0.702980
vt 0.000000 0.000000
vt 0.827980 0.547020
vt 0.375000 0.000000
vt 0.375000 1.000000
vt 0.125000 0.750000
vt 0.375000 0.750000
vt 0.000000 0.000000
vt 0.672020 0.702980
vt 0.375000 0.500000
vt 0.672020 0.547020
vt 0.000000 0.000000
vt 0.625000 0.500000
vt 0.000000 0.500000
vt 1.000000 0.500000
vt 0.750000 0.490000
vt 0.625000 0.750000
vt 0.000000 0.000000
vt 0.000000 0.500000
vt 1.000000 0.500000
vt 0.750000 0.490000
vt 0.000000 0.000000
vt 0.000000 0.500000
vt 1.000000 0.500000
vt 0.750000 0.490000
vt 0.228417 0.605039
vt 0.000000 0.000000
vt 0.375000 0.299497
vt 0.325503 0.500000
vt 0.440000 0.000000
vt 0.000000 0.500000
vt 1.000000 0.500000
vt 0.750000 0.490000
vt 0.125000 0.750000
vt 0.289059 0.602068
vt 0.968750 0.500000
vt 0.796822 0.485388
vt 0.546207 0.144961
vt 0.375000 0.299497
vt 0.325503 0.500000
vt 0.440000 0.000000
vt 0.937500 0.500000
vt 0.841844 0.471731
vt 0.968750 0.500000
vt 0.796822 0.485388
vt 0.546207 0.835941
vt 0.710941 0.602068
vt 0.968750 0.500000
vt 0.796822 0.485388
vt 0.375000 0.725000
vt 0.375000 0.525000
vt 0.440000 0.963125
vt 0.228417 0.647932
vt 0.906250 0.500000
vt 0.883337 0.449553
vt 0.325503 0.525000
vt 0.440000 0.000000
vt 0.440000 0.963125
vt 0.937500 0.500000
vt 0.841844 0.471731
vt 0.937500 0.500000
vt 0.841844 0.471731
vt 0.210941 0.605039
vt 0.968750 0.500000
vt 0.796822 0.485388
vt 0.875000 0.500000
vt 0.919706 0.419706
vt 0.453793 0.896583
vt 0.453793 0.147932
vt 0.375000 0.725000
vt 0.375000 0.525000
vt 0.440000 0.963125
vt 0.843750 0.500000
vt 0.949553 0.383337
vt 0.546207 0.605039
vt 0.789059 0.605039
vt 0.906250 0.500000
vt 0.883337 0.449553
vt 0.546207 0.102068
vt 0.771583 0.647932
vt 0.906250 0.500000
vt 0.883337 0.449553
vt 0.375000 0.025000
vt 0.125000 0.525000
vt 0.440000 0.786875
vt 0.325503 0.525000
vt 0.440000 0.000000
vt 0.440000 0.963125
vt 0.625000 0.000000
vt 0.625000 1.000000
vt 0.875000 0.750000
vt 0.812500 0.500000
vt 0.971731 0.341844
vt 0.875000 0.500000
vt 0.919706 0.419706
vt 0.937500 0.500000
vt 0.841844 0.471731
vt 0.375000 0.299497
vt 0.174497 0.500000
vt 0.440000 0.725000
vt 0.125000 0.500000
vt 0.289059 0.644961
vt 0.125000 0.500000
vt 0.375000 0.250000
vt 0.781250 0.500000
vt 0.985388 0.296822
vt 0.843750 0.500000
vt 0.949553 0.383337
vt 0.875000 0.500000
vt 0.919706 0.419706
vt 0.210941 0.647932
vt 0.440000 0.725000
vt 0.174497 0.525000
vt 0.440000 0.786875
vt 0.750000 0.500000
vt 0.990000 0.250000
vt 0.546207 0.647932
vt 0.789059 0.647932
vt 0.546207 0.414059
vt 0.843750 0.500000
vt 0.949553 0.383337
vt 0.718750 0.500000
vt 0.985388 0.203178
vt 0.906250 0.500000
vt 0.883337 0.449553
vt 0.812500 0.500000
vt 0.971731 0.341844
vt 0.453793 0.353417
vt 0.453793 0.105039
vt 0.375000 0.025000
vt 0.125000 0.725000
vt 0.440000 0.463125
vt 0.375000 0.025000
vt 0.125000 0.525000
vt 0.440000 0.786875
vt 0.687500 0.500000
vt 0.971731 0.158156
vt 0.375000 0.750000
vt 0.271583 0.602068
vt 0.625000 0.250000
vt 0.875000 0.500000
vt 0.546207 0.853417
vt 0.728417 0.602068
vt 0.781250 0.500000
vt 0.985388 0.296822
vt 0.656250 0.500000
vt 0.949553 0.116663
vt 0.812500 0.500000
vt 0.971731 0.341844
vt 0.440000 0.525000
vt 0.375000 0.799497
vt 0.174497 0.750000
vt 0.875000 0.500000
vt 0.919706 0.419706
vt 0.375000 0.750000
vt 0.625000 0.500000
vt 0.919706 0.080294
vt 0.440000 0.463125
vt 0.174497 0.725000
vt 0.440000 0.525000
vt 0.375000 0.299497
vt 0.174497 0.500000
vt 0.440000 0.725000
vt 0.750000 0.500000
vt 0.990000 0.250000
vt 0.375000 0.500000
vt 0.271583 0.644960
vt 0.593750 0.500000
vt 0.883337 0.050447
vt 0.781250 0.500000
vt 0.985388 0.296822
vt 0.546207 0.396583
vt 0.728417 0.644961
vt 0.440000 0.250000
vt 0.375000 0.725000
vt 0.453793 0.914059
vt 0.453793 0.602068
vt 0.843750 0.500000
vt 0.949553 0.383337
vt 0.562500 0.500000
vt 0.841844 0.028269
vt 0.625000 0.750000
vt 0.718750 0.500000
vt 0.985388 0.203178
vt 0.440000 0.725000
vt 0.174497 0.525000
vt 0.440000 0.786875
vt 0.375000 0.500000
vt 0.375000 0.799497
vt 0.325503 0.750000
vt 0.440000 0.225000
vt 0.750000 0.500000
vt 0.990000 0.250000
vt 0.531250 0.500000
vt 0.796822 0.014612
vt 0.687500 0.500000
vt 0.971731 0.158156
vt 0.453793 0.335941
vt 0.453793 0.644961
vt 0.625000 0.500000
vt 0.718750 0.500000
vt 0.985388 0.203178
vt 0.500000 0.500000
vt 0.750000 0.010000
vt 0.850000 0.725000
vt 0.577457 0.000000
vt 0.577457 1.000000
vt 0.325503 0.725000
vt 0.440000 0.225000
vt 0.440000 0.250000
vt 0.812500 0.500000
vt 0.971731 0.341844
vt 0.656250 0.500000
vt 0.949553 0.116663
vt 0.650000 0.525000
vt 0.577457 0.500000
vt 0.468750 0.500000
vt 0.703178 0.014612
vt 0.375000 0.025000
vt 0.125000 0.725000
vt 0.440000 0.463125
vt 0.850000 0.525000
vt 0.577457 0.250000
vt 0.625000 0.500000
vt 0.919706 0.080294
vt 0.687500 0.500000
vt 0.971731 0.158156
vt 0.437500 0.500000
vt 0.658156 0.028269
vt 0.650000 0.725000
vt 0.577457 0.750000
vt 0.593750 0.500000
vt 0.883337 0.050447
vt 0.400000 0.025000
vt 0.375000 0.927833
vt 0.197167 0.750000
vt 0.562500 0.500000
vt 0.841844 0.028269
vt 0.600000 0.225000
vt 0.625000 0.322167
vt 0.802833 0.500000
vt 0.406250 0.500000
vt 0.616663 0.050447
vt 0.781250 0.500000
vt 0.985388 0.296822
vt 0.531250 0.500000
vt 0.796822 0.014612
vt 0.656250 0.500000
vt 0.949553 0.116663
vt 0.500000 0.500000
vt 0.750000 0.010000
vt 0.375000 0.500000
vt 0.580294 0.080294
vt 0.600000 0.025000
vt 0.625000 0.927833
vt 0.802833 0.750000
vt 0.468750 0.500000
vt 0.703178 0.014612
vt 0.400000 0.225000
vt 0.375000 0.322167
vt 0.197167 0.500000
vt 0.437500 0.500000
vt 0.658156 0.028269
vt 0.440000 0.525000
vt 0.375000 0.799497
vt 0.174497 0.750000
vt 0.546207 0.000000
vt 0.546207 1.000000
vt 0.625000 0.896583
vt 0.771583 0.750000
vt 0.625000 0.147932
vt 0.875000 0.602068
vt 0.343750 0.500000
vt 0.550447 0.116663
vt 0.625000 0.500000
vt 0.919706 0.080294
vt 0.406250 0.500000
vt 0.616663 0.050447
vt 0.546207 0.250000
vt 0.625000 0.353417
vt 0.771583 0.500000
vt 0.625000 0.105039
vt 0.875000 0.644961
vt 0.375000 0.500000
vt 0.580294 0.080294
vt 0.312500 0.500000
vt 0.528269 0.158156
vt 0.440000 0.463125
vt 0.174497 0.725000
vt 0.440000 0.525000
vt 0.750000 0.500000
vt 0.990000 0.250000
vt 0.343750 0.500000
vt 0.550447 0.116663
vt 0.400000 0.525000
vt 0.375000 0.367191
vt 0.242191 0.500000
vt 0.312500 0.500000
vt 0.528269 0.158156
vt 0.600000 0.725000
vt 0.625000 0.882809
vt 0.757809 0.750000
vt 0.281250 0.500000
vt 0.514612 0.203178
vt 0.593750 0.500000
vt 0.883337 0.050447
vt 0.281250 0.500000
vt 0.514612 0.203178
vt 0.600000 0.525000
vt 0.625000 0.367191
vt 0.757809 0.500000
vt 0.250000 0.500000
vt 0.510000 0.250000
vt 0.400000 0.725000
vt 0.375000 0.882809
vt 0.242191 0.750000
vt 0.250000 0.500000
vt 0.510000 0.250000
vt 0.218750 0.500000
vt 0.514612 0.296822
vt 0.440000 0.250000
vt 0.375000 0.725000
vt 0.562500 0.500000
vt 0.841844 0.028269
vt 0.187500 0.500000
vt 0.528269 0.341844
vt 0.218750 0.500000
vt 0.514612 0.296822
vt 0.539059 0.914059
vt 0.539059 0.602068
vt 0.546207 0.750000
vt 0.625000 0.914059
vt 0.789059 0.750000
vt 0.625000 0.602068
vt 0.156250 0.500000
vt 0.550447 0.383337
vt 0.718750 0.500000
vt 0.985388 0.203178
vt 0.125000 0.500000
vt 0.580294 0.419706
vt 0.187500 0.500000
vt 0.528269 0.341844
vt 0.546207 0.500000
vt 0.625000 0.335941
vt 0.789059 0.500000
vt 0.625000 0.644961
vt 0.375000 0.799497
vt 0.325503 0.750000
vt 0.440000 0.225000
vt 0.093750 0.500000
vt 0.616663 0.449553
vt 0.546207 0.765963
vt 0.640963 0.602068
vt 0.062500 0.500000
vt 0.658156 0.471731
vt 0.400000 0.775000
vt 0.375000 0.633318
vt 0.156250 0.500000
vt 0.550447 0.383337
vt 0.031250 0.500000
vt 0.703178 0.485388
vt 0.531250 0.500000
vt 0.796822 0.014612
vt 0.125000 0.500000
vt 0.580294 0.419706
vt 0.687500 0.500000
vt 0.971731 0.158156
vt 0.750000 0.371446
vt 1.000000 0.641092
vt 0.000000 0.641092
vt 0.600000 0.975000
vt 0.625000 0.116682
vt 0.875000 0.633318
vt 0.773693 0.369112
vt 0.968750 0.641092
vt 0.600000 0.775000
vt 0.625000 0.633318
vt 0.796475 0.137799
vt 0.562500 0.641092
vt 0.400000 0.975000
vt 0.375000 0.116682
vt 0.125000 0.633318
vt 0.500000 0.500000
vt 0.750000 0.010000
vt 0.093750 0.500000
vt 0.616663 0.449553
vt 0.817472 0.350979
vt 0.906250 0.641092
vt 0.375000 0.647932
vt 0.271583 0.500000
vt 0.271583 0.647932
vt 0.325503 0.725000
vt 0.440000 0.225000
vt 0.440000 0.250000
vt 0.062500 0.500000
vt 0.658156 0.471731
vt 0.375000 0.896583
vt 0.228417 0.750000
vt 0.375000 0.147932
vt 0.125000 0.602068
vt 0.817472 0.149022
vt 0.593750 0.641092
vt 0.656250 0.500000
vt 0.949553 0.116663
vt 0.773693 0.130888
vt 0.531250 0.641092
vt 0.796475 0.362201
vt 0.937500 0.641092
vt 0.468750 0.500000
vt 0.703178 0.014612
vt 0.031250 0.500000
vt 0.703178 0.485388
vt 0.289059 0.647932
vt 0.125000 0.647932
vt 0.289059 0.500000
vt 0.375000 0.914059
vt 0.210941 0.750000
vt 0.375000 0.602068
vt 0.850978 0.182528
vt 0.656250 0.641092
vt 0.625000 0.500000
vt 0.919706 0.080294
vt 0.835875 0.164125
vt 0.625000 0.641092
vt 0.269771 0.647932
vt 0.850978 0.317472
vt 0.843750 0.641092
vt 0.871446 0.250000
vt 0.750000 0.641092
vt 0.252582 0.672097
vt 0.437500 0.500000
vt 0.658156 0.028269
vt 0.869112 0.273693
vt 0.781250 0.641092
vt 0.862201 0.203525
vt 0.687500 0.641092
vt 0.400000 0.275000
vt 0.375000 0.136289
vt 0.125000 0.613711
vt 0.869112 0.226307
vt 0.718750 0.641092
vt 0.593750 0.500000
vt 0.883337 0.050447
vt 0.862201 0.296475
vt 0.812500 0.641092
vt 0.562500 0.500000
vt 0.841844 0.028269
vt 0.835875 0.335875
vt 0.875000 0.641092
vt 0.600000 0.475000
vt 0.625000 0.613711
vt 0.406250 0.500000
vt 0.616663 0.050447
vt 0.628554 0.250000
vt 0.250000 0.641092
vt 0.637799 0.203525
vt 0.312500 0.641092
vt 0.600000 0.275000
vt 0.625000 0.136289
vt 0.875000 0.613711
vt 0.630888 0.226307
vt 0.281250 0.641092
vt 0.400000 0.475000
vt 0.375000 0.613711
vt 0.531250 0.500000
vt 0.796822 0.014612
vt 0.630888 0.273693
vt 0.218750 0.641092
vt 0.375000 0.353417
vt 0.228417 0.500000
vt 0.375000 0.105039
vt 0.125000 0.644961
vt 0.649022 0.182528
vt 0.343750 0.641092
vt 0.500000 0.500000
vt 0.750000 0.010000
vt 0.649022 0.317472
vt 0.156250 0.641092
vt 0.375000 0.501623
vt 0.271583 0.646583
vt 0.664125 0.164125
vt 0.375000 0.641092
vt 0.375000 0.500000
vt 0.580294 0.080294
vt 0.637799 0.296475
vt 0.187500 0.641092
vt 0.468750 0.500000
vt 0.703178 0.014612
vt 0.703525 0.362201
vt 0.062500 0.641092
vt 0.375000 0.605039
vt 0.271583 0.750000
vt 0.271583 0.605039
vt 0.682528 0.149022
vt 0.406250 0.641092
vt 0.125000 0.605039
vt 0.289059 0.750000
vt 0.289059 0.605039
vt 0.682528 0.350978
vt 0.093750 0.641092
vt 0.437500 0.500000
vt 0.658156 0.028269
vt 0.726307 0.369112
vt 0.031250 0.641092
vt 0.750000 0.128554
vt 0.500000 0.641092
vt 0.375000 0.335941
vt 0.210941 0.500000
vt 0.375000 0.644961
vt 0.343750 0.500000
vt 0.550447 0.116663
vt 0.726307 0.130888
vt 0.468750 0.641092
vt 0.158979 0.605039
vt 0.703525 0.137799
vt 0.437500 0.641092
vt 0.406250 0.500000
vt 0.616663 0.050447
vt 0.664125 0.335875
vt 0.125000 0.641092
vt 0.181948 0.576046
vt 0.215185 0.565313
vt 0.250000 1.000000
vt 0.375000 0.500000
vt 0.580294 0.080294
vt 0.215854 0.570373
vt 0.281250 1.000000
vt 0.312500 0.500000
vt 0.528269 0.158156
vt 0.215854 0.560252
vt 0.218750 1.000000
vt 0.221052 0.579723
vt 0.343750 1.000000
vt 0.374326 0.500948
vt 0.164285 0.703343
vt 0.217835 0.575238
vt 0.312500 1.000000
vt 0.343750 0.500000
vt 0.550447 0.116663
vt 0.217835 0.555387
vt 0.187500 1.000000
vt 0.125000 0.664059
vt 0.289059 0.516127
vt 0.221052 0.550902
vt 0.156250 1.000000
vt 0.312500 0.500000
vt 0.528269 0.158156
vt 0.232721 0.567873
vt 0.281250 0.858908
vt 0.281250 0.500000
vt 0.514612 0.203178
vt 0.232721 0.562752
vt 0.218750 0.858908
vt 0.750000 0.371446
vt 1.000000 0.641092
vt 0.000000 0.641092
vt 0.333456 0.605039
vt 0.232383 0.565313
vt 0.250000 0.858908
vt 0.345486 0.617069
vt 0.773693 0.369112
vt 0.968750 0.641092
vt 0.281250 0.500000
vt 0.514612 0.203178
vt 0.233724 0.570335
vt 0.312500 0.858908
vt 0.250000 0.500000
vt 0.510000 0.250000
vt 0.250000 0.500000
vt 0.510000 0.250000
vt 0.796475 0.137799
vt 0.562500 0.641092
vt 0.233724 0.560290
vt 0.187500 0.858908
vt 0.218750 0.500000
vt 0.514612 0.296822
vt 0.817472 0.350979
vt 0.906250 0.641092
vt 0.187500 0.500000
vt 0.528269 0.341844
vt 0.218750 0.500000
vt 0.514612 0.296822
vt 0.225382 0.546972
vt 0.125000 1.000000
vt 0.817472 0.149022
vt 0.593750 0.641092
vt 0.156250 0.500000
vt 0.550447 0.383337
vt 0.230658 0.543746
vt 0.093750 1.000000
vt 0.125000 0.500000
vt 0.580294 0.419706
vt 0.773693 0.130888
vt 0.531250 0.641092
vt 0.187500 0.500000
vt 0.528269 0.341844
vt 0.235352 0.558021
vt 0.156250 0.858908
vt 0.093750 0.500000
vt 0.616663 0.449553
vt 0.796475 0.362201
vt 0.937500 0.641092
vt 0.062500 0.500000
vt 0.658156 0.471731
vt 0.237543 0.574593
vt 0.375000 0.858908
vt 0.156250 0.500000
vt 0.550447 0.383337
vt 0.850978 0.182528
vt 0.656250 0.641092
vt 0.031250 0.500000
vt 0.703178 0.485388
vt 0.235352 0.572604
vt 0.343750 0.858908
vt 0.125000 0.500000
vt 0.580294 0.419706
vt 0.750000 0.371446
vt 1.000000 0.641092
vt 0.000000 0.641092
vt 0.835875 0.164125
vt 0.625000 0.641092
vt 0.773693 0.369112
vt 0.968750 0.641092
vt 0.850978 0.317472
vt 0.843750 0.641092
vt 0.796475 0.137799
vt 0.562500 0.641092
vt 0.237543 0.556032
vt 0.125000 0.858908
vt 0.250000 0.591250
vt 0.500000 1.000000
vt 0.093750 0.500000
vt 0.616663 0.449553
vt 0.817472 0.350979
vt 0.906250 0.641092
vt 0.871446 0.250000
vt 0.750000 0.641092
vt 0.062500 0.500000
vt 0.658156 0.471731
vt 0.869112 0.273693
vt 0.781250 0.641092
vt 0.250000 0.578438
vt 0.500000 0.858908
vt 0.817472 0.149022
vt 0.593750 0.641092
vt 0.246563 0.578185
vt 0.468750 0.858908
vt 0.773693 0.130888
vt 0.531250 0.641092
vt 0.796475 0.362201
vt 0.937500 0.641092
vt 0.862201 0.203525
vt 0.687500 0.641092
vt 0.031250 0.500000
vt 0.703178 0.485388
vt 0.869112 0.226307
vt 0.718750 0.641092
vt 0.850978 0.182528
vt 0.656250 0.641092
vt 0.246563 0.552440
vt 0.031250 0.858908
vt 0.835875 0.164125
vt 0.625000 0.641092
vt 0.243208 0.590752
vt 0.468750 1.000000
vt 0.850978 0.317472
vt 0.843750 0.641092
vt 0.862201 0.296475
vt 0.812500 0.641092
vt 0.835875 0.335875
vt 0.875000 0.641092
vt 0.871446 0.250000
vt 0.750000 0.641092
vt 0.869112 0.273693
vt 0.781250 0.641092
vt 0.243258 0.577438
vt 0.437500 0.858908
vt 0.628554 0.250000
vt 0.250000 0.641092
vt 0.862201 0.203525
vt 0.687500 0.641092
vt 0.869112 0.226307
vt 0.718750 0.641092
vt 0.243258 0.553187
vt 0.062500 0.858908
vt 0.243208 0.539873
vt 0.031250 1.000000
vt 0.862201 0.296475
vt 0.812500 0.641092
vt 0.637799 0.203525
vt 0.312500 0.641092
vt 0.835875 0.335875
vt 0.875000 0.641092
vt 0.236677 0.589276
vt 0.437500 1.000000
vt 0.628554 0.250000
vt 0.250000 0.641092
vt 0.630888 0.226307
vt 0.281250 0.641092
vt 0.637799 0.203525
vt 0.312500 0.641092
vt 0.630888 0.273693
vt 0.218750 0.641092
vt 0.630888 0.226307
vt 0.281250 0.641092
vt 0.630888 0.273693
vt 0.218750 0.641092
vt 0.240212 0.576226
vt 0.406250 0.858908
vt 0.240212 0.554399
vt 0.093750 0.858908
vt 0.649022 0.182528
vt 0.343750 0.641092
vt 0.649022 0.317472
vt 0.156250 0.641092
vt 0.649022 0.182528
vt 0.343750 0.641092
vt 0.236677 0.541349
vt 0.062500 1.000000
vt 0.664125 0.164125
vt 0.375000 0.641092
vt 0.637799 0.296475
vt 0.187500 0.641092
vt 0.649022 0.317472
vt 0.156250 0.641092
vt 0.230658 0.586879
vt 0.406250 1.000000
vt 0.703525 0.362201
vt 0.062500 0.641092
vt 0.682528 0.149022
vt 0.406250 0.641092
vt 0.664125 0.164125
vt 0.375000 0.641092
vt 0.682528 0.350978
vt 0.093750 0.641092
vt 0.225382 0.583653
vt 0.375000 1.000000
vt 0.726307 0.369112
vt 0.031250 0.641092
vt 0.637799 0.296475
vt 0.187500 0.641092
vt 0.250000 0.539375
vt 1.000000 1.000000
vt 0.000000 1.000000
vt 0.750000 0.128554
vt 0.500000 0.641092
vt 0.703525 0.362201
vt 0.062500 0.641092
vt 0.726307 0.130888
vt 0.468750 0.641092
vt 0.703525 0.137799
vt 0.437500 0.641092
vt 1.000000 0.858908
vt 0.250000 0.552188
vt 0.000000 0.858908
vt 0.682528 0.149022
vt 0.406250 0.641092
vt 0.664125 0.335875
vt 0.125000 0.641092
vt 0.215185 0.565313
vt 0.250000 1.000000
vt 0.253437 0.578185
vt 0.531250 0.858908
vt 0.215854 0.570373
vt 0.281250 1.000000
vt 0.682528 0.350978
vt 0.093750 0.641092
vt 0.215854 0.560252
vt 0.218750 1.000000
vt 0.726307 0.369112
vt 0.031250 0.641092
vt 0.221052 0.579723
vt 0.343750 1.000000
vt 0.253437 0.552440
vt 0.968750 0.858908
vt 0.217835 0.575238
vt 0.312500 1.000000
vt 0.256742 0.553187
vt 0.937500 0.858908
vt 0.750000 0.128554
vt 0.500000 0.641092
vt 0.217835 0.555387
vt 0.187500 1.000000
vt 0.256792 0.539873
vt 0.968750 1.000000
vt 0.221052 0.550902
vt 0.156250 1.000000
vt 0.726307 0.130888
vt 0.468750 0.641092
vt 0.232721 0.567873
vt 0.281250 0.858908
vt 0.232721 0.562752
vt 0.218750 0.858908
vt 0.256792 0.590752
vt 0.531250 1.000000
vt 0.703525 0.137799
vt 0.437500 0.641092
vt 0.750000 0.371446
vt 1.000000 0.641092
vt 0.000000 0.641092
vt 0.232383 0.565313
vt 0.250000 0.858908
vt 0.256742 0.577438
vt 0.562500 0.858908
vt 0.664125 0.335875
vt 0.125000 0.641092
vt 0.773693 0.369112
vt 0.968750 0.641092
vt 0.262457 0.556032
vt 0.875000 0.858908
vt 0.233724 0.570335
vt 0.312500 0.858908
vt 0.796475 0.137799
vt 0.562500 0.641092
vt 0.262457 0.574593
vt 0.625000 0.858908
vt 0.264648 0.558021
vt 0.843750 0.858908
vt 0.233724 0.560290
vt 0.187500 0.858908
vt 0.817472 0.350979
vt 0.906250 0.641092
vt 0.263323 0.589276
vt 0.562500 1.000000
vt 0.259788 0.576226
vt 0.593750 0.858908
vt 0.225382 0.546972
vt 0.125000 1.000000
vt 0.817472 0.149022
vt 0.593750 0.641092
vt 0.264648 0.572604
vt 0.656250 0.858908
vt 0.230658 0.543746
vt 0.093750 1.000000
vt 0.259788 0.554399
vt 0.906250 0.858908
vt 0.263323 0.541350
vt 0.937500 1.000000
vt 0.773693 0.130888
vt 0.531250 0.641092
vt 0.235352 0.558021
vt 0.156250 0.858908
vt 0.267279 0.567873
vt 0.718750 0.858908
vt 0.796475 0.362201
vt 0.937500 0.641092
vt 0.267279 0.562752
vt 0.781250 0.858908
vt 0.267617 0.565313
vt 0.750000 0.858908
vt 0.237543 0.574593
vt 0.375000 0.858908
vt 0.284815 0.565312
vt 0.750000 1.000000
vt 0.850978 0.182528
vt 0.656250 0.641092
vt 0.284146 0.570373
vt 0.718750 1.000000
vt 0.235352 0.572604
vt 0.343750 0.858908
vt 0.835875 0.164125
vt 0.625000 0.641092
vt 0.284146 0.560252
vt 0.781250 1.000000
vt 0.850978 0.317472
vt 0.843750 0.641092
vt 0.278948 0.579723
vt 0.656250 1.000000
vt 0.237543 0.556032
vt 0.125000 0.858908
vt 0.282165 0.575238
vt 0.687500 1.000000
vt 0.282165 0.555387
vt 0.812500 1.000000
vt 0.250000 0.591250
vt 0.500000 1.000000
vt 0.871446 0.250000
vt 0.750000 0.641092
vt 0.278948 0.550902
vt 0.843750 1.000000
vt 0.269342 0.586879
vt 0.593750 1.000000
vt 0.869112 0.273693
vt 0.781250 0.641092
vt 0.274618 0.583653
vt 0.625000 1.000000
vt 0.250000 0.578438
vt 0.500000 0.858908
vt 0.266276 0.570335
vt 0.687500 0.858908
vt 0.246563 0.578185
vt 0.468750 0.858908
vt 0.862201 0.203525
vt 0.687500 0.641092
vt 0.266276 0.560290
vt 0.812500 0.858908
vt 0.274618 0.546972
vt 0.875000 1.000000
vt 0.869112 0.226307
vt 0.718750 0.641092
vt 0.246563 0.552440
vt 0.031250 0.858908
vt 0.269342 0.543746
vt 0.906250 1.000000
vt 0.243208 0.590752
vt 0.468750 1.000000
vt 0.215702 0.688603
vt 0.274185 1.000000
vt 0.215854 0.689748
vt 0.281250 1.000000
vt 0.862201 0.296475
vt 0.812500 0.641092
vt 0.221052 0.699097
vt 0.343750 1.000000
vt 0.835875 0.335875
vt 0.875000 0.641092
vt 0.243258 0.577438
vt 0.437500 0.858908
vt 0.217835 0.694613
vt 0.312500 1.000000
vt 0.628554 0.250000
vt 0.250000 0.641092
vt 0.232383 0.684687
vt 0.250000 0.858908
vt 0.230658 0.706254
vt 0.406250 1.000000
vt 0.243258 0.553187
vt 0.062500 0.858908
vt 0.243208 0.539873
vt 0.031250 1.000000
vt 0.225382 0.703028
vt 0.375000 1.000000
vt 0.637799 0.203525
vt 0.312500 0.641092
vt 0.235352 0.677395
vt 0.156250 0.858908
vt 0.236677 0.589276
vt 0.437500 1.000000
vt 0.233724 0.689710
vt 0.312500 0.858908
vt 0.630888 0.226307
vt 0.281250 0.641092
vt 0.233724 0.679665
vt 0.187500 0.858908
vt 0.236677 0.708651
vt 0.437500 1.000000
vt 0.630888 0.273693
vt 0.218750 0.641092
vt 0.240212 0.576226
vt 0.406250 0.858908
vt 0.235352 0.691979
vt 0.343750 0.858908
vt 0.240212 0.554399
vt 0.093750 0.858908
vt 0.232721 0.687248
vt 0.281250 0.858908
vt 0.649022 0.182528
vt 0.343750 0.641092
vt 0.232721 0.682127
vt 0.218750 0.858908
vt 0.236677 0.541349
vt 0.062500 1.000000
vt 0.237543 0.693968
vt 0.375000 0.858908
vt 0.243208 0.710127
vt 0.468750 1.000000
vt 0.649022 0.317472
vt 0.156250 0.641092
vt 0.230658 0.586879
vt 0.406250 1.000000
vt 0.243258 0.696813
vt 0.437500 0.858908
vt 0.664125 0.164125
vt 0.375000 0.641092
vt 0.240212 0.695601
vt 0.406250 0.858908
vt 0.240212 0.673775
vt 0.093750 0.858908
vt 0.225382 0.583653
vt 0.375000 1.000000
vt 0.246563 0.697560
vt 0.468750 0.858908
vt 0.637799 0.296475
vt 0.187500 0.641092
vt 0.246563 0.671815
vt 0.031250 0.858908
vt 0.250000 0.539375
vt 1.000000 1.000000
vt 0.000000 1.000000
vt 0.703525 0.362201
vt 0.062500 0.641092
vt 0.250000 0.697812
vt 0.500000 0.858908
vt 1.000000 0.858908
vt 0.250000 0.552188
vt 0.000000 0.858908
vt 0.250000 0.710625
vt 0.500000 1.000000
vt 0.250000 0.658750
vt 1.000000 1.000000
vt 0.000000 1.000000
vt 0.682528 0.149022
vt 0.406250 0.641092
vt 0.253437 0.578185
vt 0.531250 0.858908
vt 1.000000 0.858908
vt 0.250000 0.671562
vt 0.000000 0.858908
vt 0.243258 0.672562
vt 0.062500 0.858908
vt 0.682528 0.350978
vt 0.093750 0.641092
vt 0.726307 0.369112
vt 0.031250 0.641092
vt 0.243208 0.659248
vt 0.031250 1.000000
vt 0.253437 0.552440
vt 0.968750 0.858908
vt 0.237543 0.675407
vt 0.125000 0.858908
vt 0.236677 0.660724
vt 0.062500 1.000000
vt 0.256742 0.553187
vt 0.937500 0.858908
vt 0.750000 0.128554
vt 0.500000 0.641092
vt 0.256742 0.696813
vt 0.562500 0.858908
vt 0.253437 0.697560
vt 0.531250 0.858908
vt 0.256792 0.539873
vt 0.968750 1.000000
vt 0.726307 0.130888
vt 0.468750 0.641092
vt 0.256792 0.710127
vt 0.531250 1.000000
vt 0.256792 0.590752
vt 0.531250 1.000000
vt 0.259788 0.695600
vt 0.593750 0.858908
vt 0.256742 0.672562
vt 0.937500 0.858908
vt 0.703525 0.137799
vt 0.437500 0.641092
vt 0.256742 0.577438
vt 0.562500 0.858908
vt 0.256792 0.659248
vt 0.968750 1.000000
vt 0.664125 0.335875
vt 0.125000 0.641092
vt 0.253437 0.671815
vt 0.968750 0.858908
vt 0.262457 0.556032
vt 0.875000 0.858908
vt 0.264648 0.677396
vt 0.843750 0.858908
vt 0.262457 0.574593
vt 0.625000 0.858908
vt 0.264648 0.691979
vt 0.656250 0.858908
vt 0.262457 0.675407
vt 0.875000 0.858908
vt 0.264648 0.558021
vt 0.843750 0.858908
vt 0.263323 0.589276
vt 0.562500 1.000000
vt 0.263323 0.708650
vt 0.562500 1.000000
vt 0.259788 0.576226
vt 0.593750 0.858908
vt 0.262457 0.693968
vt 0.625000 0.858908
vt 0.264648 0.572604
vt 0.656250 0.858908
vt 0.259788 0.673775
vt 0.906250 0.858908
vt 0.263323 0.660724
vt 0.937500 1.000000
vt 0.259788 0.554399
vt 0.906250 0.858908
vt 0.267617 0.684687
vt 0.750000 0.858908
vt 0.263323 0.541350
vt 0.937500 1.000000
vt 0.267279 0.567873
vt 0.718750 0.858908
vt 0.267279 0.687248
vt 0.718750 0.858908
vt 0.267279 0.682127
vt 0.781250 0.858908
vt 0.267279 0.562752
vt 0.781250 0.858908
vt 0.267617 0.565313
vt 0.750000 0.858908
vt 0.284815 0.684687
vt 0.750000 1.000000
vt 0.284815 0.565312
vt 0.750000 1.000000
vt 0.284147 0.689748
vt 0.718750 1.000000
vt 0.284146 0.570373
vt 0.718750 1.000000
vt 0.284146 0.679627
vt 0.781250 1.000000
vt 0.278948 0.699097
vt 0.656250 1.000000
vt 0.284146 0.560252
vt 0.781250 1.000000
vt 0.278948 0.579723
vt 0.656250 1.000000
vt 0.282165 0.694613
vt 0.687500 1.000000
vt 0.282165 0.575238
vt 0.687500 1.000000
vt 0.282165 0.674762
vt 0.812500 1.000000
vt 0.282165 0.555387
vt 0.812500 1.000000
vt 0.278948 0.670277
vt 0.843750 1.000000
vt 0.278948 0.550902
vt 0.843750 1.000000
vt 0.269342 0.706254
vt 0.593750 1.000000
vt 0.269342 0.586879
vt 0.593750 1.000000
vt 0.274618 0.703028
vt 0.625000 1.000000
vt 0.274618 0.583653
vt 0.625000 1.000000
vt 0.274618 0.666347
vt 0.875000 1.000000
vt 0.269342 0.663121
vt 0.906250 1.000000
vt 0.266276 0.570335
vt 0.687500 0.858908
vt 0.266276 0.689710
vt 0.687500 0.858908
vt 0.266276 0.560290
vt 0.812500 0.858908
vt 0.274618 0.546972
vt 0.875000 1.000000
vt 0.266276 0.679665
vt 0.812500 0.858908
vt 0.215185 0.684687
vt 0.250000 1.000000
vt 0.269342 0.543746
vt 0.906250 1.000000
vt 0.215854 0.679627
vt 0.218750 1.000000
vt 0.215702 0.688603
vt 0.274185 1.000000
vt 0.215854 0.689748
vt 0.281250 1.000000
vt 0.221052 0.670277
vt 0.156250 1.000000
vt 0.221052 0.699097
vt 0.343750 1.000000
vt 0.230658 0.663121
vt 0.093750 1.000000
vt 0.217835 0.694613
vt 0.312500 1.000000
vt 0.225382 0.666347
vt 0.125000 1.000000
vt 0.232383 0.684687
vt 0.250000 0.858908
vt 0.217835 0.674762
vt 0.187500 1.000000
vt 0.230658 0.706254
vt 0.406250 1.000000
vt 0.225382 0.703028
vt 0.375000 1.000000
vt 0.235352 0.677395
vt 0.156250 0.858908
vt 0.233724 0.689710
vt 0.312500 0.858908
vt 0.233724 0.679665
vt 0.187500 0.858908
vt 0.236677 0.708651
vt 0.437500 1.000000
vt 0.235352 0.691979
vt 0.343750 0.858908
vt 0.232721 0.687248
vt 0.281250 0.858908
vt 0.232721 0.682127
vt 0.218750 0.858908
vt 0.237543 0.693968
vt 0.375000 0.858908
vt 0.243208 0.710127
vt 0.468750 1.000000
vt 0.243258 0.696813
vt 0.437500 0.858908
vt 0.240212 0.695601
vt 0.406250 0.858908
vt 0.240212 0.673775
vt 0.093750 0.858908
vt 0.246563 0.697560
vt 0.468750 0.858908
vt 0.246563 0.671815
vt 0.031250 0.858908
vt 0.250000 0.697812
vt 0.500000 0.858908
vt 0.250000 0.710625
vt 0.500000 1.000000
vt 0.250000 0.658750
vt 1.000000 1.000000
vt 0.000000 1.000000
vt 1.000000 0.858908
vt 0.250000 0.671562
vt 0.000000 0.858908
vt 0.243258 0.672562
vt 0.062500 0.858908
vt 0.243208 0.659248
vt 0.031250 1.000000
vt 0.237543 0.675407
vt 0.125000 0.858908
vt 0.236677 0.660724
vt 0.062500 1.000000
vt 0.256742 0.696813
vt 0.562500 0.858908
vt 0.253437 0.697560
vt 0.531250 0.858908
vt 0.256792 0.710127
vt 0.531250 1.000000
vt 0.259788 0.695600
vt 0.593750 0.858908
vt 0.256742 0.672562
vt 0.937500 0.858908
vt 0.256792 0.659248
vt 0.968750 1.000000
vt 0.253437 0.671815
vt 0.968750 0.858908
vt 0.264648 0.677396
vt 0.843750 0.858908
vt 0.264648 0.691979
vt 0.656250 0.858908
vt 0.262457 0.675407
vt 0.875000 0.858908
vt 0.263323 0.708650
vt 0.562500 1.000000
vt 0.262457 0.693968
vt 0.625000 0.858908
vt 0.259788 0.673775
vt 0.906250 0.858908
vt 0.263323 0.660724
vt 0.937500 1.000000
vt 0.267617 0.684687
vt 0.750000 0.858908
vt 0.267279 0.687248
vt 0.718750 0.858908
vt 0.267279 0.682127
vt 0.781250 0.858908
vt 0.284815 0.684687
vt 0.750000 1.000000
vt 0.284147 0.689748
vt 0.718750 1.000000
vt 0.284146 0.679627
vt 0.781250 1.000000
vt 0.278948 0.699097
vt 0.656250 1.000000
vt 0.282165 0.694613
vt 0.687500 1.000000
vt 0.282165 0.674762
vt 0.812500 1.000000
vt 0.278948 0.670277
vt 0.843750 1.000000
vt 0.269342 0.706254
vt 0.593750 1.000000
vt 0.274618 0.703028
vt 0.625000 1.000000
vt 0.274618 0.666347
vt 0.875000 1.000000
vt 0.269342 0.663121
vt 0.906250 1.000000
vt 0.266276 0.689710
vt 0.687500 0.858908
vt 0.266276 0.679665
vt 0.812500 0.858908
vt 0.215185 0.684687
vt 0.250000 1.000000
vt 0.215854 0.679627
vt 0.218750 1.000000
vt 0.221052 0.670277
vt 0.156250 1.000000
vt 0.230658 0.663121
vt 0.093750 1.000000
vt 0.225382 0.666347
vt 0.125000 1.000000
vt 0.217835 0.674762
vt 0.187500 1.000000
vt 0.468750 0.025000
vt 0.322167 0.517187
vt 0.434896 0.299497
vt 0.468750 0.963125
vt 0.328417 0.517187
vt 0.468750 0.025000
vt 0.328417 0.507969
vt 0.434896 0.725000
vt 0.468750 0.963125
vt 0.375000 0.554531
vt 0.271583 0.699492
vt 0.434896 0.025000
vt 0.375000 0.507969
vt 0.271583 0.652929
vt 0.434896 0.725000
vt 0.434896 0.299497
vt 0.322167 0.545313
vt 0.468750 0.725000
vt 0.468750 0.786875
vt 0.328417 0.554531
vt 0.434896 0.025000
vt 0.328417 0.545313
vt 0.468750 0.725000
vt 0.468750 0.786875
vt 0.275000 0.699492
vt 0.434896 0.025000
vt 0.468750 0.463125
vt 0.468750 0.225000
vt 0.275000 0.662148
vt 0.468750 0.286875
vt 0.275000 0.652929
vt 0.434896 0.725000
vt 0.468750 0.286875
vt 0.275000 0.690273
vt 0.468750 0.463125
vt 0.468750 0.525000
vt 0.281250 0.690273
vt 0.434896 0.799497
vt 0.468750 0.525000
vt 0.281250 0.662148
vt 0.434896 0.799497
vt 0.468750 0.225000
vt 0.434896 0.299497
vt 0.322167 0.732812
vt 0.468750 0.725000
vt 0.468750 0.025000
vt 0.322167 0.704688
vt 0.434896 0.299497
vt 0.468750 0.963125
vt 0.328417 0.704687
vt 0.468750 0.025000
vt 0.328417 0.695469
vt 0.434896 0.725000
vt 0.468750 0.963125
vt 0.468750 0.786875
vt 0.328417 0.742031
vt 0.434896 0.025000
vt 0.328417 0.732813
vt 0.468750 0.725000
vt 0.468750 0.786875
vt 0.375000 0.742031
vt 0.271583 0.594099
vt 0.434896 0.025000
vt 0.375000 0.695469
vt 0.271583 0.547537
vt 0.434896 0.725000
vt 0.275000 0.594099
vt 0.434896 0.025000
vt 0.468750 0.463125
vt 0.281250 0.556756
vt 0.434896 0.799497
vt 0.468750 0.225000
vt 0.281250 0.584881
vt 0.434896 0.799497
vt 0.468750 0.525000
vt 0.468750 0.225000
vt 0.275000 0.556756
vt 0.468750 0.286875
vt 0.275000 0.584881
vt 0.468750 0.463125
vt 0.468750 0.525000
vt 0.275000 0.547537
vt 0.434896 0.725000
vt 0.468750 0.286875
vt 0.275292 0.578125
vt 0.000000 0.000000
vt 0.275292 0.562500
vt 0.000000 0.000000
vt 0.283104 0.578125
vt 0.000000 0.000000
vt 0.283104 0.570312
vt 0.000000 0.000000
vt 0.290917 0.570312
vt 0.000000 0.000000
vt 0.290917 0.562500
vt 0.000000 0.000000
vt 0.148441 0.570312
vt 0.000000 0.000000
vt 0.148441 0.562500
vt 0.000000 0.000000
vt 0.156254 0.578125
vt 0.000000 0.000000
vt 0.156254 0.570313
vt 0.000000 0.000000
vt 0.164066 0.562500
vt 0.000000 0.000000
vt 0.164066 0.578125
vt 0.000000 0.000000
vt 0.275292 0.687500
vt 0.000000 0.000000
vt 0.283104 0.679687
vt 0.000000 0.000000
vt 0.275292 0.671875
vt 0.000000 0.000000
vt 0.283104 0.671875
vt 0.000000 0.000000
vt 0.290917 0.687500
vt 0.000000 0.000000
vt 0.290917 0.679687
vt 0.000000 0.000000
vt 0.158316 0.687500
vt 0.000000 0.000000
vt 0.156254 0.679688
vt 0.000000 0.000000
vt 0.156254 0.671875
vt 0.000000 0.000000
vt 0.164066 0.671875
vt 0.000000 0.000000
vt 0.164066 0.687500
vt 0.000000 0.000000
vt 0.148441 0.680996
vt 0.000000 0.000000
vt 0.148441 0.687500
vt 0.000000 0.000000
vt 0.148441 0.679688
vt 0.000000 0.000000
vt 0.395625 0.092852
vt 0.855484 0.730484
vt 0.395625 0.080000
vt 0.625000 0.984375
vt 0.859375 0.750000
vt 0.395625 0.157148
vt 0.855484 0.519516
vt 0.395625 0.170000
vt 0.625000 0.265625
vt 0.859375 0.500000
vt 0.140625 0.750000
vt 0.379375 0.080000
vt 0.375000 0.984375
vt 0.379375 0.170000
vt 0.375000 0.265625
vt 0.140625 0.500000
vt 0.228417 0.642546
vt 0.789293 0.702980
vt 0.228417 0.607454
vt 0.789293 0.547020
vt 0.219187 0.642546
vt 0.827980 0.702980
vt 0.219187 0.607454
vt 0.827980 0.547020
vt 0.256397 0.642546
vt 0.672020 0.702980
vt 0.256397 0.607454
vt 0.672020 0.547020
vt 0.000000 0.000000
vt 0.625000 0.343750
vt 0.781250 0.500000
vt 0.000000 0.000000
vt 0.596154 0.343750
vt 0.000000 0.000000
vt 0.753722 0.511389
vt 0.000000 0.000000
vt 0.625000 0.359375
vt 0.765625 0.500000
vt 0.000000 0.000000
vt 0.596154 0.359375
vt 0.000000 0.000000
vt 0.760914 0.501898
vt 0.000000 0.000000
vt 0.745002 0.511389
vt 0.000000 0.000000
vt 0.768849 0.501898
vt 0.000000 0.000000
vt 0.596154 0.484375
vt 0.000000 0.000000
vt 0.625000 0.484375
vt 0.640625 0.500000
vt 0.000000 0.000000
vt 0.635482 0.501898
vt 0.000000 0.000000
vt 0.625000 0.520833
vt 0.000000 0.000000
vt 0.625000 0.500000
vt 0.000000 0.000000
vt 0.625000 0.500000
vt 0.000000 0.000000
vt 0.596154 0.500000
vt 0.000000 0.000000
vt 0.627097 0.519859
vt 0.000000 0.000000
vt 0.627645 0.501898
vt 0.000000 0.000000
vt 0.627097 0.502097
vt 0.000000 0.000000
vt 0.596154 0.906250
vt 0.000000 0.000000
vt 0.625000 0.906250
vt 0.781250 0.750000
vt 0.000000 0.000000
vt 0.753722 0.738611
vt 0.000000 0.000000
vt 0.745002 0.738611
vt 0.000000 0.000000
vt 0.596154 0.890625
vt 0.000000 0.000000
vt 0.625000 0.890625
vt 0.765625 0.750000
vt 0.000000 0.000000
vt 0.760914 0.748102
vt 0.000000 0.000000
vt 0.768850 0.748102
vt 0.000000 0.000000
vt 0.596154 0.765625
vt 0.000000 0.000000
vt 0.625000 0.765625
vt 0.640625 0.750000
vt 0.000000 0.000000
vt 0.635482 0.748102
vt 0.000000 0.000000
vt 0.627097 0.730141
vt 0.000000 0.000000
vt 0.625000 0.729167
vt 0.000000 0.000000
vt 0.596154 0.750000
vt 0.000000 0.000000
vt 0.625000 0.750000
vt 0.000000 0.000000
vt 0.625000 0.750000
vt 0.000000 0.000000
vt 0.627097 0.747903
vt 0.000000 0.000000
vt 0.627645 0.748102
s 0
usemtl Material.009
f 121/241/1 74/142/1 130/261/1
f 119/236/1 684/1436/1 683/1434/1
f 56/106/1 6/6/1 685/1440/1
f 212/452/2 103/202/2 218/465/2
f 206/439/2 56/106/2 216/460/2
f 149/311/3 103/202/3 94/184/3
f 81/157/3 143/297/3 151/316/3
f 178/378/4 94/184/4 50/92/4
f 6/7/4 169/358/4 180/382/4
f 97/190/5 6/8/5 56/105/5
f 106/207/6 50/93/6 117/232/6
f 110/217/6 103/202/6 113/224/6
f 46/81/3 137/281/3 113/225/3
f 89/174/4 164/345/4 110/218/4
f 63/119/1 117/233/1 164/345/1
f 106/209/2 159/333/2 167/354/2
f 221/471/4 69/130/4 121/242/4
f 133/271/2 41/70/2 119/237/2
f 130/263/6 187/400/6 689/1449/6
f 266/562/6 231/493/6 264/559/6
f 184/391/6 264/559/6 692/1455/6
f 252/536/6 225/481/6 86/168/6
f 633/1312/6 221/472/6 264/559/6
f 657/1381/6 264/559/6 658/1383/6
f 641/1336/6 642/1339/6 187/400/6
f 202/432/6 187/400/6 669/1405/6
f 202/432/6 199/427/6 33/55/6
f 46/82/5 128/258/5 137/283/5
f 102/200/4 143/298/4 149/312/4
f 158/331/2 145/303/2 195/418/2
f 38/65/6 195/419/6 151/318/6
f 194/416/6 38/65/6 241/516/6
f 55/103/6 661/1389/6 662/1391/6
f 666/1399/6 233/498/6 245/523/6
f 245/523/6 241/516/6 38/65/6
f 257/544/6 24/36/6 253/537/6
f 676/1419/6 60/113/6 257/544/6
f 257/544/7 253/537/7 679/1425/7
f 44/78/5 149/313/5 159/335/5
f 187/401/3 41/71/3 176/374/3
f 91/179/1 169/359/1 159/336/1
f 73/141/6 180/384/6 195/420/6
f 24/37/6 194/417/6 651/1365/6
f 30/49/5 159/336/5 176/375/5
f 137/284/3 69/131/3 206/440/3
f 238/511/1 102/201/1 212/453/1
f 86/169/6 238/511/6 218/466/6
f 639/1329/6 55/104/6 640/1332/6
f 89/175/5 216/462/5 164/348/5
f 233/500/6 184/393/6 194/415/6
f 635/1318/2 71/135/2 633/1313/2
f 84/163/3 627/1295/3 632/1308/3
f 42/72/4 637/1324/4 631/1307/4
f 132/267/1 640/1333/1 165/349/1
f 84/164/6 478/989/6 498/1033/6
f 505/1047/6 552/1141/6 448/929/6
f 365/762/6 96/188/6 621/1281/6
f 569/1175/6 579/1195/6 599/1237/6
f 165/350/6 584/1205/6 577/1191/6
f 27/43/4 628/1298/4 627/1293/4
f 49/90/3 629/1301/3 628/1296/3
f 84/165/2 634/1315/2 96/187/2
f 71/137/3 634/1316/3 633/1311/3
f 112/223/1 638/1327/1 140/290/1
f 140/292/2 639/1331/2 132/266/2
f 185/395/4 640/1334/4 636/1320/4
f 185/396/1 637/1325/1 154/323/1
f 498/1034/8 23/34/8 39/66/8
f 524/1086/9 39/66/9 53/98/9
f 556/1150/10 53/98/10 67/126/10
f 553/1144/11 67/126/11 80/155/11
f 543/1124/12 80/155/12 92/180/12
f 543/1124/13 108/213/13 541/1120/13
f 541/1120/14 123/246/14 536/1110/14
f 536/1110/15 141/293/15 531/1100/15
f 531/1100/16 161/339/16 533/1104/16
f 533/1104/17 174/368/17 539/1116/17
f 539/1116/18 189/405/18 537/1112/18
f 537/1112/19 197/423/19 547/1132/19
f 547/1132/20 208/444/20 545/1128/20
f 545/1128/21 210/448/21 515/1068/21
f 515/1068/22 219/467/22 501/1040/22
f 501/1040/23 223/477/23 422/878/23
f 422/878/24 229/489/24 437/908/24
f 437/908/25 235/503/25 453/940/25
f 453/940/26 243/519/26 469/972/26
f 469/972/27 247/526/27 474/982/27
f 474/982/28 255/540/28 371/775/28
f 373/779/29 255/540/29 259/548/29
f 367/767/30 259/548/30 268/565/30
f 365/763/31 268/565/31 270/569/31
f 369/771/32 270/569/32 274/577/32
f 376/785/33 274/577/33 276/581/33
f 378/789/34 276/581/34 280/589/34
f 398/830/35 280/589/35 282/593/35
f 401/836/36 282/593/36 286/601/36
f 465/964/37 286/601/37 288/605/37
f 449/932/38 288/605/38 292/613/38
f 478/991/39 292/613/39 23/33/39
f 323/676/6 322/674/6 123/247/6
f 338/706/6 334/698/6 276/582/6
f 491/1020/24 295/620/24 481/996/24
f 494/1026/25 297/625/25 491/1020/25
f 522/1082/26 311/653/26 494/1026/26
f 509/1056/27 303/637/27 522/1082/27
f 514/1066/28 332/695/28 509/1056/28
f 514/1066/29 330/691/29 319/669/29
f 552/1142/30 323/677/30 330/691/30
f 528/1094/31 322/675/31 323/677/31
f 529/1096/32 327/685/32 322/675/32
f 525/1088/33 326/683/33 327/685/33
f 550/1138/34 315/661/34 326/683/34
f 519/1076/35 317/665/35 315/661/35
f 511/1060/36 308/647/36 317/665/36
f 517/1072/37 299/629/37 308/647/37
f 505/1048/38 310/651/38 299/629/38
f 485/1007/39 358/748/39 310/651/39
f 428/890/8 360/752/8 358/748/8
f 430/894/9 361/754/9 360/752/9
f 443/920/10 351/733/10 361/754/10
f 459/952/11 346/723/11 351/733/11
f 410/854/12 342/715/12 346/723/12
f 390/814/13 342/715/13 414/862/13
f 380/793/14 336/703/14 390/814/14
f 385/804/15 338/707/15 380/793/15
f 381/795/16 334/699/16 385/804/16
f 394/822/17 339/709/17 381/795/17
f 405/844/18 347/725/18 394/822/18
f 419/872/19 343/717/19 405/844/19
f 461/956/20 364/761/20 419/872/20
f 448/930/21 353/737/21 461/956/21
f 435/904/22 350/731/22 448/930/22
f 481/998/23 355/741/23 435/904/23
f 596/1232/8 14/17/8 31/50/8
f 604/1248/9 31/50/9 36/61/9
f 618/1276/10 36/61/10 47/83/10
f 617/1274/11 47/83/11 59/111/11
f 614/1268/12 59/111/12 65/122/12
f 614/1268/13 78/150/13 613/1266/13
f 613/1266/14 88/172/14 610/1260/14
f 610/1260/15 99/194/15 608/1256/15
f 608/1256/16 104/203/16 609/1258/16
f 609/1258/17 115/228/17 612/1264/17
f 612/1264/18 125/250/18 611/1262/18
f 611/1262/19 135/277/19 616/1272/19
f 616/1272/20 147/307/20 615/1270/20
f 615/1270/21 155/325/21 601/1242/21
f 601/1242/22 172/364/22 593/1226/22
f 593/1226/23 181/385/23 584/1206/23
f 584/1206/24 192/411/24 577/1192/24
f 577/1192/25 203/433/25 572/1182/25
f 572/1182/26 213/454/26 567/1172/26
f 567/1172/27 227/485/27 568/1174/27
f 568/1174/28 239/512/28 561/1160/28
f 563/1164/29 239/512/29 249/530/29
f 559/1156/30 249/530/30 261/552/30
f 559/1156/31 271/571/31 621/1282/31
f 622/1284/32 271/571/32 277/583/32
f 626/1292/33 277/583/33 284/597/33
f 623/1286/34 284/597/34 290/609/34
f 625/1290/35 290/609/35 294/617/35
f 624/1288/36 294/617/36 302/634/36
f 590/1220/37 302/634/37 305/640/37
f 588/1216/38 305/640/38 313/656/38
f 585/1209/39 313/656/39 14/16/39
f 426/885/6 423/879/6 88/173/6
f 294/618/6 227/486/6 455/943/6
f 597/1234/24 384/801/24 586/1210/24
f 595/1230/25 388/810/25 597/1234/25
f 603/1246/26 407/848/26 595/1230/26
f 600/1240/27 395/824/27 603/1246/27
f 598/1236/28 442/918/28 600/1240/28
f 598/1236/29 440/914/29 417/868/29
f 620/1280/30 426/886/30 440/914/30
f 607/1254/31 423/880/31 426/886/31
f 605/1250/32 434/902/32 423/880/32
f 606/1252/33 431/896/33 434/902/33
f 619/1278/34 412/858/34 431/896/34
f 599/1238/35 415/864/35 412/858/35
f 602/1244/36 399/832/36 415/864/36
f 594/1228/37 391/816/37 399/832/37
f 591/1222/38 404/842/38 391/816/38
f 592/1224/39 495/1028/39 404/842/39
f 583/1204/8 499/1036/8 495/1028/8
f 581/1200/9 504/1046/9 499/1036/9
f 578/1194/10 484/1005/10 504/1046/10
f 579/1196/11 471/976/11 484/1005/11
f 576/1190/12 463/960/12 471/976/12
f 570/1178/13 463/960/13 573/1184/13
f 574/1186/14 451/936/14 570/1178/14
f 565/1168/15 455/944/15 574/1186/15
f 575/1188/16 445/924/16 565/1168/16
f 571/1180/17 458/950/17 575/1188/17
f 569/1176/18 476/986/18 571/1180/18
f 589/1218/19 468/970/19 569/1176/19
f 580/1198/20 507/1052/20 589/1218/20
f 587/1214/21 488/1014/21 580/1198/21
f 582/1202/22 479/993/22 587/1214/22
f 586/1212/23 489/1016/23 582/1202/23
f 649/1360/2 48/85/2 645/1349/2
f 54/100/3 642/1340/3 641/1335/3
f 644/1345/4 90/177/4 654/1375/4
f 79/153/1 650/1363/1 98/191/1
f 54/101/6 357/744/6 377/786/6
f 293/615/6 397/827/6 393/819/6
f 246/524/6 61/115/6 555/1147/6
f 470/973/6 551/1139/6 503/1043/6
f 98/192/6 482/999/6 467/967/6
f 22/32/4 643/1343/4 642/1338/4
f 35/60/3 644/1346/3 643/1341/3
f 54/102/2 646/1351/2 61/114/2
f 48/87/3 646/1352/3 645/1347/3
f 70/134/1 653/1372/1 83/160/1
f 83/162/2 651/1367/2 79/152/2
f 107/211/4 650/1364/4 652/1368/4
f 107/212/1 654/1376/1 90/176/1
f 377/787/8 19/26/8 29/46/8
f 403/840/9 29/46/9 37/63/9
f 436/906/10 37/63/10 45/79/10
f 433/900/11 45/79/11 52/96/11
f 424/882/12 52/96/12 58/109/12
f 424/882/13 68/128/13 421/876/13
f 421/876/14 76/146/14 416/866/14
f 416/866/15 85/166/15 411/856/15
f 411/856/16 95/185/16 413/860/16
f 413/860/17 101/198/17 420/874/17
f 420/874/18 109/215/18 418/870/18
f 418/870/19 114/226/19 427/888/19
f 427/888/20 118/234/20 425/884/20
f 425/884/21 120/239/21 396/826/21
f 396/826/22 124/248/22 382/797/22
f 382/797/23 126/252/23 301/633/23
f 301/633/24 129/259/24 318/667/24
f 318/667/25 131/264/25 333/697/25
f 333/697/26 136/279/26 349/729/26
f 349/729/27 138/286/27 354/739/27
f 354/739/28 142/295/28 251/535/28
f 254/539/29 142/295/29 144/300/29
f 248/529/30 144/300/30 148/309/30
f 246/525/31 148/309/31 150/314/31
f 250/533/32 150/314/32 153/321/32
f 256/543/33 153/321/33 156/327/33
f 258/547/34 156/327/34 160/337/34
f 278/586/35 160/337/35 162/341/35
f 281/592/36 162/341/36 166/352/36
f 345/721/37 166/352/37 168/356/37
f 329/689/38 168/356/38 171/362/38
f 357/746/39 171/362/39 19/25/39
f 204/435/6 201/430/6 101/199/6
f 150/315/6 217/463/6 214/456/6
f 372/777/24 175/371/24 362/755/24
f 374/781/25 177/377/25 372/777/25
f 402/838/26 191/410/26 374/781/26
f 389/812/27 183/390/27 402/838/27
f 393/820/28 211/451/28 389/812/28
f 393/820/29 209/447/29 200/429/29
f 432/898/30 204/436/30 209/447/30
f 408/850/31 201/431/31 204/436/31
f 409/852/32 207/443/32 201/431/32
f 406/846/33 205/438/33 207/443/33
f 429/892/34 196/422/34 205/438/34
f 400/834/35 198/426/35 196/422/35
f 392/818/36 188/404/36 198/426/36
f 397/828/37 179/381/37 188/404/37
f 386/806/38 190/408/38 179/381/38
f 366/765/39 237/508/39 190/408/39
f 307/645/8 240/515/8 237/508/8
f 309/649/9 242/518/9 240/515/9
f 324/679/10 232/497/10 242/518/10
f 340/711/11 226/484/11 232/497/11
f 289/608/12 222/476/12 226/484/12
f 269/568/13 222/476/13 293/616/13
f 260/551/14 215/459/14 269/568/14
f 265/561/15 217/464/15 260/551/15
f 262/555/16 214/457/16 265/561/16
f 273/576/17 220/470/17 262/555/17
f 285/600/18 228/488/18 273/576/18
f 300/631/19 224/480/19 285/600/19
f 341/713/20 244/522/20 300/631/20
f 328/687/21 234/502/21 341/713/21
f 316/663/22 230/492/22 328/687/22
f 362/757/23 236/506/23 316/663/23
f 506/1050/8 17/22/8 25/38/8
f 521/1080/9 25/38/9 28/44/9
f 549/1136/10 28/44/10 34/56/10
f 548/1134/11 34/56/11 40/68/11
f 542/1122/12 40/68/12 43/75/12
f 542/1122/13 51/94/13 540/1118/13
f 540/1118/14 57/107/14 534/1106/14
f 534/1106/15 62/117/15 530/1098/15
f 530/1098/16 66/124/16 532/1102/16
f 532/1102/17 72/138/17 538/1114/17
f 538/1114/18 77/148/18 535/1108/18
f 535/1108/19 82/158/19 546/1130/19
f 546/1130/20 87/170/20 544/1126/20
f 544/1126/21 93/182/21 516/1070/21
f 516/1070/22 100/196/22 500/1038/22
f 500/1038/23 105/205/23 482/1000/23
f 482/1000/24 111/219/24 467/968/24
f 467/968/25 116/230/25 457/948/25
f 457/948/26 122/244/26 447/928/26
f 447/928/27 127/254/27 450/934/27
f 450/934/28 134/275/28 441/916/28
f 444/922/29 134/275/29 139/288/29
f 439/912/30 139/288/30 146/305/30
f 439/912/31 152/319/31 555/1148/31
f 557/1152/32 152/319/32 157/329/32
f 566/1170/33 157/329/33 163/343/33
f 560/1158/34 163/343/34 170/360/34
f 564/1166/35 170/360/35 173/366/35
f 562/1162/36 173/366/36 182/387/36
f 493/1024/37 182/387/37 186/397/37
f 490/1018/38 186/397/38 193/413/38
f 483/1003/39 193/413/39 17/21/39
f 306/642/6 304/638/6 57/108/6
f 127/255/6 335/700/6 325/680/6
f 508/1054/24 263/557/24 486/1008/24
f 503/1044/25 267/564/25 508/1054/25
f 520/1078/26 287/604/26 503/1044/26
f 513/1064/27 275/580/27 520/1078/27
f 510/1058/28 321/673/28 513/1064/28
f 510/1058/29 320/671/29 298/627/29
f 554/1146/30 306/643/30 320/671/30
f 527/1092/31 304/639/31 306/643/31
f 523/1084/32 314/659/32 304/639/32
f 526/1090/33 312/655/33 314/659/33
f 551/1140/34 291/612/34 312/655/34
f 512/1062/35 296/623/35 291/612/35
f 518/1074/36 279/588/36 296/623/36
f 502/1042/37 272/574/37 279/588/37
f 496/1030/38 283/596/38 272/574/38
f 497/1032/39 375/783/39 283/596/39
f 480/995/8 379/791/8 375/783/8
f 475/984/9 383/799/9 379/791/9
f 470/974/10 363/759/10 383/799/10
f 472/978/11 352/735/11 363/759/11
f 466/966/12 344/719/12 352/735/12
f 454/942/13 344/719/13 460/954/13
f 462/958/14 331/693/14 454/942/14
f 446/926/15 335/701/15 462/958/15
f 464/962/16 325/681/16 446/926/16
f 456/946/17 337/705/17 464/962/17
f 452/938/18 356/743/18 456/946/18
f 492/1022/19 348/727/19 452/938/19
f 473/980/20 387/808/20 492/1022/20
f 487/1012/21 368/769/21 473/980/21
f 477/988/22 359/750/22 487/1012/22
f 486/1010/23 370/773/23 477/988/23
f 693/1457/3 16/20/3 655/1378/3
f 16/20/4 660/1388/4 656/1380/4
f 660/1388/1 697/1467/1 696/1464/1
f 655/1378/2 699/1471/2 695/1462/2
f 21/29/6 694/1460/6 697/1467/6
f 657/1382/1 700/1473/1 699/1471/1
f 658/1384/2 698/1469/2 700/1473/2
f 1/1/3 661/1390/3 702/1477/3
f 1/1/4 665/1398/4 662/1392/4
f 665/1398/1 707/1488/1 706/1486/1
f 663/1394/2 704/1482/2 708/1490/2
f 18/24/6 701/1475/6 707/1488/6
f 661/1390/2 709/1492/2 703/1480/2
f 664/1396/3 708/1490/3 710/1494/3
f 669/1406/3 4/4/3 712/1498/3
f 670/1408/4 713/1501/4 714/1503/4
f 12/14/1 672/1412/1 716/1507/1
f 4/4/2 671/1410/2 12/14/2
f 4/4/6 715/1505/6 711/1496/6
f 668/1404/1 714/1503/1 718/1512/1
f 672/1412/4 718/1512/4 717/1510/4
f 678/1424/3 2/2/3 720/1516/3
f 676/1420/4 722/1521/4 723/1523/4
f 724/1525/1 677/1422/1 726/1529/1
f 8/10/2 679/1426/2 673/1414/2
f 2/2/6 724/1525/6 719/1514/6
f 675/1418/3 728/1533/3 727/1531/3
f 674/1416/4 721/1519/4 728/1533/4
f 686/1443/4 701/1476/4 697/1468/4
f 13/15/1 7/9/1 15/19/1
f 7/9/2 719/1515/2 724/1526/2
f 7/9/6 686/1444/6 685/1439/6
f 9/11/1 692/1456/1 11/13/1
f 3/3/5 683/1435/5 5/5/5
f 706/1487/6 13/15/6 705/1485/6
f 11/13/5 683/1435/5 699/1472/5
f 722/1522/5 11/13/5 708/1491/5
f 726/1530/6 15/19/6 725/1528/6
f 714/1504/5 3/3/5 721/1520/5
f 3/3/3 690/1452/3 689/1450/3
f 3/3/2 687/1446/2 691/1454/2
f 5/5/4 692/1456/4 688/1448/4
f 121/241/1 128/256/1 50/91/1
f 74/142/1 56/106/1 130/261/1
f 121/241/1 50/91/1 74/142/1
f 681/1429/1 682/1431/1 119/236/1
f 119/236/1 130/261/1 684/1436/1
f 683/1434/1 681/1429/1 119/236/1
f 684/1436/1 130/261/1 56/106/1
f 6/6/1 50/91/1 128/256/1
f 119/236/1 682/1431/1 685/1440/1
f 6/6/1 128/256/1 119/236/1
f 686/1442/1 684/1436/1 56/106/1
f 6/6/1 119/236/1 685/1440/1
f 685/1440/1 686/1442/1 56/106/1
f 212/452/2 216/460/2 74/142/2
f 103/202/2 97/190/2 218/465/2
f 212/452/2 74/142/2 103/202/2
f 206/439/2 218/465/2 97/190/2
f 56/106/2 74/142/2 216/460/2
f 206/439/2 97/190/2 56/106/2
f 149/311/3 143/297/3 97/190/3
f 94/184/3 81/157/3 151/316/3
f 94/184/3 151/316/3 145/302/3
f 149/311/3 97/190/3 103/202/3
f 94/184/3 145/302/3 149/311/3
f 81/157/3 97/190/3 143/297/3
f 178/378/4 169/358/4 81/157/4
f 50/92/4 6/7/4 180/382/4
f 50/92/4 180/382/4 176/373/4
f 178/378/4 81/157/4 94/184/4
f 50/92/4 176/373/4 178/378/4
f 6/7/4 81/157/4 169/358/4
f 97/190/5 81/157/5 6/8/5
f 106/207/6 113/224/6 74/143/6
f 50/93/6 94/184/6 117/232/6
f 106/207/6 74/143/6 50/93/6
f 110/217/6 117/232/6 94/184/6
f 103/202/6 74/143/6 113/224/6
f 110/217/6 94/184/6 103/202/6
f 113/225/3 106/208/3 133/269/3
f 46/81/6 26/40/6 137/281/6
f 113/225/3 133/269/3 46/81/3
f 110/218/4 113/225/4 137/281/4
f 89/174/6 64/121/6 164/345/6
f 110/218/4 137/281/4 89/174/4
f 164/345/1 44/77/1 63/119/1
f 63/119/1 159/333/1 117/233/1
f 117/233/1 110/218/1 164/345/1
f 167/354/6 30/48/6 75/144/6
f 75/144/2 133/270/2 106/209/2
f 106/209/2 117/233/2 159/333/2
f 167/354/2 75/144/2 106/209/2
f 121/242/4 130/262/4 221/471/4
f 69/130/4 137/282/4 121/242/4
f 119/237/2 128/257/2 133/271/2
f 41/70/2 187/399/2 119/237/2
f 690/1451/6 688/1447/6 20/28/6
f 20/28/6 221/472/6 130/263/6
f 130/263/6 119/238/6 187/400/6
f 33/55/6 687/1445/6 689/1449/6
f 690/1451/6 20/28/6 130/263/6
f 187/400/6 33/55/6 689/1449/6
f 689/1449/6 690/1451/6 130/263/6
f 691/1453/6 687/1445/6 33/55/6
f 33/55/6 199/427/6 184/391/6
f 691/1453/6 33/55/6 184/391/6
f 184/391/6 231/493/6 266/562/6
f 264/559/6 20/28/6 688/1447/6
f 692/1455/6 691/1453/6 184/391/6
f 264/559/6 688/1447/6 692/1455/6
f 184/391/6 266/562/6 264/559/6
f 633/1312/6 634/1314/6 632/1309/6
f 627/1294/6 628/1297/6 629/1299/6
f 629/1299/6 631/1305/6 225/481/6
f 252/536/6 86/168/6 221/472/6
f 629/1299/6 225/481/6 252/536/6
f 629/1299/6 252/536/6 221/472/6
f 221/472/6 20/28/6 655/1377/6
f 221/472/6 655/1377/6 656/1379/6
f 627/1294/6 629/1299/6 221/472/6
f 632/1309/6 627/1294/6 221/472/6
f 221/472/6 656/1379/6 660/1387/6
f 660/1387/6 659/1385/6 264/559/6
f 264/559/6 231/493/6 630/1302/6
f 633/1312/6 632/1309/6 221/472/6
f 264/559/6 630/1302/6 633/1312/6
f 221/472/40 660/1387/40 264/559/40
f 657/1381/6 655/1377/6 20/28/6
f 264/559/6 659/1385/6 658/1383/6
f 657/1381/6 20/28/6 264/559/6
f 645/1348/6 646/1350/6 641/1336/6
f 642/1339/6 643/1342/6 644/1344/6
f 644/1344/6 648/1356/6 184/391/6
f 184/391/6 199/427/6 202/432/6
f 184/391/6 202/432/6 669/1405/6
f 184/391/6 669/1405/6 670/1407/6
f 670/1407/6 668/1403/6 672/1411/6
f 671/1409/6 667/1401/6 187/400/6
f 184/391/6 670/1407/6 672/1411/6
f 184/391/6 672/1411/6 671/1409/6
f 644/1344/6 184/391/6 671/1409/6
f 187/400/6 73/140/6 647/1353/6
f 187/400/6 647/1353/6 645/1348/6
f 644/1344/6 671/1409/6 187/400/6
f 642/1339/6 644/1344/6 187/400/6
f 187/400/6 645/1348/6 641/1336/6
f 202/432/6 33/55/6 187/400/6
f 187/400/6 667/1401/6 669/1405/6
f 46/82/5 133/272/5 128/258/5
f 128/258/5 121/243/5 137/283/5
f 149/312/4 164/346/4 102/200/4
f 102/200/4 238/509/4 143/298/4
f 195/418/6 91/178/6 158/331/6
f 158/331/2 159/334/2 145/303/2
f 145/303/2 151/317/2 195/418/2
f 151/318/6 143/299/6 238/510/6
f 38/65/1 60/113/1 195/419/1
f 151/318/6 238/510/6 38/65/6
f 241/516/6 233/498/6 194/416/6
f 194/416/6 60/113/6 38/65/6
f 665/1397/6 666/1399/6 245/523/6
f 245/523/6 38/65/6 238/510/6
f 233/498/6 663/1393/6 664/1395/6
f 233/498/6 664/1395/6 661/1389/6
f 245/523/6 238/510/6 55/103/6
f 665/1397/6 245/523/6 55/103/6
f 55/103/6 233/498/6 661/1389/6
f 662/1391/6 665/1397/6 55/103/6
f 666/1399/6 663/1393/6 233/498/6
f 233/498/6 241/516/6 245/523/6
f 680/1427/6 674/1415/6 675/1417/6
f 257/544/6 678/1423/6 680/1427/6
f 60/113/6 194/416/6 257/544/6
f 24/36/6 195/419/6 60/113/6
f 677/1421/6 673/1413/6 253/537/6
f 253/537/6 24/36/6 60/113/6
f 257/544/6 680/1427/6 675/1417/6
f 676/1419/41 677/1421/41 253/537/41
f 257/544/6 675/1417/6 676/1419/6
f 676/1419/6 253/537/6 60/113/6
f 253/537/6 673/1413/6 679/1425/6
f 679/1425/6 678/1423/6 257/544/6
f 159/335/1 63/120/1 44/78/1
f 44/78/5 164/347/5 149/313/5
f 149/313/5 145/304/5 159/335/5
f 176/374/3 180/383/3 187/401/3
f 41/71/3 133/273/3 176/374/3
f 159/336/4 158/332/4 91/179/4
f 91/179/1 195/420/1 169/359/1
f 169/359/1 178/379/1 159/336/1
f 195/420/5 24/37/5 73/141/5
f 73/141/6 187/402/6 180/384/6
f 180/384/6 169/359/6 195/420/6
f 649/1359/6 647/1354/6 73/141/6
f 24/37/3 257/545/3 194/417/3
f 194/417/6 184/392/6 648/1357/6
f 654/1374/6 652/1369/6 650/1362/6
f 194/417/6 648/1357/6 654/1374/6
f 649/1359/6 73/141/6 24/37/6
f 651/1365/6 653/1371/6 649/1359/6
f 194/417/6 654/1374/6 650/1362/6
f 651/1365/6 649/1359/6 24/37/6
f 194/417/6 650/1362/6 651/1365/6
f 176/375/5 133/274/5 75/145/5
f 30/49/5 167/355/5 159/336/5
f 176/375/5 75/145/5 30/49/5
f 159/336/5 178/379/5 176/375/5
f 206/440/3 216/461/3 137/284/3
f 69/131/3 221/473/3 206/440/3
f 212/453/1 218/466/1 238/511/1
f 102/201/1 164/348/1 212/453/1
f 218/466/6 206/441/6 221/474/6
f 86/169/6 55/104/6 238/511/6
f 218/466/6 221/474/6 86/169/6
f 639/1329/6 638/1326/6 635/1317/6
f 635/1317/6 630/1303/6 231/494/6
f 231/494/6 233/499/6 55/104/6
f 55/104/6 86/169/6 225/482/6
f 225/482/6 631/1306/6 637/1323/6
f 637/1323/6 636/1321/6 640/1332/6
f 639/1329/6 635/1317/6 231/494/6
f 225/482/6 637/1323/6 640/1332/6
f 639/1329/6 231/494/6 55/104/6
f 55/104/6 225/482/6 640/1332/6
f 89/175/5 137/285/5 216/462/5
f 216/462/5 212/453/5 164/348/5
f 233/500/6 231/495/6 184/393/6
f 633/1313/6 630/1304/6 635/1318/6
f 635/1318/2 112/221/2 71/135/2
f 84/163/3 27/41/3 627/1295/3
f 631/1307/4 629/1300/4 42/72/4
f 42/72/4 154/324/4 637/1324/4
f 132/267/1 639/1330/1 640/1333/1
f 543/1123/6 541/1119/6 49/88/6
f 49/88/6 27/42/6 84/164/6
f 84/164/6 96/188/6 376/784/6
f 84/164/6 376/784/6 378/788/6
f 553/1143/6 543/1123/6 49/88/6
f 556/1149/6 553/1143/6 49/88/6
f 84/164/6 378/788/6 398/829/6
f 84/164/6 398/829/6 401/835/6
f 556/1149/6 49/88/6 84/164/6
f 524/1085/6 556/1149/6 84/164/6
f 84/164/6 401/835/6 465/963/6
f 84/164/6 465/963/6 449/931/6
f 498/1033/6 524/1085/6 84/164/6
f 84/164/6 449/931/6 478/989/6
f 448/929/6 461/955/6 419/871/6
f 419/871/6 405/843/6 394/821/6
f 394/821/6 381/794/6 385/803/6
f 385/803/42 380/792/42 390/813/42
f 390/813/6 414/861/6 410/853/6
f 410/853/6 459/951/6 443/919/6
f 443/919/6 430/893/6 428/889/6
f 428/889/6 485/1006/6 505/1047/6
f 505/1047/6 517/1071/6 511/1059/6
f 511/1059/6 519/1075/6 550/1137/6
f 550/1137/6 525/1087/6 529/1095/6
f 529/1095/41 528/1093/41 552/1141/41
f 552/1141/6 514/1065/6 509/1055/6
f 509/1055/6 522/1081/6 494/1025/6
f 494/1025/6 491/1019/6 481/997/6
f 481/997/6 435/903/6 448/929/6
f 448/929/6 419/871/6 394/821/6
f 394/821/6 385/803/6 390/813/6
f 390/813/6 410/853/6 443/919/6
f 443/919/6 428/889/6 505/1047/6
f 505/1047/6 511/1059/6 550/1137/6
f 550/1137/6 529/1095/6 552/1141/6
f 552/1141/6 509/1055/6 494/1025/6
f 494/1025/6 481/997/6 448/929/6
f 448/929/6 394/821/6 390/813/6
f 390/813/6 443/919/6 505/1047/6
f 505/1047/6 550/1137/6 552/1141/6
f 552/1141/6 494/1025/6 448/929/6
f 448/929/6 390/813/6 505/1047/6
f 609/1257/6 612/1263/6 185/394/6
f 185/394/6 154/324/6 42/73/6
f 42/73/6 49/88/6 541/1119/6
f 42/73/6 541/1119/6 536/1109/6
f 609/1257/6 185/394/6 42/73/6
f 608/1255/6 609/1257/6 42/73/6
f 42/73/6 536/1109/6 531/1099/6
f 42/73/6 531/1099/6 533/1103/6
f 610/1259/6 608/1255/6 42/73/6
f 613/1265/6 610/1259/6 42/73/6
f 42/73/6 533/1103/6 539/1115/6
f 42/73/6 539/1115/6 537/1111/6
f 614/1267/6 613/1265/6 42/73/6
f 617/1273/6 614/1267/6 42/73/6
f 42/73/42 537/1111/42 547/1131/42
f 42/73/43 547/1131/43 545/1127/43
f 618/1275/6 617/1273/6 42/73/6
f 604/1247/6 618/1275/6 42/73/6
f 604/1247/6 42/73/6 545/1127/6
f 596/1231/6 604/1247/6 545/1127/6
f 596/1231/6 545/1127/6 515/1067/6
f 585/1207/6 596/1231/6 515/1067/6
f 585/1207/6 515/1067/6 501/1039/6
f 588/1215/6 585/1207/6 501/1039/6
f 588/1215/6 501/1039/6 422/877/6
f 590/1219/6 588/1215/6 422/877/6
f 590/1219/6 422/877/6 437/907/6
f 624/1287/6 590/1219/6 437/907/6
f 624/1287/6 437/907/6 453/939/6
f 625/1289/6 624/1287/6 453/939/6
f 625/1289/6 453/939/6 469/971/6
f 623/1285/6 625/1289/6 469/971/6
f 623/1285/6 469/971/6 474/981/6
f 626/1291/6 623/1285/6 474/981/6
f 626/1291/6 474/981/6 371/774/6
f 622/1283/6 626/1291/6 371/774/6
f 622/1283/6 371/774/6 373/778/6
f 140/291/6 558/1153/6 621/1281/6
f 621/1281/6 622/1283/6 373/778/6
f 621/1281/6 373/778/6 367/766/6
f 112/222/6 140/291/6 621/1281/6
f 96/188/6 71/136/6 112/222/6
f 369/770/6 376/784/6 96/188/6
f 621/1281/6 367/766/6 365/762/6
f 365/762/6 369/770/6 96/188/6
f 96/188/6 112/222/6 621/1281/6
f 599/1237/42 619/1277/42 606/1251/42
f 606/1251/6 605/1249/6 607/1253/6
f 607/1253/41 620/1279/41 598/1235/41
f 598/1235/41 600/1239/41 603/1245/41
f 603/1245/6 595/1229/6 597/1233/6
f 597/1233/6 586/1211/6 582/1201/6
f 582/1201/6 587/1213/6 580/1197/6
f 580/1197/41 589/1217/41 569/1175/41
f 569/1175/41 571/1179/41 575/1187/41
f 575/1187/6 565/1167/6 574/1185/6
f 574/1185/42 570/1177/42 573/1183/42
f 573/1183/42 576/1189/42 579/1195/42
f 579/1195/6 578/1193/6 581/1199/6
f 581/1199/6 583/1203/6 592/1223/6
f 592/1223/6 591/1221/6 594/1227/6
f 594/1227/42 602/1243/42 599/1237/42
f 599/1237/6 606/1251/6 607/1253/6
f 607/1253/6 598/1235/6 603/1245/6
f 603/1245/42 597/1233/42 582/1201/42
f 582/1201/6 580/1197/6 569/1175/6
f 569/1175/6 575/1187/6 574/1185/6
f 574/1185/6 573/1183/6 579/1195/6
f 579/1195/41 581/1199/41 592/1223/41
f 592/1223/6 594/1227/6 599/1237/6
f 599/1237/6 607/1253/6 603/1245/6
f 603/1245/6 582/1201/6 569/1175/6
f 569/1175/6 574/1185/6 579/1195/6
f 579/1195/6 592/1223/6 599/1237/6
f 599/1237/6 603/1245/6 569/1175/6
f 559/1155/41 558/1153/41 140/291/41
f 140/291/6 132/268/6 165/350/6
f 165/350/6 185/394/6 612/1263/6
f 165/350/6 612/1263/6 611/1261/6
f 563/1163/6 559/1155/6 140/291/6
f 561/1159/6 563/1163/6 140/291/6
f 165/350/6 611/1261/6 616/1271/6
f 165/350/6 616/1271/6 615/1269/6
f 568/1173/6 561/1159/6 140/291/6
f 567/1171/6 568/1173/6 140/291/6
f 165/350/6 615/1269/6 601/1241/6
f 165/350/6 601/1241/6 593/1225/6
f 567/1171/6 140/291/6 165/350/6
f 572/1181/6 567/1171/6 165/350/6
f 165/350/6 593/1225/6 584/1205/6
f 577/1191/6 572/1181/6 165/350/6
f 27/43/4 49/89/4 628/1298/4
f 49/90/3 42/74/3 629/1301/3
f 84/165/2 632/1310/2 634/1315/2
f 71/137/3 96/189/3 634/1316/3
f 112/223/1 635/1319/1 638/1327/1
f 140/292/2 638/1328/2 639/1331/2
f 185/395/4 165/351/4 640/1334/4
f 185/396/1 636/1322/1 637/1325/1
f 498/1034/8 478/990/8 23/34/8
f 524/1086/9 498/1034/9 39/66/9
f 556/1150/10 524/1086/10 53/98/10
f 553/1144/11 556/1150/11 67/126/11
f 543/1124/12 553/1144/12 80/155/12
f 543/1124/13 92/180/13 108/213/13
f 541/1120/14 108/213/14 123/246/14
f 536/1110/15 123/246/15 141/293/15
f 531/1100/16 141/293/16 161/339/16
f 533/1104/17 161/339/17 174/368/17
f 539/1116/18 174/368/18 189/405/18
f 537/1112/19 189/405/19 197/423/19
f 547/1132/20 197/423/20 208/444/20
f 545/1128/21 208/444/21 210/448/21
f 515/1068/22 210/448/22 219/467/22
f 501/1040/23 219/467/23 223/477/23
f 422/878/24 223/477/24 229/489/24
f 437/908/25 229/489/25 235/503/25
f 453/940/26 235/503/26 243/519/26
f 469/972/27 243/519/27 247/526/27
f 474/982/28 247/526/28 255/540/28
f 373/779/29 371/775/29 255/540/29
f 367/767/30 373/779/30 259/548/30
f 365/763/31 367/767/31 268/565/31
f 369/771/32 365/763/32 270/569/32
f 376/785/33 369/771/33 274/577/33
f 378/789/34 376/785/34 276/581/34
f 398/830/35 378/789/35 280/589/35
f 401/836/36 398/830/36 282/593/36
f 465/964/37 401/836/37 286/601/37
f 449/932/38 465/964/38 288/605/38
f 478/991/39 449/932/39 292/613/39
f 123/247/41 108/214/41 92/181/41
f 92/181/42 80/156/42 67/127/42
f 67/127/42 53/99/42 39/67/42
f 39/67/6 23/35/6 292/614/6
f 292/614/6 355/740/6 295/619/6
f 292/614/6 295/619/6 297/624/6
f 67/127/6 39/67/6 292/614/6
f 123/247/6 92/181/6 67/127/6
f 161/340/6 141/294/6 123/247/6
f 189/406/6 174/369/6 161/340/6
f 208/445/41 197/424/41 189/406/41
f 219/468/41 210/449/41 208/445/41
f 299/628/6 310/650/6 219/468/6
f 308/646/6 299/628/6 219/468/6
f 219/468/6 208/445/6 189/406/6
f 189/406/6 161/340/6 123/247/6
f 123/247/6 67/127/6 292/614/6
f 292/614/6 297/624/6 311/652/6
f 292/614/6 311/652/6 303/636/6
f 219/468/6 189/406/6 123/247/6
f 317/664/6 308/646/6 219/468/6
f 315/660/6 317/664/6 219/468/6
f 123/247/6 292/614/6 303/636/6
f 123/247/6 303/636/6 332/694/6
f 315/660/6 219/468/6 123/247/6
f 326/682/6 315/660/6 123/247/6
f 123/247/6 332/694/6 319/668/6
f 123/247/6 319/668/6 330/690/6
f 327/684/6 326/682/6 123/247/6
f 322/674/6 327/684/6 123/247/6
f 123/247/6 330/690/6 323/676/6
f 247/527/6 243/520/6 235/504/6
f 235/504/42 229/490/42 223/478/42
f 223/478/6 219/468/6 310/650/6
f 223/478/6 310/650/6 358/747/6
f 247/527/6 235/504/6 223/478/6
f 259/549/6 255/541/6 247/527/6
f 270/570/6 268/566/6 259/549/6
f 276/582/6 274/578/6 270/570/6
f 282/594/6 280/590/6 276/582/6
f 288/606/6 286/602/6 282/594/6
f 355/740/6 292/614/6 288/606/6
f 350/730/6 355/740/6 288/606/6
f 288/606/6 282/594/6 276/582/6
f 276/582/6 270/570/6 259/549/6
f 259/549/6 247/527/6 223/478/6
f 223/478/6 358/747/6 360/751/6
f 223/478/6 360/751/6 361/753/6
f 276/582/6 259/549/6 223/478/6
f 350/730/6 288/606/6 276/582/6
f 353/736/6 350/730/6 276/582/6
f 223/478/6 361/753/6 351/732/6
f 223/478/6 351/732/6 346/722/6
f 364/760/6 353/736/6 276/582/6
f 343/716/6 364/760/6 276/582/6
f 223/478/41 346/722/41 342/714/41
f 276/582/6 223/478/6 342/714/6
f 347/724/6 343/716/6 276/582/6
f 339/708/6 347/724/6 276/582/6
f 276/582/6 342/714/6 336/702/6
f 276/582/6 336/702/6 338/706/6
f 334/698/6 339/708/6 276/582/6
f 491/1020/24 297/625/24 295/620/24
f 494/1026/25 311/653/25 297/625/25
f 522/1082/26 303/637/26 311/653/26
f 509/1056/27 332/695/27 303/637/27
f 514/1066/28 319/669/28 332/695/28
f 514/1066/29 552/1142/29 330/691/29
f 552/1142/30 528/1094/30 323/677/30
f 528/1094/31 529/1096/31 322/675/31
f 529/1096/32 525/1088/32 327/685/32
f 525/1088/33 550/1138/33 326/683/33
f 550/1138/34 519/1076/34 315/661/34
f 519/1076/35 511/1060/35 317/665/35
f 511/1060/36 517/1072/36 308/647/36
f 517/1072/37 505/1048/37 299/629/37
f 505/1048/38 485/1007/38 310/651/38
f 485/1007/39 428/890/39 358/748/39
f 428/890/8 430/894/8 360/752/8
f 430/894/9 443/920/9 361/754/9
f 443/920/10 459/952/10 351/733/10
f 459/952/11 410/854/11 346/723/11
f 410/854/12 414/862/12 342/715/12
f 390/814/13 336/703/13 342/715/13
f 380/793/14 338/707/14 336/703/14
f 385/804/15 334/699/15 338/707/15
f 381/795/16 339/709/16 334/699/16
f 394/822/17 347/725/17 339/709/17
f 405/844/18 343/717/18 347/725/18
f 419/872/19 364/761/19 343/717/19
f 461/956/20 353/737/20 364/761/20
f 448/930/21 350/731/21 353/737/21
f 435/904/22 355/741/22 350/731/22
f 481/998/23 295/621/23 355/741/23
f 596/1232/8 585/1208/8 14/17/8
f 604/1248/9 596/1232/9 31/50/9
f 618/1276/10 604/1248/10 36/61/10
f 617/1274/11 618/1276/11 47/83/11
f 614/1268/12 617/1274/12 59/111/12
f 614/1268/13 65/122/13 78/150/13
f 613/1266/14 78/150/14 88/172/14
f 610/1260/15 88/172/15 99/194/15
f 608/1256/16 99/194/16 104/203/16
f 609/1258/17 104/203/17 115/228/17
f 612/1264/18 115/228/18 125/250/18
f 611/1262/19 125/250/19 135/277/19
f 616/1272/20 135/277/20 147/307/20
f 615/1270/21 147/307/21 155/325/21
f 601/1242/22 155/325/22 172/364/22
f 593/1226/23 172/364/23 181/385/23
f 584/1206/24 181/385/24 192/411/24
f 577/1192/25 192/411/25 203/433/25
f 572/1182/26 203/433/26 213/454/26
f 567/1172/27 213/454/27 227/485/27
f 568/1174/28 227/485/28 239/512/28
f 563/1164/29 561/1160/29 239/512/29
f 559/1156/30 563/1164/30 249/530/30
f 621/1282/6 558/1154/6 559/1156/6
f 559/1156/31 261/552/31 271/571/31
f 622/1284/32 621/1282/32 271/571/32
f 626/1292/33 622/1284/33 277/583/33
f 623/1286/34 626/1292/34 284/597/34
f 625/1290/35 623/1286/35 290/609/35
f 624/1288/36 625/1290/36 294/617/36
f 590/1220/37 624/1288/37 302/634/37
f 588/1216/38 590/1220/38 305/640/38
f 585/1209/39 588/1216/39 313/656/39
f 88/173/41 78/151/41 65/123/41
f 65/123/42 59/112/42 47/84/42
f 47/84/42 36/62/42 31/51/42
f 31/51/6 14/18/6 313/657/6
f 313/657/6 489/1015/6 384/800/6
f 313/657/6 384/800/6 388/809/6
f 47/84/6 31/51/6 313/657/6
f 88/173/6 65/123/6 47/84/6
f 104/204/6 99/195/6 88/173/6
f 125/251/6 115/229/6 104/204/6
f 147/308/41 135/278/41 125/251/41
f 172/365/41 155/326/41 147/308/41
f 391/815/6 404/841/6 172/365/6
f 399/831/6 391/815/6 172/365/6
f 172/365/6 147/308/6 125/251/6
f 125/251/6 104/204/6 88/173/6
f 88/173/6 47/84/6 313/657/6
f 313/657/6 388/809/6 407/847/6
f 313/657/6 407/847/6 395/823/6
f 172/365/6 125/251/6 88/173/6
f 415/863/6 399/831/6 172/365/6
f 412/857/6 415/863/6 172/365/6
f 88/173/6 313/657/6 395/823/6
f 88/173/6 395/823/6 442/917/6
f 412/857/6 172/365/6 88/173/6
f 431/895/6 412/857/6 88/173/6
f 88/173/6 442/917/6 417/867/6
f 88/173/6 417/867/6 440/913/6
f 434/901/6 431/895/6 88/173/6
f 423/879/6 434/901/6 88/173/6
f 88/173/6 440/913/6 426/885/6
f 489/1015/6 313/657/6 305/641/6
f 305/641/6 302/635/6 294/618/6
f 294/618/6 290/610/6 284/598/6
f 284/598/6 277/584/6 271/572/6
f 271/572/6 261/553/6 249/531/6
f 249/531/6 239/513/6 227/486/6
f 227/486/6 213/455/6 203/434/6
f 203/434/42 192/412/42 181/386/42
f 181/386/6 172/365/6 404/841/6
f 181/386/6 404/841/6 495/1027/6
f 227/486/6 203/434/6 181/386/6
f 271/572/6 249/531/6 227/486/6
f 294/618/6 284/598/6 271/572/6
f 489/1015/6 305/641/6 294/618/6
f 479/992/6 489/1015/6 294/618/6
f 294/618/6 271/572/6 227/486/6
f 227/486/6 181/386/6 495/1027/6
f 227/486/6 495/1027/6 499/1035/6
f 488/1013/6 479/992/6 294/618/6
f 507/1051/6 488/1013/6 294/618/6
f 227/486/6 499/1035/6 504/1045/6
f 227/486/6 504/1045/6 484/1004/6
f 468/969/6 507/1051/6 294/618/6
f 476/985/6 468/969/6 294/618/6
f 227/486/6 484/1004/6 471/975/6
f 227/486/6 471/975/6 463/959/6
f 458/949/6 476/985/6 294/618/6
f 445/923/6 458/949/6 294/618/6
f 227/486/6 463/959/6 451/935/6
f 455/943/41 445/923/41 294/618/41
f 227/486/6 451/935/6 455/943/6
f 597/1234/24 388/810/24 384/801/24
f 595/1230/25 407/848/25 388/810/25
f 603/1246/26 395/824/26 407/848/26
f 600/1240/27 442/918/27 395/824/27
f 598/1236/28 417/868/28 442/918/28
f 598/1236/29 620/1280/29 440/914/29
f 620/1280/30 607/1254/30 426/886/30
f 607/1254/31 605/1250/31 423/880/31
f 605/1250/32 606/1252/32 434/902/32
f 606/1252/33 619/1278/33 431/896/33
f 619/1278/34 599/1238/34 412/858/34
f 599/1238/35 602/1244/35 415/864/35
f 602/1244/36 594/1228/36 399/832/36
f 594/1228/37 591/1222/37 391/816/37
f 591/1222/38 592/1224/38 404/842/38
f 592/1224/39 583/1204/39 495/1028/39
f 583/1204/8 581/1200/8 499/1036/8
f 581/1200/9 578/1194/9 504/1046/9
f 578/1194/10 579/1196/10 484/1005/10
f 579/1196/11 576/1190/11 471/976/11
f 576/1190/12 573/1184/12 463/960/12
f 570/1178/13 451/936/13 463/960/13
f 574/1186/14 455/944/14 451/936/14
f 565/1168/15 445/924/15 455/944/15
f 575/1188/16 458/950/16 445/924/16
f 571/1180/17 476/986/17 458/950/17
f 569/1176/18 468/970/18 476/986/18
f 589/1218/19 507/1052/19 468/970/19
f 580/1198/20 488/1014/20 507/1052/20
f 587/1214/21 479/993/21 488/1014/21
f 582/1202/22 489/1016/22 479/993/22
f 586/1212/23 384/802/23 489/1016/23
f 645/1349/5 647/1355/5 649/1360/5
f 649/1360/2 70/132/2 48/85/2
f 54/100/3 22/30/3 642/1340/3
f 654/1375/6 648/1358/6 644/1345/6
f 644/1345/4 32/52/4 90/177/4
f 79/153/1 651/1366/1 650/1363/1
f 424/881/6 421/875/6 35/58/6
f 35/58/6 22/31/6 54/101/6
f 54/101/6 61/115/6 256/542/6
f 54/101/6 256/542/6 258/546/6
f 433/899/6 424/881/6 35/58/6
f 436/905/6 433/899/6 35/58/6
f 54/101/6 258/546/6 278/585/6
f 54/101/6 278/585/6 281/591/6
f 436/905/6 35/58/6 54/101/6
f 403/839/6 436/905/6 54/101/6
f 54/101/6 281/591/6 345/720/6
f 54/101/6 345/720/6 329/688/6
f 377/786/6 403/839/6 54/101/6
f 54/101/6 329/688/6 357/744/6
f 393/819/41 389/811/41 402/837/41
f 402/837/6 374/780/6 372/776/6
f 372/776/6 362/756/6 316/662/6
f 316/662/6 328/686/6 341/712/6
f 341/712/41 300/630/41 285/599/41
f 285/599/41 273/575/41 262/554/41
f 262/554/6 265/560/6 260/550/6
f 260/550/42 269/567/42 293/615/42
f 293/615/42 289/607/42 340/710/42
f 340/710/6 324/678/6 309/648/6
f 309/648/6 307/644/6 366/764/6
f 366/764/6 386/805/6 397/827/6
f 397/827/42 392/817/42 400/833/42
f 400/833/42 429/891/42 406/845/42
f 406/845/6 409/851/6 408/849/6
f 408/849/41 432/897/41 393/819/41
f 393/819/42 402/837/42 372/776/42
f 372/776/42 316/662/42 341/712/42
f 341/712/6 285/599/6 262/554/6
f 262/554/6 260/550/6 293/615/6
f 293/615/41 340/710/41 309/648/41
f 309/648/41 366/764/41 397/827/41
f 397/827/6 400/833/6 406/845/6
f 406/845/6 408/849/6 393/819/6
f 393/819/6 372/776/6 341/712/6
f 341/712/6 262/554/6 293/615/6
f 293/615/6 309/648/6 397/827/6
f 397/827/6 406/845/6 393/819/6
f 393/819/6 341/712/6 293/615/6
f 532/1101/6 538/1113/6 107/210/6
f 107/210/6 90/177/6 32/53/6
f 32/53/6 35/58/6 421/875/6
f 32/53/6 421/875/6 416/865/6
f 532/1101/6 107/210/6 32/53/6
f 530/1097/6 532/1101/6 32/53/6
f 32/53/6 416/865/6 411/855/6
f 32/53/6 411/855/6 413/859/6
f 534/1105/6 530/1097/6 32/53/6
f 540/1117/6 534/1105/6 32/53/6
f 32/53/6 413/859/6 420/873/6
f 32/53/6 420/873/6 418/869/6
f 542/1121/6 540/1117/6 32/53/6
f 548/1133/6 542/1121/6 32/53/6
f 32/53/6 418/869/6 427/887/6
f 32/53/43 427/887/43 425/883/43
f 549/1135/6 548/1133/6 32/53/6
f 521/1079/6 549/1135/6 32/53/6
f 521/1079/6 32/53/6 425/883/6
f 506/1049/6 521/1079/6 425/883/6
f 506/1049/6 425/883/6 396/825/6
f 483/1001/6 506/1049/6 396/825/6
f 483/1001/6 396/825/6 382/796/6
f 490/1017/6 483/1001/6 382/796/6
f 490/1017/6 382/796/6 301/632/6
f 493/1023/6 490/1017/6 301/632/6
f 493/1023/6 301/632/6 318/666/6
f 562/1161/6 493/1023/6 318/666/6
f 562/1161/6 318/666/6 333/696/6
f 564/1165/6 562/1161/6 333/696/6
f 564/1165/6 333/696/6 349/728/6
f 560/1157/6 564/1165/6 349/728/6
f 560/1157/6 349/728/6 354/738/6
f 566/1169/6 560/1157/6 354/738/6
f 566/1169/6 354/738/6 251/534/6
f 557/1151/6 566/1169/6 251/534/6
f 557/1151/6 251/534/6 254/538/6
f 83/161/6 438/909/6 555/1147/6
f 555/1147/6 557/1151/6 254/538/6
f 555/1147/6 254/538/6 248/528/6
f 70/133/6 83/161/6 555/1147/6
f 61/115/6 48/86/6 70/133/6
f 250/532/6 256/542/6 61/115/6
f 555/1147/6 248/528/6 246/524/6
f 246/524/6 250/532/6 61/115/6
f 61/115/6 70/133/6 555/1147/6
f 503/1043/6 508/1053/6 486/1009/6
f 486/1009/6 477/987/6 487/1011/6
f 487/1011/6 473/979/6 492/1021/6
f 492/1021/6 452/937/6 456/945/6
f 456/945/6 464/961/6 446/925/6
f 446/925/42 462/957/42 454/941/42
f 454/941/6 460/953/6 466/965/6
f 466/965/6 472/977/6 470/973/6
f 470/973/6 475/983/6 480/994/6
f 480/994/6 497/1031/6 496/1029/6
f 496/1029/6 502/1041/6 518/1073/6
f 518/1073/6 512/1061/6 551/1139/6
f 551/1139/6 526/1089/6 523/1083/6
f 523/1083/41 527/1091/41 554/1145/41
f 554/1145/6 510/1057/6 513/1063/6
f 513/1063/6 520/1077/6 503/1043/6
f 503/1043/6 486/1009/6 487/1011/6
f 487/1011/6 492/1021/6 456/945/6
f 456/945/6 446/925/6 454/941/6
f 454/941/6 466/965/6 470/973/6
f 470/973/6 480/994/6 496/1029/6
f 496/1029/6 518/1073/6 551/1139/6
f 551/1139/6 523/1083/6 554/1145/6
f 554/1145/6 513/1063/6 503/1043/6
f 503/1043/6 487/1011/6 456/945/6
f 456/945/6 454/941/6 470/973/6
f 470/973/6 496/1029/6 551/1139/6
f 551/1139/6 554/1145/6 503/1043/6
f 503/1043/6 456/945/6 470/973/6
f 439/911/6 438/909/6 83/161/6
f 83/161/6 79/154/6 98/192/6
f 98/192/6 107/210/6 538/1113/6
f 98/192/6 538/1113/6 535/1107/6
f 444/921/6 439/911/6 83/161/6
f 441/915/6 444/921/6 83/161/6
f 98/192/6 535/1107/6 546/1129/6
f 98/192/6 546/1129/6 544/1125/6
f 450/933/6 441/915/6 83/161/6
f 447/927/6 450/933/6 83/161/6
f 98/192/6 544/1125/6 516/1069/6
f 98/192/6 516/1069/6 500/1037/6
f 447/927/6 83/161/6 98/192/6
f 457/947/6 447/927/6 98/192/6
f 98/192/6 500/1037/6 482/999/6
f 467/967/6 457/947/6 98/192/6
f 22/32/4 35/59/4 643/1343/4
f 35/60/3 32/54/3 644/1346/3
f 54/102/2 641/1337/2 646/1351/2
f 48/87/3 61/116/3 646/1352/3
f 70/134/1 649/1361/1 653/1372/1
f 83/162/2 653/1373/2 651/1367/2
f 107/211/4 98/193/4 650/1364/4
f 107/212/1 652/1370/1 654/1376/1
f 377/787/8 357/745/8 19/26/8
f 403/840/9 377/787/9 29/46/9
f 436/906/10 403/840/10 37/63/10
f 433/900/11 436/906/11 45/79/11
f 424/882/12 433/900/12 52/96/12
f 424/882/13 58/109/13 68/128/13
f 421/876/14 68/128/14 76/146/14
f 416/866/15 76/146/15 85/166/15
f 411/856/16 85/166/16 95/185/16
f 413/860/17 95/185/17 101/198/17
f 420/874/18 101/198/18 109/215/18
f 418/870/19 109/215/19 114/226/19
f 427/888/20 114/226/20 118/234/20
f 425/884/21 118/234/21 120/239/21
f 396/826/22 120/239/22 124/248/22
f 382/797/23 124/248/23 126/252/23
f 301/633/24 126/252/24 129/259/24
f 318/667/25 129/259/25 131/264/25
f 333/697/26 131/264/26 136/279/26
f 349/729/27 136/279/27 138/286/27
f 354/739/28 138/286/28 142/295/28
f 254/539/29 251/535/29 142/295/29
f 248/529/30 254/539/30 144/300/30
f 246/525/31 248/529/31 148/309/31
f 250/533/32 246/525/32 150/314/32
f 256/543/33 250/533/33 153/321/33
f 258/547/34 256/543/34 156/327/34
f 278/586/35 258/547/35 160/337/35
f 281/592/36 278/586/36 162/341/36
f 345/721/37 281/592/37 166/352/37
f 329/689/38 345/721/38 168/356/38
f 357/746/39 329/689/39 171/362/39
f 52/97/6 45/80/6 37/64/6
f 37/64/41 29/47/41 19/27/41
f 19/27/6 171/363/6 236/505/6
f 19/27/6 236/505/6 175/370/6
f 52/97/6 37/64/6 19/27/6
f 68/129/6 58/110/6 52/97/6
f 85/167/6 76/147/6 68/129/6
f 101/199/6 95/186/6 85/167/6
f 114/227/6 109/216/6 101/199/6
f 120/240/6 118/235/6 114/227/6
f 190/407/6 124/249/6 120/240/6
f 179/380/6 190/407/6 120/240/6
f 120/240/6 114/227/6 101/199/6
f 101/199/6 85/167/6 68/129/6
f 68/129/6 52/97/6 19/27/6
f 19/27/6 175/370/6 177/376/6
f 19/27/6 177/376/6 191/409/6
f 101/199/6 68/129/6 19/27/6
f 179/380/6 120/240/6 101/199/6
f 188/403/6 179/380/6 101/199/6
f 19/27/6 191/409/6 183/389/6
f 19/27/6 183/389/6 211/450/6
f 198/425/6 188/403/6 101/199/6
f 196/421/6 198/425/6 101/199/6
f 19/27/42 211/450/42 200/428/42
f 101/199/6 19/27/6 200/428/6
f 205/437/6 196/421/6 101/199/6
f 207/442/6 205/437/6 101/199/6
f 101/199/6 200/428/6 209/446/6
f 101/199/6 209/446/6 204/435/6
f 201/430/6 207/442/6 101/199/6
f 162/342/6 160/338/6 156/328/6
f 156/328/6 153/322/6 150/315/6
f 150/315/6 148/310/6 144/301/6
f 144/301/6 142/296/6 138/287/6
f 138/287/6 136/280/6 131/265/6
f 131/265/42 129/260/42 126/253/42
f 126/253/6 124/249/6 190/407/6
f 126/253/6 190/407/6 237/507/6
f 138/287/6 131/265/6 126/253/6
f 150/315/6 144/301/6 138/287/6
f 162/342/6 156/328/6 150/315/6
f 168/357/6 166/353/6 162/342/6
f 236/505/6 171/363/6 168/357/6
f 230/491/6 236/505/6 168/357/6
f 168/357/6 162/342/6 150/315/6
f 150/315/6 138/287/6 126/253/6
f 126/253/6 237/507/6 240/514/6
f 126/253/6 240/514/6 242/517/6
f 234/501/6 230/491/6 168/357/6
f 244/521/6 234/501/6 168/357/6
f 126/253/6 242/517/6 232/496/6
f 126/253/6 232/496/6 226/483/6
f 244/521/6 168/357/6 150/315/6
f 224/479/6 244/521/6 150/315/6
f 150/315/6 126/253/6 226/483/6
f 150/315/6 226/483/6 222/475/6
f 228/487/6 224/479/6 150/315/6
f 220/469/6 228/487/6 150/315/6
f 150/315/6 222/475/6 215/458/6
f 150/315/6 215/458/6 217/463/6
f 214/456/6 220/469/6 150/315/6
f 372/777/24 177/377/24 175/371/24
f 374/781/25 191/410/25 177/377/25
f 402/838/26 183/390/26 191/410/26
f 389/812/27 211/451/27 183/390/27
f 393/820/28 200/429/28 211/451/28
f 393/820/29 432/898/29 209/447/29
f 432/898/30 408/850/30 204/436/30
f 408/850/31 409/852/31 201/431/31
f 409/852/32 406/846/32 207/443/32
f 406/846/33 429/892/33 205/438/33
f 429/892/34 400/834/34 196/422/34
f 400/834/35 392/818/35 198/426/35
f 392/818/36 397/828/36 188/404/36
f 397/828/37 386/806/37 179/381/37
f 386/806/38 366/765/38 190/408/38
f 366/765/39 307/645/39 237/508/39
f 307/645/8 309/649/8 240/515/8
f 309/649/9 324/679/9 242/518/9
f 324/679/10 340/711/10 232/497/10
f 340/711/11 289/608/11 226/484/11
f 289/608/12 293/616/12 222/476/12
f 269/568/13 215/459/13 222/476/13
f 260/551/14 217/464/14 215/459/14
f 265/561/15 214/457/15 217/464/15
f 262/555/16 220/470/16 214/457/16
f 273/576/17 228/488/17 220/470/17
f 285/600/18 224/480/18 228/488/18
f 300/631/19 244/522/19 224/480/19
f 341/713/20 234/502/20 244/522/20
f 328/687/21 230/492/21 234/502/21
f 316/663/22 236/506/22 230/492/22
f 362/757/23 175/372/23 236/506/23
f 506/1050/8 483/1002/8 17/22/8
f 521/1080/9 506/1050/9 25/38/9
f 549/1136/10 521/1080/10 28/44/10
f 548/1134/11 549/1136/11 34/56/11
f 542/1122/12 548/1134/12 40/68/12
f 542/1122/13 43/75/13 51/94/13
f 540/1118/14 51/94/14 57/107/14
f 534/1106/15 57/107/15 62/117/15
f 530/1098/16 62/117/16 66/124/16
f 532/1102/17 66/124/17 72/138/17
f 538/1114/18 72/138/18 77/148/18
f 535/1108/19 77/148/19 82/158/19
f 546/1130/20 82/158/20 87/170/20
f 544/1126/21 87/170/21 93/182/21
f 516/1070/22 93/182/22 100/196/22
f 500/1038/23 100/196/23 105/205/23
f 482/1000/24 105/205/24 111/219/24
f 467/968/25 111/219/25 116/230/25
f 457/948/26 116/230/26 122/244/26
f 447/928/27 122/244/27 127/254/27
f 450/934/28 127/254/28 134/275/28
f 444/922/29 441/916/29 134/275/29
f 439/912/30 444/922/30 139/288/30
f 555/1148/44 438/910/44 439/912/44
f 439/912/31 146/305/31 152/319/31
f 557/1152/32 555/1148/32 152/319/32
f 566/1170/33 557/1152/33 157/329/33
f 560/1158/34 566/1170/34 163/343/34
f 564/1166/35 560/1158/35 170/360/35
f 562/1162/36 564/1166/36 173/366/36
f 493/1024/37 562/1162/37 182/387/37
f 490/1018/38 493/1024/38 186/397/38
f 483/1003/39 490/1018/39 193/413/39
f 57/108/42 51/95/42 43/76/42
f 43/76/41 40/69/41 34/57/41
f 34/57/42 28/45/42 25/39/42
f 25/39/6 17/23/6 193/414/6
f 193/414/6 370/772/6 263/556/6
f 193/414/6 263/556/6 267/563/6
f 34/57/6 25/39/6 193/414/6
f 57/108/6 43/76/6 34/57/6
f 66/125/6 62/118/6 57/108/6
f 77/149/6 72/139/6 66/125/6
f 87/171/42 82/159/42 77/149/42
f 100/197/41 93/183/41 87/171/41
f 272/573/6 283/595/6 100/197/6
f 279/587/6 272/573/6 100/197/6
f 100/197/6 87/171/6 77/149/6
f 77/149/6 66/125/6 57/108/6
f 57/108/6 34/57/6 193/414/6
f 193/414/6 267/563/6 287/603/6
f 193/414/6 287/603/6 275/579/6
f 100/197/6 77/149/6 57/108/6
f 296/622/6 279/587/6 100/197/6
f 291/611/6 296/622/6 100/197/6
f 57/108/6 193/414/6 275/579/6
f 57/108/6 275/579/6 321/672/6
f 291/611/6 100/197/6 57/108/6
f 312/654/6 291/611/6 57/108/6
f 57/108/6 321/672/6 298/626/6
f 57/108/6 298/626/6 320/670/6
f 314/658/6 312/654/6 57/108/6
f 304/638/6 314/658/6 57/108/6
f 57/108/6 320/670/6 306/642/6
f 152/320/6 146/306/6 139/289/6
f 139/289/6 134/276/6 127/255/6
f 127/255/6 122/245/6 116/231/6
f 116/231/42 111/220/42 105/206/42
f 105/206/6 100/197/6 283/595/6
f 105/206/6 283/595/6 375/782/6
f 127/255/6 116/231/6 105/206/6
f 152/320/6 139/289/6 127/255/6
f 163/344/6 157/330/6 152/320/6
f 173/367/6 170/361/6 163/344/6
f 186/398/6 182/388/6 173/367/6
f 370/772/6 193/414/6 186/398/6
f 359/749/6 370/772/6 186/398/6
f 186/398/6 173/367/6 163/344/6
f 163/344/6 152/320/6 127/255/6
f 127/255/6 105/206/6 375/782/6
f 127/255/6 375/782/6 379/790/6
f 186/398/6 163/344/6 127/255/6
f 368/768/6 359/749/6 186/398/6
f 387/807/6 368/768/6 186/398/6
f 127/255/6 379/790/6 383/798/6
f 127/255/6 383/798/6 363/758/6
f 348/726/6 387/807/6 186/398/6
f 356/742/6 348/726/6 186/398/6
f 127/255/6 363/758/6 352/734/6
f 127/255/6 352/734/6 344/718/6
f 337/704/6 356/742/6 186/398/6
f 337/704/6 186/398/6 127/255/6
f 127/255/6 344/718/6 331/692/6
f 127/255/6 331/692/6 335/700/6
f 325/680/42 337/704/42 127/255/42
f 508/1054/24 267/564/24 263/557/24
f 503/1044/25 287/604/25 267/564/25
f 520/1078/26 275/580/26 287/604/26
f 513/1064/27 321/673/27 275/580/27
f 510/1058/28 298/627/28 321/673/28
f 510/1058/29 554/1146/29 320/671/29
f 554/1146/30 527/1092/30 306/643/30
f 527/1092/31 523/1084/31 304/639/31
f 523/1084/32 526/1090/32 314/659/32
f 526/1090/33 551/1140/33 312/655/33
f 551/1140/34 512/1062/34 291/612/34
f 512/1062/35 518/1074/35 296/623/35
f 518/1074/36 502/1042/36 279/588/36
f 502/1042/37 496/1030/37 272/574/37
f 496/1030/38 497/1032/38 283/596/38
f 497/1032/39 480/995/39 375/783/39
f 480/995/8 475/984/8 379/791/8
f 475/984/9 470/974/9 383/799/9
f 470/974/10 472/978/10 363/759/10
f 472/978/11 466/966/11 352/735/11
f 466/966/12 460/954/12 344/719/12
f 454/942/13 331/693/13 344/719/13
f 462/958/14 335/701/14 331/693/14
f 446/926/15 325/681/15 335/701/15
f 464/962/16 337/705/16 325/681/16
f 456/946/17 356/743/17 337/705/17
f 452/938/18 348/727/18 356/743/18
f 492/1022/19 387/808/19 348/727/19
f 473/980/20 368/769/20 387/808/20
f 487/1012/21 359/750/21 368/769/21
f 477/988/22 370/773/22 359/750/22
f 486/1010/23 263/558/23 370/773/23
f 693/1457/3 694/1460/3 16/20/3
f 16/20/3 656/1380/3 655/1378/3
f 655/1378/3 695/1462/3 693/1457/3
f 16/20/4 21/29/4 660/1388/4
f 698/1469/1 659/1386/1 660/1388/1
f 660/1388/1 21/29/1 697/1467/1
f 696/1464/1 698/1469/1 660/1388/1
f 655/1378/2 657/1382/2 699/1471/2
f 21/29/6 16/20/6 694/1460/6
f 657/1382/1 658/1384/1 700/1473/1
f 658/1384/2 659/1386/2 698/1469/2
f 702/1477/3 701/1475/3 1/1/3
f 1/1/3 662/1392/3 661/1390/3
f 661/1390/3 703/1480/3 702/1477/3
f 1/1/4 18/24/4 665/1398/4
f 706/1486/6 705/1484/6 704/1482/6
f 704/1482/1 666/1400/1 665/1398/1
f 665/1398/1 18/24/1 707/1488/1
f 706/1486/1 704/1482/1 665/1398/1
f 663/1394/2 666/1400/2 704/1482/2
f 18/24/6 1/1/6 701/1475/6
f 661/1390/2 664/1396/2 709/1492/2
f 710/1494/3 709/1492/3 664/1396/3
f 664/1396/3 663/1394/3 708/1490/3
f 712/1498/3 713/1501/3 669/1406/3
f 669/1406/3 667/1402/3 4/4/3
f 4/4/3 711/1496/3 712/1498/3
f 670/1408/4 669/1406/4 713/1501/4
f 716/1507/1 715/1505/1 12/14/1
f 12/14/1 671/1410/1 672/1412/1
f 672/1412/1 717/1510/1 716/1507/1
f 4/4/2 667/1402/2 671/1410/2
f 4/4/6 12/14/6 715/1505/6
f 668/1404/1 670/1408/1 714/1503/1
f 672/1412/4 668/1404/4 718/1512/4
f 720/1516/3 721/1519/3 680/1428/3
f 678/1424/3 679/1426/3 2/2/3
f 720/1516/3 680/1428/3 678/1424/3
f 2/2/3 719/1514/3 720/1516/3
f 676/1420/4 675/1418/4 722/1521/4
f 724/1525/1 8/10/1 677/1422/1
f 677/1422/1 676/1420/1 723/1523/1
f 726/1529/6 725/1527/6 724/1525/6
f 677/1422/1 723/1523/1 726/1529/1
f 673/1414/2 677/1422/2 8/10/2
f 8/10/2 2/2/2 679/1426/2
f 2/2/6 8/10/6 724/1525/6
f 727/1531/3 722/1521/3 675/1418/3
f 675/1418/3 674/1416/3 728/1533/3
f 674/1416/4 680/1428/4 721/1519/4
f 693/1458/4 684/1437/4 686/1443/4
f 10/12/6 13/15/6 706/1487/6
f 10/12/4 706/1487/4 707/1489/4
f 694/1461/4 693/1458/4 686/1443/4
f 702/1478/4 696/1465/4 697/1468/4
f 697/1468/4 694/1461/4 686/1443/4
f 686/1443/4 10/12/4 707/1489/4
f 701/1476/4 702/1478/4 697/1468/4
f 686/1443/4 707/1489/4 701/1476/4
f 13/15/1 10/12/1 7/9/1
f 725/1528/6 15/19/6 7/9/6
f 7/9/2 685/1441/2 682/1432/2
f 682/1432/2 712/1499/2 711/1497/2
f 715/1506/2 716/1508/2 720/1517/2
f 7/9/2 682/1432/2 711/1497/2
f 715/1506/2 720/1517/2 719/1515/2
f 7/9/2 711/1497/2 715/1506/2
f 724/1526/2 725/1528/2 7/9/2
f 7/9/2 715/1506/2 719/1515/2
f 7/9/6 10/12/6 686/1444/6
f 9/11/1 691/1454/1 692/1456/1
f 3/3/5 681/1430/5 683/1435/5
f 698/1470/5 696/1466/5 702/1479/5
f 703/1481/5 709/1493/5 710/1495/5
f 698/1470/5 702/1479/5 703/1481/5
f 699/1472/5 700/1474/5 698/1470/5
f 684/1438/5 693/1459/5 695/1463/5
f 699/1472/5 698/1470/5 703/1481/5
f 683/1435/5 684/1438/5 695/1463/5
f 699/1472/5 703/1481/5 710/1495/5
f 683/1435/5 695/1463/5 699/1472/5
f 11/13/5 5/5/5 683/1435/5
f 699/1472/5 710/1495/5 11/13/5
f 704/1483/5 705/1485/5 13/15/5
f 13/15/5 15/19/5 726/1530/5
f 13/15/45 726/1530/45 723/1524/45
f 704/1483/5 13/15/5 723/1524/5
f 722/1522/5 727/1532/5 9/11/5
f 704/1483/5 723/1524/5 722/1522/5
f 11/13/5 710/1495/5 708/1491/5
f 708/1491/5 704/1483/5 722/1522/5
f 722/1522/5 9/11/5 11/13/5
f 713/1502/5 712/1500/5 682/1433/5
f 682/1433/5 681/1430/5 3/3/5
f 3/3/5 9/11/5 727/1532/5
f 727/1532/5 728/1534/5 721/1520/5
f 721/1520/5 720/1518/5 716/1509/5
f 717/1511/5 718/1513/5 714/1504/5
f 721/1520/5 716/1509/5 717/1511/5
f 3/3/5 727/1532/5 721/1520/5
f 713/1502/5 682/1433/5 3/3/5
f 721/1520/5 717/1511/5 714/1504/5
f 714/1504/5 713/1502/5 3/3/5
f 3/3/3 5/5/3 690/1452/3
f 691/1454/2 9/11/2 3/3/2
f 3/3/2 689/1450/2 687/1446/2
f 688/1448/4 690/1452/4 5/5/4
f 5/5/4 11/13/4 692/1456/4
o Cube
v -0.025000 0.007500 -0.015000
v -0.025000 0.022500 -0.015000
v -0.025000 0.007500 -0.020000
v -0.025000 0.022500 -0.020000
v -0.020000 0.007500 -0.020000
v -0.020000 0.022500 -0.020000
v -0.020000 0.022500 -0.017500
v -0.020000 0.007500 -0.017500
v -0.022500 0.022500 -0.015000
v -0.022500 0.007500 -0.015000
v -0.022500 0.007500 -0.017500
v -0.022500 0.022500 -0.017500
vn -1.0000 -0.0000 -0.0000
vn -0.0000 -0.0000 -1.0000
vn 1.0000 -0.0000 -0.0000
vn -0.0000 -0.0000 1.0000
vn -0.0000 -1.0000 -0.0000
vn -0.0000 1.0000 -0.0000
s 0
usemtl Material.009
f 730//46 731//46 729//46
f 732//47 733//47 731//47
f 733//48 735//48 736//48
f 729//49 737//49 730//49
f 731//50 736//50 739//50
f 732//51 737//51 740//51
f 738//48 740//48 737//48
f 735//49 739//49 736//49
f 730//46 732//46 731//46
f 732//47 734//47 733//47
f 733//48 734//48 735//48
f 729//49 738//49 737//49
f 739//50 738//50 729//50
f 731//50 733//50 736//50
f 739//50 729//50 731//50
f 740//51 735//51 734//51
f 732//51 730//51 737//51
f 740//51 734//51 732//51
f 738//48 739//48 740//48
f 735//49 740//49 739//49
o Cube.003
v -0.025000 0.007500 0.020000
v -0.025000 0.022500 0.020000
v -0.025000 0.007500 0.015000
v -0.025000 0.022500 0.015000
v -0.020000 0.007500 0.020000
v -0.020000 0.022500 0.020000
v -0.022500 0.022500 0.015000
v -0.022500 0.007500 0.015000
v -0.020000 0.022500 0.017500
v -0.020000 0.007500 0.017500
v -0.022500 0.007500 0.017500
v -0.022500 0.022500 0.017500
vn -1.0000 -0.0000 -0.0000
vn -0.0000 -0.0000 -1.0000
vn 1.0000 -0.0000 -0.0000
vn -0.0000 -0.0000 1.0000
vn -0.0000 -1.0000 -0.0000
vn -0.0000 1.0000 -0.0000
s 0
usemtl Material.009
f 742//52 743//52 741//52
f 744//53 748//53 743//53
f 745//54 749//54 746//54
f 746//55 741//55 745//55
f 741//56 748//56 751//56
f 752//57 742//57 749//57
f 747//54 751//54 748//54
f 751//53 749//53 750//53
f 742//52 744//52 743//52
f 744//53 747//53 748//53
f 745//54 750//54 749//54
f 746//55 742//55 741//55
f 750//56 745//56 741//56
f 741//56 743//56 748//56
f 751//56 750//56 741//56
f 752//57 747//57 744//57
f 742//57 746//57 749//57
f 752//57 744//57 742//57
f 747//54 752//54 751//54
f 751//53 752//53 749//53
o Cube.004
v 0.020000 0.007500 0.020000
v 0.020000 0.022500 0.020000
v 0.025000 0.007500 0.020000
v 0.025000 0.022500 0.020000
v 0.025000 0.007500 0.015000
v 0.025000 0.022500 0.015000
v 0.020000 0.022500 0.017500
v 0.020000 0.007500 0.017500
v 0.022500 0.022500 0.015000
v 0.022500 0.007500 0.015000
v 0.022500 0.007500 0.017500
v 0.022500 0.022500 0.017500
vn -1.0000 -0.0000 -0.0000
vn -0.0000 -0.0000 -1.0000
vn 1.0000 -0.0000 -0.0000
vn -0.0000 -0.0000 1.0000
vn -0.0000 -1.0000 -0.0000
vn -0.0000 1.0000 -0.0000
s 0
usemtl Material.009
f 754//58 760//58 753//58
f 758//59 762//59 761//59
f 758//60 755//60 757//60
f 756//61 753//61 755//61
f 755//62 760//62 763//62
f 756//63 761//63 764//63
f 763//58 761//58 762//58
f 764//59 760//59 759//59
f 754//58 759//58 760//58
f 758//59 757//59 762//59
f 758//60 756//60 755//60
f 756//61 754//61 753//61
f 762//62 757//62 755//62
f 755//62 753//62 760//62
f 763//62 762//62 755//62
f 764//63 759//63 754//63
f 756//63 758//63 761//63
f 764//63 754//63 756//63
f 763//58 764//58 761//58
f 764//59 763//59 760//59
o Cube.005
v 0.020000 0.007500 -0.020000
v 0.020000 0.022500 -0.020000
v 0.025000 0.007500 -0.015000
v 0.025000 0.022500 -0.015000
v 0.025000 0.007500 -0.020000
v 0.025000 0.022500 -0.020000
v 0.020000 0.022500 -0.017500
v 0.020000 0.007500 -0.017500
v 0.022500 0.022500 -0.015000
v 0.022500 0.007500 -0.015000
v 0.022500 0.007500 -0.017500
v 0.022500 0.022500 -0.017500
vn -1.0000 -0.0000 -0.0000
vn -0.0000 -0.0000 -1.0000
vn 1.0000 -0.0000 -0.0000
vn -0.0000 -0.0000 1.0000
vn -0.0000 -1.0000 -0.0000
vn -0.0000 1.0000 -0.0000
s 0
usemtl Material.009
f 766//64 772//64 771//64
f 766//65 769//65 765//65
f 770//66 767//66 769//66
f 767//67 773//67 774//67
f 769//68 774//68 775//68
f 770//69 771//69 776//69
f 772//67 776//67 771//67
f 776//64 774//64 773//64
f 766//64 765//64 772//64
f 766//65 770//65 769//65
f 770//66 768//66 767//66
f 767//67 768//67 773//67
f 772//68 765//68 769//68
f 769//68 767//68 774//68
f 775//68 772//68 769//68
f 773//69 768//69 770//69
f 770//69 766//69 771//69
f 776//69 773//69 770//69
f 772//67 775//67 776//67
f 776//64 775//64 774//64
o Breadboard
v -0.022500 0.010000 0.017500
v -0.022500 0.020000 0.017500
v -0.022500 0.010000 -0.017500
v -0.022500 0.020000 -0.017500
v 0.022500 0.010000 0.017500
v 0.022500 0.020000 0.017500
v 0.022500 0.010000 -0.017500
v 0.022500 0.020000 -0.017500
vn -1.0000 -0.0000 -0.0000
vn -0.0000 -0.0000 -1.0000
vn 1.0000 -0.0000 -0.0000
vn -0.0000 -0.0000 1.0000
vn -0.0000 -1.0000 -0.0000
vn -0.0000 1.0000 -0.0000
s 0
usemtl Material.007
f 778//70 779//70 777//70
f 780//71 783//71 779//71
f 784//72 781//72 783//72
f 782//73 777//73 781//73
f 783//74 777//74 779//74
f 780//75 782//75 784//75
f 778//70 780//70 779//70
f 780//71 784//71 783//71
f 784//72 782//72 781//72
f 782//73 778//73 777//73
f 783//74 781//74 777//74
f 780//75 778//75 782//75
o Mini_Breadboard1
v -0.010000 0.017300 -0.034500
v 0.002700 0.004900 -0.030000
v -0.006850 0.004900 -0.030000
v -0.010000 0.007700 -0.034500
v 0.002740 0.004900 -0.030405
v -0.008000 0.017300 -0.037450
v 0.002858 0.004900 -0.030794
v -0.006810 0.004900 -0.030405
v -0.008000 0.007700 -0.037450
v 0.003050 0.004900 -0.031153
v -0.008000 0.007700 -0.034500
v -0.006692 0.004900 -0.030794
v -0.008000 0.017300 -0.034500
v 0.003308 0.004900 -0.031467
v -0.008000 0.017300 -0.022550
v 0.003622 0.004900 -0.031725
v -0.006500 0.004900 -0.031153
v -0.008000 0.007700 -0.022550
v -0.010000 0.017300 -0.025500
v 0.003981 0.004900 -0.031917
v -0.006242 0.004900 -0.031467
v -0.010000 0.007700 -0.025500
v 0.004370 0.004900 -0.032035
v -0.005928 0.004900 -0.031725
v -0.008000 0.007700 -0.025500
v 0.004775 0.004900 -0.032075
v -0.008000 0.017300 -0.025500
v 0.008000 0.017300 -0.022550
v 0.005180 0.004900 -0.032035
v -0.005569 0.004900 -0.031917
v 0.008000 0.007700 -0.022550
v 0.005569 0.004900 -0.031917
v 0.010000 0.017300 -0.025500
v -0.005180 0.004900 -0.032035
v 0.005928 0.004900 -0.031725
v 0.010000 0.007700 -0.025500
v 0.006242 0.004900 -0.031467
v 0.008000 0.007700 -0.025500
v -0.004775 0.004900 -0.032075
v 0.006500 0.004900 -0.031153
v 0.008000 0.017300 -0.025500
v 0.008000 0.007700 -0.037450
v 0.006692 0.004900 -0.030794
v -0.004370 0.004900 -0.032035
v 0.008000 0.017300 -0.037450
v 0.010000 0.007700 -0.034500
v 0.006810 0.004900 -0.030405
v -0.003981 0.004900 -0.031917
v 0.010000 0.017300 -0.034500
v 0.006850 0.004900 -0.030000
v 0.008000 0.007700 -0.034500
v -0.003622 0.004900 -0.031725
v 0.006810 0.004900 -0.029595
v 0.008000 0.017300 -0.034500
v -0.003308 0.004900 -0.031467
v 0.006692 0.004900 -0.029206
v -0.003050 0.004900 -0.031153
v -0.002858 0.004900 -0.030794
v 0.006500 0.004900 -0.028847
v -0.002740 0.004900 -0.030405
v -0.002700 0.004900 -0.030000
v 0.006242 0.004900 -0.028533
v -0.002740 0.004900 -0.029595
v -0.002858 0.004900 -0.029206
v 0.005928 0.004900 -0.028275
v -0.003050 0.004900 -0.028847
v -0.003308 0.004900 -0.028533
v 0.005569 0.004900 -0.028083
v -0.003622 0.004900 -0.028275
v -0.003981 0.004900 -0.028083
v 0.005180 0.004900 -0.027965
v -0.004370 0.004900 -0.027965
v -0.004775 0.004900 -0.027925
v 0.004775 0.004900 -0.027925
v -0.005180 0.004900 -0.027965
v -0.005569 0.004900 -0.028083
v 0.004370 0.004900 -0.027965
v -0.005928 0.004900 -0.028275
v -0.006242 0.004900 -0.028533
v 0.003981 0.004900 -0.028083
v -0.006500 0.004900 -0.028847
v -0.006692 0.004900 -0.029206
v 0.003622 0.004900 -0.028275
v -0.006810 0.004900 -0.029595
v 0.003308 0.004900 -0.028533
v -0.005825 0.004900 -0.030000
v -0.005805 0.004900 -0.030205
v -0.003805 0.004900 -0.030402
v 0.003050 0.004900 -0.028847
v -0.005648 0.004900 -0.030583
v 0.002858 0.004900 -0.029206
v -0.003902 0.004900 -0.030583
v -0.003745 0.004900 -0.030205
v -0.005745 0.004900 -0.030402
v 0.002740 0.004900 -0.029595
v -0.004192 0.004900 -0.030873
v -0.004033 0.004900 -0.030742
v -0.005358 0.004900 -0.030873
v -0.004775 0.004900 -0.031050
v -0.004980 0.004900 -0.031030
v -0.004373 0.004900 -0.030970
v -0.004570 0.004900 -0.031030
v -0.005177 0.004900 -0.030970
v -0.005517 0.004900 -0.030742
v -0.004775 0.004900 -0.028950
v -0.004373 0.004900 -0.029030
v -0.004570 0.004900 -0.028970
v -0.004980 0.004900 -0.028970
v -0.004192 0.004900 -0.029127
v -0.005358 0.004900 -0.029127
v -0.004033 0.004900 -0.029258
v -0.005177 0.004900 -0.029030
v -0.005745 0.004900 -0.029598
v -0.003902 0.004900 -0.029417
v -0.005648 0.004900 -0.029417
v -0.005805 0.004900 -0.029795
v -0.003725 0.004900 -0.030000
v -0.003745 0.004900 -0.029795
v -0.003805 0.004900 -0.029598
v -0.005517 0.004900 -0.029258
v -0.004775 0.007700 -0.027925
v -0.004370 0.007700 -0.027965
v -0.005180 0.007700 -0.027965
v -0.003622 0.007700 -0.028275
v -0.003981 0.007700 -0.028083
v -0.005569 0.007700 -0.028083
v -0.005928 0.007700 -0.028275
v -0.004570 0.007700 -0.028970
v -0.004980 0.007700 -0.028970
v 0.003725 0.004900 -0.030000
v -0.004775 0.007700 -0.028950
v 0.003745 0.004900 -0.030205
v -0.004373 0.007700 -0.029030
v 0.005745 0.004900 -0.030402
v -0.005177 0.007700 -0.029030
v 0.003902 0.004900 -0.030583
v -0.006242 0.007700 -0.028533
v 0.005648 0.004900 -0.030583
v -0.006500 0.007700 -0.028847
v 0.005805 0.004900 -0.030205
v -0.005358 0.007700 -0.029127
v 0.003805 0.004900 -0.030402
v -0.004033 0.007700 -0.029258
v 0.005358 0.004900 -0.030873
v -0.004192 0.007700 -0.029127
v 0.005517 0.004900 -0.030742
v 0.004192 0.004900 -0.030873
v -0.005517 0.007700 -0.029258
v -0.002700 0.007700 -0.030000
v 0.004775 0.004900 -0.031050
v 0.004570 0.004900 -0.031030
v -0.003725 0.007700 -0.030000
v -0.003745 0.007700 -0.029795
v 0.005177 0.004900 -0.030970
v 0.004980 0.004900 -0.031030
v -0.005805 0.007700 -0.029795
v -0.002740 0.007700 -0.029595
v 0.004373 0.004900 -0.030970
v 0.004033 0.004900 -0.030742
v -0.003805 0.007700 -0.029598
v 0.004775 0.004900 -0.028950
v -0.005745 0.007700 -0.029598
v -0.006810 0.007700 -0.029595
v 0.005177 0.004900 -0.029030
v -0.002858 0.007700 -0.029206
v 0.004980 0.004900 -0.028970
v 0.004570 0.004900 -0.028970
v -0.003902 0.007700 -0.029417
v -0.005648 0.007700 -0.029417
v 0.005358 0.004900 -0.029127
v -0.006692 0.007700 -0.029206
v 0.004192 0.004900 -0.029127
v -0.003050 0.007700 -0.028847
v 0.005517 0.004900 -0.029258
v -0.003308 0.007700 -0.028533
v 0.004373 0.004900 -0.029030
v -0.006850 0.007700 -0.030000
v 0.003805 0.004900 -0.029598
v -0.005825 0.007700 -0.030000
v 0.005648 0.004900 -0.029417
v -0.003745 0.007700 -0.030205
v 0.003902 0.004900 -0.029417
v 0.003745 0.004900 -0.029795
v -0.005805 0.007700 -0.030205
v -0.005745 0.007700 -0.030402
v 0.005825 0.004900 -0.030000
v -0.006810 0.007700 -0.030405
v 0.005805 0.004900 -0.029795
v -0.002740 0.007700 -0.030405
v 0.005745 0.004900 -0.029598
v -0.003805 0.007700 -0.030402
v 0.004033 0.004900 -0.029258
v -0.005517 0.007700 -0.030742
v -0.004033 0.007700 -0.030742
v -0.005358 0.007700 -0.030873
v -0.002858 0.007700 -0.030794
v -0.003902 0.007700 -0.030583
v -0.004192 0.007700 -0.030873
v -0.005648 0.007700 -0.030583
v -0.006692 0.007700 -0.030794
v -0.004570 0.007700 -0.031030
v -0.004980 0.007700 -0.031030
v -0.004775 0.007700 -0.031050
v -0.004775 0.007700 -0.032075
v -0.004370 0.007700 -0.032035
v -0.005180 0.007700 -0.032035
v -0.003622 0.007700 -0.031725
v -0.003981 0.007700 -0.031917
v -0.005569 0.007700 -0.031917
v -0.005928 0.007700 -0.031725
v -0.003050 0.007700 -0.031153
v -0.003308 0.007700 -0.031467
v -0.004373 0.007700 -0.030970
v -0.005177 0.007700 -0.030970
v -0.006242 0.007700 -0.031467
v -0.006500 0.007700 -0.031153
v 0.005088 0.007700 -0.027956
v 0.005180 0.007700 -0.027965
v 0.005928 0.007700 -0.028275
v 0.005569 0.007700 -0.028083
v 0.004775 0.007700 -0.028950
v 0.006500 0.007700 -0.028847
v 0.006242 0.007700 -0.028533
v 0.004192 0.007700 -0.029127
v 0.005177 0.007700 -0.029030
v 0.004373 0.007700 -0.029030
v 0.006692 0.007700 -0.029206
v 0.005358 0.007700 -0.029127
v 0.004980 0.007700 -0.028970
v 0.004570 0.007700 -0.028970
v 0.005517 0.007700 -0.029258
v 0.006810 0.007700 -0.029595
v 0.005745 0.007700 -0.029598
v 0.005648 0.007700 -0.029417
v 0.003902 0.007700 -0.029417
v 0.005805 0.007700 -0.029795
v 0.003745 0.007700 -0.029795
v 0.005825 0.007700 -0.030000
v 0.006850 0.007700 -0.030000
v 0.002700 0.007700 -0.030000
v 0.003725 0.007700 -0.030000
v 0.003805 0.007700 -0.029598
v 0.002740 0.007700 -0.029595
v 0.004033 0.007700 -0.029258
v 0.002858 0.007700 -0.029206
v 0.005745 0.007700 -0.030402
v 0.005805 0.007700 -0.030205
v 0.006810 0.007700 -0.030405
v 0.005648 0.007700 -0.030583
v 0.003805 0.007700 -0.030402
v 0.002740 0.007700 -0.030405
v 0.003745 0.007700 -0.030205
v 0.004192 0.007700 -0.030873
v 0.005358 0.007700 -0.030873
v 0.004033 0.007700 -0.030742
v 0.006692 0.007700 -0.030794
v 0.005517 0.007700 -0.030742
v 0.003902 0.007700 -0.030583
v 0.002858 0.007700 -0.030794
v 0.004775 0.007700 -0.031050
v 0.004980 0.007700 -0.031030
v 0.004570 0.007700 -0.031030
v 0.004775 0.007700 -0.032075
v 0.005180 0.007700 -0.032035
v 0.004370 0.007700 -0.032035
v 0.005928 0.007700 -0.031725
v 0.005569 0.007700 -0.031917
v 0.003981 0.007700 -0.031917
v 0.003622 0.007700 -0.031725
v 0.006500 0.007700 -0.031153
v 0.006242 0.007700 -0.031467
v 0.003308 0.007700 -0.031467
v 0.003050 0.007700 -0.031153
v 0.005177 0.007700 -0.030970
v 0.004373 0.007700 -0.030970
v 0.004775 0.007700 -0.027925
v 0.004370 0.007700 -0.027965
v 0.003622 0.007700 -0.028275
v 0.003050 0.007700 -0.028847
v 0.003308 0.007700 -0.028533
v 0.003981 0.007700 -0.028083
vn -0.0000 -0.0000 1.0000
vn -1.0000 -0.0000 -0.0000
vn -0.0000 -0.0000 -1.0000
vn 1.0000 -0.0000 -0.0000
vn -0.0000 -1.0000 -0.0000
vn -0.0000 1.0000 -0.0000
vn -0.9952 -0.0000 -0.0980
vn -0.9569 -0.0000 -0.2903
vn -0.8819 -0.0000 -0.4714
vn -0.7730 -0.0000 -0.6344
vn -0.6344 -0.0000 -0.7730
vn -0.4714 -0.0000 -0.8819
vn -0.2903 -0.0000 -0.9569
vn -0.0980 -0.0000 -0.9952
vn 0.0980 -0.0000 -0.9952
vn 0.2903 -0.0000 -0.9569
vn 0.4714 -0.0000 -0.8819
vn 0.6344 -0.0000 -0.7730
vn 0.7730 -0.0000 -0.6344
vn 0.8819 -0.0000 -0.4714
vn 0.9569 -0.0000 -0.2903
vn 0.9952 -0.0000 -0.0980
vn 0.9952 -0.0000 0.0980
vn 0.9569 -0.0000 0.2903
vn 0.8819 -0.0000 0.4714
vn 0.7730 -0.0000 0.6344
vn 0.6344 -0.0000 0.7730
vn 0.4714 -0.0000 0.8819
vn 0.2903 -0.0000 0.9569
vn 0.0980 -0.0000 0.9952
vn -0.0980 -0.0000 0.9952
vn -0.2903 -0.0000 0.9569
vn -0.4714 -0.0000 0.8819
vn -0.6344 -0.0000 0.7730
vn -0.7730 -0.0000 0.6344
vn -0.8819 -0.0000 0.4714
vn -0.9569 -0.0000 0.2903
vn -0.9952 -0.0000 0.0980
vt 0.625000 0.450503
vt 0.674497 0.500000
vt 0.560000 0.025000
vt 0.000000 0.500000
vt 1.000000 0.500000
vt 0.750000 0.490000
vt 0.000000 0.500000
vt 1.000000 0.500000
vt 0.750000 0.490000
vt 0.440000 0.025000
vt 0.375000 0.450503
vt 0.325503 0.500000
vt 0.968750 0.500000
vt 0.796822 0.485388
vt 0.625000 0.525000
vt 0.560000 0.963125
vt 0.937500 0.500000
vt 0.841844 0.471731
vt 0.968750 0.500000
vt 0.796822 0.485388
vt 0.440000 0.963125
vt 0.375000 0.525000
vt 0.906250 0.500000
vt 0.883337 0.449553
vt 0.325503 0.525000
vt 0.440000 0.000000
vt 0.440000 1.000000
vt 0.937500 0.500000
vt 0.841844 0.471731
vt 0.674497 0.525000
vt 0.560000 0.000000
vt 0.560000 1.000000
vt 0.875000 0.500000
vt 0.919706 0.419706
vt 0.560000 0.786875
vt 0.625000 0.225000
vt 0.875000 0.525000
vt 0.843750 0.500000
vt 0.949553 0.383337
vt 0.906250 0.500000
vt 0.883337 0.449553
vt 0.375000 0.225000
vt 0.125000 0.525000
vt 0.440000 0.786875
vt 0.625000 0.299497
vt 0.825503 0.500000
vt 0.560000 0.725000
vt 0.812500 0.500000
vt 0.971731 0.341844
vt 0.875000 0.500000
vt 0.919706 0.419706
vt 0.440000 0.725000
vt 0.375000 0.299497
vt 0.174497 0.500000
vt 0.781250 0.500000
vt 0.985388 0.296822
vt 0.843750 0.500000
vt 0.949553 0.383337
vt 0.174497 0.525000
vt 0.440000 0.750000
vt 0.750000 0.500000
vt 0.990000 0.250000
vt 0.825503 0.525000
vt 0.560000 0.750000
vt 0.625000 0.025000
vt 0.560000 0.463125
vt 0.875000 0.725000
vt 0.718750 0.500000
vt 0.985388 0.203178
vt 0.812500 0.500000
vt 0.971731 0.341844
vt 0.375000 0.025000
vt 0.125000 0.725000
vt 0.440000 0.463125
vt 0.687500 0.500000
vt 0.971731 0.158156
vt 0.560000 0.525000
vt 0.625000 0.950503
vt 0.825503 0.750000
vt 0.781250 0.500000
vt 0.985388 0.296822
vt 0.656250 0.500000
vt 0.949553 0.116663
vt 0.375000 0.950503
vt 0.174497 0.750000
vt 0.440000 0.525000
vt 0.625000 0.500000
vt 0.919706 0.080294
vt 0.174497 0.725000
vt 0.440000 0.500000
vt 0.750000 0.500000
vt 0.990000 0.250000
vt 0.593750 0.500000
vt 0.883337 0.050447
vt 0.825503 0.725000
vt 0.560000 0.500000
vt 0.440000 0.286875
vt 0.375000 0.725000
vt 0.562500 0.500000
vt 0.841844 0.028269
vt 0.718750 0.500000
vt 0.985388 0.203178
vt 0.625000 0.725000
vt 0.560000 0.286875
vt 0.375000 0.799497
vt 0.325503 0.750000
vt 0.440000 0.225000
vt 0.531250 0.500000
vt 0.796822 0.014612
vt 0.687500 0.500000
vt 0.971731 0.158156
vt 0.625000 0.799497
vt 0.560000 0.225000
vt 0.674497 0.750000
vt 0.500000 0.500000
vt 0.750000 0.010000
vt 0.325503 0.725000
vt 0.440000 0.250000
vt 0.656250 0.500000
vt 0.949553 0.116663
vt 0.468750 0.500000
vt 0.703178 0.014612
vt 0.674497 0.725000
vt 0.560000 0.250000
vt 0.625000 0.500000
vt 0.919706 0.080294
vt 0.437500 0.500000
vt 0.658156 0.028269
vt 0.593750 0.500000
vt 0.883337 0.050447
vt 0.562500 0.500000
vt 0.841844 0.028269
vt 0.406250 0.500000
vt 0.616663 0.050447
vt 0.531250 0.500000
vt 0.796822 0.014612
vt 0.500000 0.500000
vt 0.750000 0.010000
vt 0.375000 0.500000
vt 0.580294 0.080294
vt 0.468750 0.500000
vt 0.703178 0.014612
vt 0.437500 0.500000
vt 0.658156 0.028269
vt 0.343750 0.500000
vt 0.550447 0.116663
vt 0.406250 0.500000
vt 0.616663 0.050447
vt 0.375000 0.500000
vt 0.580294 0.080294
vt 0.312500 0.500000
vt 0.528269 0.158156
vt 0.343750 0.500000
vt 0.550447 0.116663
vt 0.312500 0.500000
vt 0.528269 0.158156
vt 0.281250 0.500000
vt 0.514612 0.203178
vt 0.281250 0.500000
vt 0.514612 0.203178
vt 0.250000 0.500000
vt 0.510000 0.250000
vt 0.250000 0.500000
vt 0.510000 0.250000
vt 0.218750 0.500000
vt 0.514612 0.296822
vt 0.187500 0.500000
vt 0.528269 0.341844
vt 0.218750 0.500000
vt 0.514612 0.296822
vt 0.156250 0.500000
vt 0.550447 0.383337
vt 0.125000 0.500000
vt 0.580294 0.419706
vt 0.187500 0.500000
vt 0.528269 0.341844
vt 0.093750 0.500000
vt 0.616663 0.449553
vt 0.062500 0.500000
vt 0.658156 0.471731
vt 0.156250 0.500000
vt 0.550447 0.383337
vt 0.031250 0.500000
vt 0.703178 0.485388
vt 0.125000 0.500000
vt 0.580294 0.419706
vt 0.750000 0.371446
vt 1.000000 0.641092
vt 0.000000 0.641092
vt 0.773693 0.369112
vt 0.968750 0.641092
vt 0.796475 0.137799
vt 0.562500 0.641092
vt 0.093750 0.500000
vt 0.616663 0.449553
vt 0.817472 0.350979
vt 0.906250 0.641092
vt 0.062500 0.500000
vt 0.658156 0.471731
vt 0.817472 0.149022
vt 0.593750 0.641092
vt 0.773693 0.130888
vt 0.531250 0.641092
vt 0.796475 0.362201
vt 0.937500 0.641092
vt 0.031250 0.500000
vt 0.703178 0.485388
vt 0.850978 0.182528
vt 0.656250 0.641092
vt 0.835875 0.164125
vt 0.625000 0.641092
vt 0.850978 0.317472
vt 0.843750 0.641092
vt 0.871446 0.250000
vt 0.750000 0.641092
vt 0.869112 0.273693
vt 0.781250 0.641092
vt 0.862201 0.203525
vt 0.687500 0.641092
vt 0.869112 0.226307
vt 0.718750 0.641092
vt 0.862201 0.296475
vt 0.812500 0.641092
vt 0.835875 0.335875
vt 0.875000 0.641092
vt 0.628554 0.250000
vt 0.250000 0.641092
vt 0.637799 0.203525
vt 0.312500 0.641092
vt 0.630888 0.226307
vt 0.281250 0.641092
vt 0.630888 0.273693
vt 0.218750 0.641092
vt 0.649022 0.182528
vt 0.343750 0.641092
vt 0.649022 0.317472
vt 0.156250 0.641092
vt 0.664125 0.164125
vt 0.375000 0.641092
vt 0.637799 0.296475
vt 0.187500 0.641092
vt 0.703525 0.362201
vt 0.062500 0.641092
vt 0.682528 0.149022
vt 0.406250 0.641092
vt 0.682528 0.350978
vt 0.093750 0.641092
vt 0.726307 0.369112
vt 0.031250 0.641092
vt 0.750000 0.128554
vt 0.500000 0.641092
vt 0.726307 0.130888
vt 0.468750 0.641092
vt 0.703525 0.137799
vt 0.437500 0.641092
vt 0.664125 0.335875
vt 0.125000 0.641092
vt 0.215185 0.565313
vt 0.250000 1.000000
vt 0.215854 0.570373
vt 0.281250 1.000000
vt 0.215854 0.560252
vt 0.218750 1.000000
vt 0.221052 0.579723
vt 0.343750 1.000000
vt 0.217835 0.575238
vt 0.312500 1.000000
vt 0.217835 0.555387
vt 0.187500 1.000000
vt 0.221052 0.550902
vt 0.156250 1.000000
vt 0.232721 0.567873
vt 0.281250 0.858908
vt 0.232721 0.562752
vt 0.218750 0.858908
vt 0.750000 0.371446
vt 1.000000 0.641092
vt 0.000000 0.641092
vt 0.232383 0.565313
vt 0.250000 0.858908
vt 0.773693 0.369112
vt 0.968750 0.641092
vt 0.233724 0.570335
vt 0.312500 0.858908
vt 0.796475 0.137799
vt 0.562500 0.641092
vt 0.233724 0.560290
vt 0.187500 0.858908
vt 0.817472 0.350979
vt 0.906250 0.641092
vt 0.225382 0.546972
vt 0.125000 1.000000
vt 0.817472 0.149022
vt 0.593750 0.641092
vt 0.230658 0.543746
vt 0.093750 1.000000
vt 0.773693 0.130888
vt 0.531250 0.641092
vt 0.235352 0.558021
vt 0.156250 0.858908
vt 0.796475 0.362201
vt 0.937500 0.641092
vt 0.237543 0.574593
vt 0.375000 0.858908
vt 0.850978 0.182528
vt 0.656250 0.641092
vt 0.235352 0.572604
vt 0.343750 0.858908
vt 0.835875 0.164125
vt 0.625000 0.641092
vt 0.850978 0.317472
vt 0.843750 0.641092
vt 0.237543 0.556032
vt 0.125000 0.858908
vt 0.250000 0.591250
vt 0.500000 1.000000
vt 0.871446 0.250000
vt 0.750000 0.641092
vt 0.869112 0.273693
vt 0.781250 0.641092
vt 0.250000 0.578438
vt 0.500000 0.858908
vt 0.246563 0.578185
vt 0.468750 0.858908
vt 0.862201 0.203525
vt 0.687500 0.641092
vt 0.869112 0.226307
vt 0.718750 0.641092
vt 0.246563 0.552440
vt 0.031250 0.858908
vt 0.243208 0.590752
vt 0.468750 1.000000
vt 0.862201 0.296475
vt 0.812500 0.641092
vt 0.835875 0.335875
vt 0.875000 0.641092
vt 0.243258 0.577438
vt 0.437500 0.858908
vt 0.628554 0.250000
vt 0.250000 0.641092
vt 0.243258 0.553187
vt 0.062500 0.858908
vt 0.243208 0.539873
vt 0.031250 1.000000
vt 0.637799 0.203525
vt 0.312500 0.641092
vt 0.236677 0.589276
vt 0.437500 1.000000
vt 0.630888 0.226307
vt 0.281250 0.641092
vt 0.630888 0.273693
vt 0.218750 0.641092
vt 0.240212 0.576226
vt 0.406250 0.858908
vt 0.240212 0.554399
vt 0.093750 0.858908
vt 0.649022 0.182528
vt 0.343750 0.641092
vt 0.236677 0.541349
vt 0.062500 1.000000
vt 0.649022 0.317472
vt 0.156250 0.641092
vt 0.230658 0.586879
vt 0.406250 1.000000
vt 0.664125 0.164125
vt 0.375000 0.641092
vt 0.225382 0.583653
vt 0.375000 1.000000
vt 0.637799 0.296475
vt 0.187500 0.641092
vt 0.250000 0.539375
vt 1.000000 1.000000
vt 0.000000 1.000000
vt 0.703525 0.362201
vt 0.062500 0.641092
vt 1.000000 0.858908
vt 0.250000 0.552188
vt 0.000000 0.858908
vt 0.682528 0.149022
vt 0.406250 0.641092
vt 0.253437 0.578185
vt 0.531250 0.858908
vt 0.682528 0.350978
vt 0.093750 0.641092
vt 0.726307 0.369112
vt 0.031250 0.641092
vt 0.253437 0.552440
vt 0.968750 0.858908
vt 0.256742 0.553187
vt 0.937500 0.858908
vt 0.750000 0.128554
vt 0.500000 0.641092
vt 0.256792 0.539873
vt 0.968750 1.000000
vt 0.726307 0.130888
vt 0.468750 0.641092
vt 0.256792 0.590752
vt 0.531250 1.000000
vt 0.703525 0.137799
vt 0.437500 0.641092
vt 0.256742 0.577438
vt 0.562500 0.858908
vt 0.664125 0.335875
vt 0.125000 0.641092
vt 0.262457 0.556032
vt 0.875000 0.858908
vt 0.262457 0.574593
vt 0.625000 0.858908
vt 0.264648 0.558021
vt 0.843750 0.858908
vt 0.263323 0.589276
vt 0.562500 1.000000
vt 0.259788 0.576226
vt 0.593750 0.858908
vt 0.264648 0.572604
vt 0.656250 0.858908
vt 0.259788 0.554399
vt 0.906250 0.858908
vt 0.263323 0.541350
vt 0.937500 1.000000
vt 0.267279 0.567873
vt 0.718750 0.858908
vt 0.267279 0.562752
vt 0.781250 0.858908
vt 0.267617 0.565313
vt 0.750000 0.858908
vt 0.284815 0.565312
vt 0.750000 1.000000
vt 0.284146 0.570373
vt 0.718750 1.000000
vt 0.284146 0.560252
vt 0.781250 1.000000
vt 0.278948 0.579723
vt 0.656250 1.000000
vt 0.282165 0.575238
vt 0.687500 1.000000
vt 0.282165 0.555387
vt 0.812500 1.000000
vt 0.278948 0.550902
vt 0.843750 1.000000
vt 0.269342 0.586879
vt 0.593750 1.000000
vt 0.274618 0.583653
vt 0.625000 1.000000
vt 0.266276 0.570335
vt 0.687500 0.858908
vt 0.266276 0.560290
vt 0.812500 0.858908
vt 0.274618 0.546972
vt 0.875000 1.000000
vt 0.269342 0.543746
vt 0.906250 1.000000
vt 0.215702 0.688603
vt 0.274185 1.000000
vt 0.215854 0.689748
vt 0.281250 1.000000
vt 0.221052 0.699097
vt 0.343750 1.000000
vt 0.217835 0.694613
vt 0.312500 1.000000
vt 0.232383 0.684687
vt 0.250000 0.858908
vt 0.230658 0.706254
vt 0.406250 1.000000
vt 0.225382 0.703028
vt 0.375000 1.000000
vt 0.235352 0.677395
vt 0.156250 0.858908
vt 0.233724 0.689710
vt 0.312500 0.858908
vt 0.233724 0.679665
vt 0.187500 0.858908
vt 0.236677 0.708651
vt 0.437500 1.000000
vt 0.235352 0.691979
vt 0.343750 0.858908
vt 0.232721 0.687248
vt 0.281250 0.858908
vt 0.232721 0.682127
vt 0.218750 0.858908
vt 0.237543 0.693968
vt 0.375000 0.858908
vt 0.243208 0.710127
vt 0.468750 1.000000
vt 0.243258 0.696813
vt 0.437500 0.858908
vt 0.240212 0.695601
vt 0.406250 0.858908
vt 0.240212 0.673775
vt 0.093750 0.858908
vt 0.246563 0.697560
vt 0.468750 0.858908
vt 0.246563 0.671815
vt 0.031250 0.858908
vt 0.250000 0.697812
vt 0.500000 0.858908
vt 0.250000 0.710625
vt 0.500000 1.000000
vt 0.250000 0.658750
vt 1.000000 1.000000
vt 0.000000 1.000000
vt 1.000000 0.858908
vt 0.250000 0.671562
vt 0.000000 0.858908
vt 0.243258 0.672562
vt 0.062500 0.858908
vt 0.243208 0.659248
vt 0.031250 1.000000
vt 0.237543 0.675407
vt 0.125000 0.858908
vt 0.236677 0.660724
vt 0.062500 1.000000
vt 0.256742 0.696813
vt 0.562500 0.858908
vt 0.253437 0.697560
vt 0.531250 0.858908
vt 0.256792 0.710127
vt 0.531250 1.000000
vt 0.259788 0.695600
vt 0.593750 0.858908
vt 0.256742 0.672562
vt 0.937500 0.858908
vt 0.256792 0.659248
vt 0.968750 1.000000
vt 0.253437 0.671815
vt 0.968750 0.858908
vt 0.264648 0.677396
vt 0.843750 0.858908
vt 0.264648 0.691979
vt 0.656250 0.858908
vt 0.262457 0.675407
vt 0.875000 0.858908
vt 0.263323 0.708650
vt 0.562500 1.000000
vt 0.262457 0.693968
vt 0.625000 0.858908
vt 0.259788 0.673775
vt 0.906250 0.858908
vt 0.263323 0.660724
vt 0.937500 1.000000
vt 0.267617 0.684687
vt 0.750000 0.858908
vt 0.267279 0.687248
vt 0.718750 0.858908
vt 0.267279 0.682127
vt 0.781250 0.858908
vt 0.284815 0.684687
vt 0.750000 1.000000
vt 0.284147 0.689748
vt 0.718750 1.000000
vt 0.284146 0.679627
vt 0.781250 1.000000
vt 0.278948 0.699097
vt 0.656250 1.000000
vt 0.282165 0.694613
vt 0.687500 1.000000
vt 0.282165 0.674762
vt 0.812500 1.000000
vt 0.278948 0.670277
vt 0.843750 1.000000
vt 0.269342 0.706254
vt 0.593750 1.000000
vt 0.274618 0.703028
vt 0.625000 1.000000
vt 0.274618 0.666347
vt 0.875000 1.000000
vt 0.269342 0.663121
vt 0.906250 1.000000
vt 0.266276 0.689710
vt 0.687500 0.858908
vt 0.266276 0.679665
vt 0.812500 0.858908
vt 0.215185 0.684687
vt 0.250000 1.000000
vt 0.215854 0.679627
vt 0.218750 1.000000
vt 0.221052 0.670277
vt 0.156250 1.000000
vt 0.230658 0.663121
vt 0.093750 1.000000
vt 0.225382 0.666347
vt 0.125000 1.000000
vt 0.217835 0.674762
vt 0.187500 1.000000
s 0
usemtl Material.007
f 799/1570/76 815/1606/76 812/1599/76
f 785/1535/77 806/1587/77 803/1579/77
f 793/1556/78 829/1637/78 826/1632/78
f 817/1612/79 830/1639/79 833/1646/79
f 788/1546/80 961/1905/80 947/1877/80
f 929/1841/80 953/1889/80 979/1943/80
f 1060/2107/80 815/1607/80 809/1593/80
f 1039/2065/80 1041/2069/80 1015/2015/80
f 820/1619/80 1011/2007/80 1016/2017/80
f 838/1657/81 811/1597/81 825/1629/81
f 785/1537/78 795/1560/78 788/1544/78
f 795/1561/77 790/1550/77 793/1555/77
f 809/1594/76 803/1581/76 806/1586/76
f 811/1598/77 802/1578/77 799/1569/77
f 815/1608/79 825/1630/79 812/1600/79
f 825/1630/76 820/1620/76 817/1611/76
f 830/1641/78 838/1658/78 833/1647/78
f 829/1638/79 835/1652/79 826/1631/79
f 787/1542/82 971/1928/82 792/1553/82
f 792/1553/83 984/1954/83 796/1562/83
f 796/1562/84 1000/1986/84 801/1574/84
f 801/1574/85 999/1984/85 805/1584/85
f 805/1584/86 994/1974/86 808/1591/86
f 814/1604/87 994/1974/87 993/1972/87
f 818/1614/88 993/1972/88 990/1966/88
f 823/1625/89 990/1966/89 988/1962/89
f 828/1635/90 988/1962/90 989/1964/90
f 832/1644/91 989/1964/91 992/1970/91
f 836/1653/92 992/1970/92 991/1968/92
f 839/1659/93 991/1968/93 996/1978/93
f 841/1663/94 996/1978/94 995/1976/94
f 842/1665/95 995/1976/95 980/1946/95
f 844/1669/96 980/1946/96 973/1932/96
f 845/1671/97 973/1932/97 933/1850/97
f 847/1675/98 933/1850/98 941/1866/98
f 848/1677/99 941/1866/99 949/1882/99
f 850/1681/100 949/1882/100 957/1898/100
f 851/1683/101 957/1898/101 959/1902/101
f 853/1687/102 959/1902/102 908/1799/102
f 853/1687/103 909/1801/103 854/1689/103
f 854/1689/104 906/1795/104 856/1693/104
f 856/1693/105 905/1793/105 857/1695/105
f 857/1695/106 907/1797/106 859/1699/106
f 859/1699/107 910/1803/107 860/1701/107
f 860/1701/108 911/1805/108 862/1705/108
f 862/1705/109 921/1826/109 863/1707/109
f 863/1707/110 923/1830/110 865/1711/110
f 865/1711/111 955/1894/111 866/1713/111
f 866/1713/112 947/1878/112 868/1717/112
f 868/1717/113 961/1907/113 787/1541/113
f 796/1563/80 832/1645/80 884/1750/80
f 856/1694/80 891/1764/80 890/1762/80
f 870/1722/98 968/1922/98 963/1910/98
f 871/1725/99 969/1924/99 968/1922/99
f 878/1739/100 983/1952/100 969/1924/100
f 874/1731/101 977/1940/101 983/1952/101
f 888/1759/102 979/1944/102 977/1940/102
f 887/1757/103 979/1944/103 882/1747/103
f 884/1751/104 998/1982/104 887/1757/104
f 883/1749/105 986/1958/105 884/1751/105
f 886/1755/106 987/1960/106 883/1749/106
f 885/1753/107 985/1956/107 886/1755/107
f 880/1743/108 997/1980/108 885/1753/108
f 881/1745/109 982/1950/109 880/1743/109
f 876/1735/110 978/1942/110 881/1745/110
f 872/1727/111 981/1948/111 876/1735/111
f 877/1737/112 975/1936/112 872/1727/112
f 901/1785/113 965/1916/113 877/1737/113
f 902/1787/82 936/1856/82 901/1785/82
f 903/1789/83 937/1858/83 902/1787/83
f 898/1779/84 944/1872/84 903/1789/84
f 895/1773/85 952/1888/85 898/1779/85
f 893/1769/86 927/1838/86 895/1773/86
f 893/1769/87 917/1818/87 929/1842/87
f 890/1763/88 912/1807/88 917/1818/88
f 891/1765/89 915/1814/89 912/1807/89
f 889/1761/90 913/1809/90 915/1814/90
f 892/1767/91 919/1822/91 913/1809/91
f 896/1775/92 925/1834/92 919/1822/92
f 894/1771/93 932/1848/93 925/1834/93
f 904/1791/94 953/1890/94 932/1848/94
f 899/1781/95 946/1876/95 953/1890/95
f 897/1777/96 940/1864/96 946/1876/96
f 900/1783/97 963/1912/97 940/1864/97
f 786/1539/82 1035/2058/82 789/1547/82
f 789/1547/83 1043/2074/83 791/1551/83
f 791/1551/84 1057/2102/84 794/1557/84
f 794/1557/85 1056/2100/85 798/1567/85
f 798/1567/86 1053/2094/86 800/1572/86
f 804/1582/87 1053/2094/87 1052/2092/87
f 807/1589/88 1052/2092/88 1049/2086/88
f 810/1595/89 1049/2086/89 1047/2082/89
f 813/1602/90 1047/2082/90 1048/2084/90
f 816/1609/91 1048/2084/91 1051/2090/91
f 819/1616/92 1051/2090/92 1050/2088/92
f 821/1621/93 1050/2088/93 1055/2098/93
f 824/1627/94 1055/2098/94 1054/2096/94
f 827/1633/95 1054/2096/95 1040/2068/95
f 831/1642/96 1040/2068/96 1032/2052/96
f 834/1649/97 1032/2052/97 1023/2032/97
f 837/1655/98 1023/2032/98 1016/2018/98
f 840/1661/99 1016/2018/99 1011/2008/99
f 843/1667/100 1011/2008/100 1006/1998/100
f 846/1673/101 1006/1998/101 1007/2000/101
f 849/1679/102 1007/2000/102 1003/1992/102
f 849/1679/103 1004/1994/103 852/1685/103
f 852/1685/104 1002/1990/104 855/1691/104
f 855/1691/105 1001/1988/105 1060/2108/105
f 858/1697/106 1061/2110/106 861/1703/106
f 861/1703/107 1065/2118/107 864/1709/107
f 864/1709/108 1062/2112/108 867/1715/108
f 867/1715/109 1064/2116/109 869/1719/109
f 869/1719/110 1063/2114/110 873/1728/110
f 873/1728/111 1029/2046/111 875/1732/111
f 875/1732/112 1027/2042/112 879/1740/112
f 879/1740/113 1024/2035/113 786/1538/113
f 807/1590/80 935/1853/80 942/1867/80
f 855/1692/80 950/1883/80 948/1879/80
f 914/1811/98 1036/2060/98 1025/2036/98
f 916/1816/99 1034/2056/99 1036/2060/99
f 926/1836/100 1042/2072/100 1034/2056/100
f 920/1824/101 1039/2066/101 1042/2072/101
f 943/1870/102 1037/2062/102 1039/2066/102
f 942/1868/103 1037/2062/103 931/1846/103
f 935/1854/104 1059/2106/104 942/1868/104
f 934/1852/105 1046/2080/105 935/1854/105
f 939/1862/106 1044/2076/106 934/1852/106
f 938/1860/107 1045/2078/107 939/1862/107
f 928/1840/108 1058/2104/108 938/1860/108
f 930/1844/109 1038/2064/109 928/1840/109
f 922/1828/110 1041/2070/110 930/1844/110
f 918/1820/111 1033/2054/111 922/1828/111
f 924/1832/112 1030/2048/112 918/1820/112
f 970/1926/113 1031/2050/113 924/1832/113
f 972/1930/82 1022/2030/82 970/1926/82
f 974/1934/83 1020/2026/83 972/1930/83
f 964/1914/84 1017/2020/84 974/1934/84
f 958/1900/85 1018/2022/85 964/1914/85
f 954/1892/86 1015/2016/86 958/1900/86
f 954/1892/87 1009/2004/87 1012/2010/87
f 948/1880/88 1013/2012/88 1009/2004/88
f 950/1884/89 1005/1996/89 1013/2012/89
f 945/1874/90 1014/2014/90 1005/1996/90
f 951/1886/91 1010/2006/91 1014/2014/91
f 960/1904/92 1008/2002/92 1010/2006/92
f 956/1896/93 1028/2044/93 1008/2002/93
f 976/1938/94 1019/2024/94 1028/2044/94
f 966/1918/95 1026/2040/95 1019/2024/95
f 962/1909/96 1021/2028/96 1026/2040/96
f 967/1920/97 1025/2038/97 1021/2028/97
f 799/1570/76 802/1576/76 815/1606/76
f 785/1535/77 788/1545/77 806/1587/77
f 793/1556/78 790/1549/78 829/1637/78
f 817/1612/79 820/1618/79 830/1639/79
f 911/1804/80 910/1802/80 809/1593/80
f 809/1593/80 806/1588/80 788/1546/80
f 788/1546/80 795/1559/80 993/1971/80
f 788/1546/80 993/1971/80 994/1973/80
f 921/1825/80 911/1804/80 809/1593/80
f 923/1829/80 921/1825/80 809/1593/80
f 788/1546/80 994/1973/80 999/1983/80
f 788/1546/80 999/1983/80 1000/1985/80
f 923/1829/80 809/1593/80 788/1546/80
f 955/1893/80 923/1829/80 788/1546/80
f 788/1546/80 1000/1985/80 984/1953/80
f 788/1546/80 984/1953/80 971/1927/80
f 947/1877/80 955/1893/80 788/1546/80
f 788/1546/80 971/1927/80 961/1905/80
f 979/1943/80 998/1981/80 986/1957/80
f 986/1957/80 987/1959/80 985/1955/80
f 985/1955/80 997/1979/80 982/1949/80
f 982/1949/80 978/1941/80 981/1947/80
f 981/1947/80 975/1935/80 965/1915/80
f 965/1915/80 936/1855/80 937/1857/80
f 937/1857/80 944/1871/80 952/1887/80
f 952/1887/80 927/1837/80 929/1841/80
f 929/1841/80 917/1817/80 912/1806/80
f 912/1806/80 915/1813/80 913/1808/80
f 913/1808/80 919/1821/80 925/1833/80
f 925/1833/80 932/1847/80 953/1889/80
f 953/1889/80 946/1875/80 940/1863/80
f 940/1863/80 963/1911/80 968/1921/80
f 968/1921/80 969/1923/80 983/1951/80
f 983/1951/80 977/1939/80 979/1943/80
f 979/1943/80 986/1957/80 985/1955/80
f 985/1955/80 982/1949/80 981/1947/80
f 981/1947/80 965/1915/80 937/1857/80
f 937/1857/80 952/1887/80 929/1841/80
f 929/1841/80 912/1806/80 913/1808/80
f 913/1808/80 925/1833/80 953/1889/80
f 953/1889/80 940/1863/80 968/1921/80
f 968/1921/80 983/1951/80 979/1943/80
f 979/1943/80 985/1955/80 981/1947/80
f 981/1947/80 937/1857/80 929/1841/80
f 929/1841/80 913/1808/80 953/1889/80
f 953/1889/80 968/1921/80 979/1943/80
f 979/1943/80 981/1947/80 929/1841/80
f 990/1965/80 993/1971/80 795/1559/80
f 795/1559/80 793/1556/80 826/1632/80
f 826/1632/80 835/1651/80 1051/2089/80
f 826/1632/80 1051/2089/80 1048/2083/80
f 990/1965/80 795/1559/80 826/1632/80
f 988/1961/80 990/1965/80 826/1632/80
f 826/1632/80 1048/2083/80 1047/2081/80
f 826/1632/80 1047/2081/80 1049/2085/80
f 989/1963/80 988/1961/80 826/1632/80
f 992/1969/80 989/1963/80 826/1632/80
f 826/1632/80 1049/2085/80 1052/2091/80
f 826/1632/80 1052/2091/80 1053/2093/80
f 991/1967/80 992/1969/80 826/1632/80
f 996/1977/80 991/1967/80 826/1632/80
f 826/1632/80 1053/2093/80 1056/2099/80
f 826/1632/80 1056/2099/80 1057/2101/80
f 995/1975/80 996/1977/80 826/1632/80
f 980/1945/80 995/1975/80 826/1632/80
f 980/1945/80 826/1632/80 1057/2101/80
f 973/1931/80 980/1945/80 1057/2101/80
f 973/1931/80 1057/2101/80 1043/2073/80
f 933/1849/80 973/1931/80 1043/2073/80
f 933/1849/80 1043/2073/80 1035/2057/80
f 941/1865/80 933/1849/80 1035/2057/80
f 941/1865/80 1035/2057/80 1024/2033/80
f 949/1881/80 941/1865/80 1024/2033/80
f 949/1881/80 1024/2033/80 1027/2041/80
f 957/1897/80 949/1881/80 1027/2041/80
f 957/1897/80 1027/2041/80 1029/2045/80
f 959/1901/80 957/1897/80 1029/2045/80
f 959/1901/80 1029/2045/80 1063/2113/80
f 908/1798/80 959/1901/80 1063/2113/80
f 908/1798/80 1063/2113/80 1064/2115/80
f 909/1800/80 908/1798/80 1064/2115/80
f 909/1800/80 1064/2115/80 1062/2111/80
f 906/1794/80 909/1800/80 1062/2111/80
f 906/1794/80 1062/2111/80 1065/2117/80
f 905/1792/80 906/1794/80 1065/2117/80
f 905/1792/80 1065/2117/80 1061/2109/80
f 809/1593/80 910/1802/80 907/1796/80
f 905/1792/80 1061/2109/80 1060/2107/80
f 809/1593/80 907/1796/80 905/1792/80
f 815/1607/80 802/1577/80 809/1593/80
f 1001/1987/80 822/1623/80 815/1607/80
f 809/1593/80 905/1792/80 1060/2107/80
f 1060/2107/80 1001/1987/80 815/1607/80
f 1015/2015/80 1012/2009/80 1009/2003/80
f 1009/2003/80 1013/2011/80 1005/1995/80
f 1005/1995/80 1014/2013/80 1010/2005/80
f 1010/2005/80 1008/2001/80 1028/2043/80
f 1028/2043/80 1019/2023/80 1026/2039/80
f 1026/2039/80 1021/2027/80 1025/2037/80
f 1025/2037/80 1036/2059/80 1034/2055/80
f 1034/2055/80 1042/2071/80 1039/2065/80
f 1039/2065/80 1037/2061/80 1059/2105/80
f 1059/2105/80 1046/2079/80 1044/2075/80
f 1044/2075/80 1045/2077/80 1058/2103/80
f 1058/2103/80 1038/2063/80 1041/2069/80
f 1041/2069/80 1033/2053/80 1030/2047/80
f 1030/2047/80 1031/2049/80 1022/2029/80
f 1022/2029/80 1020/2025/80 1017/2019/80
f 1017/2019/80 1018/2021/80 1015/2015/80
f 1015/2015/80 1009/2003/80 1005/1995/80
f 1005/1995/80 1010/2005/80 1028/2043/80
f 1028/2043/80 1026/2039/80 1025/2037/80
f 1025/2037/80 1034/2055/80 1039/2065/80
f 1039/2065/80 1059/2105/80 1044/2075/80
f 1044/2075/80 1058/2103/80 1041/2069/80
f 1041/2069/80 1030/2047/80 1022/2029/80
f 1022/2029/80 1017/2019/80 1015/2015/80
f 1015/2015/80 1005/1995/80 1028/2043/80
f 1028/2043/80 1025/2037/80 1039/2065/80
f 1039/2065/80 1044/2075/80 1041/2069/80
f 1041/2069/80 1022/2029/80 1015/2015/80
f 1015/2015/80 1028/2043/80 1039/2065/80
f 1050/2087/80 1051/2089/80 835/1651/80
f 835/1651/80 830/1640/80 820/1619/80
f 820/1619/80 822/1623/80 1001/1987/80
f 820/1619/80 1001/1987/80 1002/1989/80
f 1055/2097/80 1050/2087/80 835/1651/80
f 1054/2095/80 1055/2097/80 835/1651/80
f 820/1619/80 1002/1989/80 1004/1993/80
f 820/1619/80 1004/1993/80 1003/1991/80
f 1054/2095/80 835/1651/80 820/1619/80
f 1040/2067/80 1054/2095/80 820/1619/80
f 820/1619/80 1003/1991/80 1007/1999/80
f 820/1619/80 1007/1999/80 1006/1997/80
f 1032/2051/80 1040/2067/80 820/1619/80
f 1023/2031/80 1032/2051/80 820/1619/80
f 820/1619/80 1006/1997/80 1011/2007/80
f 1016/2017/80 1023/2031/80 820/1619/80
f 838/1657/81 829/1637/81 790/1549/81
f 797/1564/81 785/1536/81 803/1580/81
f 838/1657/81 790/1549/81 797/1564/81
f 817/1613/81 833/1648/81 838/1657/81
f 799/1571/81 812/1601/81 825/1629/81
f 825/1629/81 817/1613/81 838/1657/81
f 838/1657/81 797/1564/81 803/1580/81
f 811/1597/81 799/1571/81 825/1629/81
f 838/1657/81 803/1580/81 811/1597/81
f 785/1537/78 797/1565/78 795/1560/78
f 795/1561/77 797/1566/77 790/1550/77
f 809/1594/76 811/1598/76 803/1581/76
f 811/1598/77 809/1594/77 802/1578/77
f 815/1608/79 822/1624/79 825/1630/79
f 825/1630/76 822/1624/76 820/1620/76
f 830/1641/78 835/1652/78 838/1658/78
f 829/1638/79 838/1658/79 835/1652/79
f 787/1542/82 961/1906/82 971/1928/82
f 792/1553/83 971/1928/83 984/1954/83
f 796/1562/84 984/1954/84 1000/1986/84
f 801/1574/85 1000/1986/85 999/1984/85
f 805/1584/86 999/1984/86 994/1974/86
f 814/1604/87 808/1591/87 994/1974/87
f 818/1614/88 814/1604/88 993/1972/88
f 823/1625/89 818/1614/89 990/1966/89
f 828/1635/90 823/1625/90 988/1962/90
f 832/1644/91 828/1635/91 989/1964/91
f 836/1653/92 832/1644/92 992/1970/92
f 839/1659/93 836/1653/93 991/1968/93
f 841/1663/94 839/1659/94 996/1978/94
f 842/1665/95 841/1663/95 995/1976/95
f 844/1669/96 842/1665/96 980/1946/96
f 845/1671/97 844/1669/97 973/1932/97
f 847/1675/98 845/1671/98 933/1850/98
f 848/1677/99 847/1675/99 941/1866/99
f 850/1681/100 848/1677/100 949/1882/100
f 851/1683/101 850/1681/101 957/1898/101
f 853/1687/102 851/1683/102 959/1902/102
f 853/1687/103 908/1799/103 909/1801/103
f 854/1689/104 909/1801/104 906/1795/104
f 856/1693/105 906/1795/105 905/1793/105
f 857/1695/106 905/1793/106 907/1797/106
f 859/1699/107 907/1797/107 910/1803/107
f 860/1701/108 910/1803/108 911/1805/108
f 862/1705/109 911/1805/109 921/1826/109
f 863/1707/110 921/1826/110 923/1830/110
f 865/1711/111 923/1830/111 955/1894/111
f 866/1713/112 955/1894/112 947/1878/112
f 868/1717/113 947/1878/113 961/1907/113
f 900/1782/80 868/1718/80 787/1543/80
f 787/1543/80 792/1554/80 796/1563/80
f 796/1563/80 801/1575/80 805/1585/80
f 805/1585/80 808/1592/80 814/1605/80
f 814/1605/80 818/1615/80 823/1626/80
f 823/1626/80 828/1636/80 832/1645/80
f 832/1645/80 836/1654/80 839/1660/80
f 839/1660/80 841/1664/80 842/1666/80
f 842/1666/80 844/1670/80 877/1736/80
f 842/1666/80 877/1736/80 872/1726/80
f 832/1645/80 839/1660/80 842/1666/80
f 814/1605/80 823/1626/80 832/1645/80
f 796/1563/80 805/1585/80 814/1605/80
f 900/1782/80 787/1543/80 796/1563/80
f 870/1721/80 900/1782/80 796/1563/80
f 796/1563/80 814/1605/80 832/1645/80
f 832/1645/80 842/1666/80 872/1726/80
f 832/1645/80 872/1726/80 876/1734/80
f 871/1724/80 870/1721/80 796/1563/80
f 878/1738/80 871/1724/80 796/1563/80
f 832/1645/80 876/1734/80 881/1744/80
f 832/1645/80 881/1744/80 880/1742/80
f 874/1730/80 878/1738/80 796/1563/80
f 888/1758/80 874/1730/80 796/1563/80
f 832/1645/80 880/1742/80 885/1752/80
f 832/1645/80 885/1752/80 886/1754/80
f 882/1746/80 888/1758/80 796/1563/80
f 887/1756/80 882/1746/80 796/1563/80
f 832/1645/80 886/1754/80 883/1748/80
f 884/1750/80 887/1756/80 796/1563/80
f 832/1645/80 883/1748/80 884/1750/80
f 901/1784/80 877/1736/80 844/1670/80
f 844/1670/80 845/1672/80 847/1676/80
f 847/1676/80 848/1678/80 850/1682/80
f 850/1682/80 851/1684/80 853/1688/80
f 853/1688/80 854/1690/80 856/1694/80
f 856/1694/80 857/1696/80 859/1700/80
f 859/1700/80 860/1702/80 862/1706/80
f 862/1706/80 863/1708/80 865/1712/80
f 865/1712/80 866/1714/80 868/1718/80
f 868/1718/80 900/1782/80 897/1776/80
f 868/1718/80 897/1776/80 899/1780/80
f 862/1706/80 865/1712/80 868/1718/80
f 856/1694/80 859/1700/80 862/1706/80
f 850/1682/80 853/1688/80 856/1694/80
f 844/1670/80 847/1676/80 850/1682/80
f 902/1786/80 901/1784/80 844/1670/80
f 903/1788/80 902/1786/80 844/1670/80
f 844/1670/80 850/1682/80 856/1694/80
f 856/1694/80 862/1706/80 868/1718/80
f 868/1718/80 899/1780/80 904/1790/80
f 868/1718/80 904/1790/80 894/1770/80
f 903/1788/80 844/1670/80 856/1694/80
f 898/1778/80 903/1788/80 856/1694/80
f 856/1694/80 868/1718/80 894/1770/80
f 856/1694/80 894/1770/80 896/1774/80
f 895/1772/80 898/1778/80 856/1694/80
f 893/1768/80 895/1772/80 856/1694/80
f 856/1694/80 896/1774/80 892/1766/80
f 856/1694/80 892/1766/80 889/1760/80
f 890/1762/80 893/1768/80 856/1694/80
f 856/1694/80 889/1760/80 891/1764/80
f 870/1722/98 871/1725/98 968/1922/98
f 871/1725/99 878/1739/99 969/1924/99
f 878/1739/100 874/1731/100 983/1952/100
f 874/1731/101 888/1759/101 977/1940/101
f 888/1759/102 882/1747/102 979/1944/102
f 887/1757/103 998/1982/103 979/1944/103
f 884/1751/104 986/1958/104 998/1982/104
f 883/1749/105 987/1960/105 986/1958/105
f 886/1755/106 985/1956/106 987/1960/106
f 885/1753/107 997/1980/107 985/1956/107
f 880/1743/108 982/1950/108 997/1980/108
f 881/1745/109 978/1942/109 982/1950/109
f 876/1735/110 981/1948/110 978/1942/110
f 872/1727/111 975/1936/111 981/1948/111
f 877/1737/112 965/1916/112 975/1936/112
f 901/1785/113 936/1856/113 965/1916/113
f 902/1787/82 937/1858/82 936/1856/82
f 903/1789/83 944/1872/83 937/1858/83
f 898/1779/84 952/1888/84 944/1872/84
f 895/1773/85 927/1838/85 952/1888/85
f 893/1769/86 929/1842/86 927/1838/86
f 893/1769/87 890/1763/87 917/1818/87
f 890/1763/88 891/1765/88 912/1807/88
f 891/1765/89 889/1761/89 915/1814/89
f 889/1761/90 892/1767/90 913/1809/90
f 892/1767/91 896/1775/91 919/1822/91
f 896/1775/92 894/1771/92 925/1834/92
f 894/1771/93 904/1791/93 932/1848/93
f 904/1791/94 899/1781/94 953/1890/94
f 899/1781/95 897/1777/95 946/1876/95
f 897/1777/96 900/1783/96 940/1864/96
f 900/1783/97 870/1723/97 963/1912/97
f 786/1539/82 1024/2034/82 1035/2058/82
f 789/1547/83 1035/2058/83 1043/2074/83
f 791/1551/84 1043/2074/84 1057/2102/84
f 794/1557/85 1057/2102/85 1056/2100/85
f 798/1567/86 1056/2100/86 1053/2094/86
f 804/1582/87 800/1572/87 1053/2094/87
f 807/1589/88 804/1582/88 1052/2092/88
f 810/1595/89 807/1589/89 1049/2086/89
f 813/1602/90 810/1595/90 1047/2082/90
f 816/1609/91 813/1602/91 1048/2084/91
f 819/1616/92 816/1609/92 1051/2090/92
f 821/1621/93 819/1616/93 1050/2088/93
f 824/1627/94 821/1621/94 1055/2098/94
f 827/1633/95 824/1627/95 1054/2096/95
f 831/1642/96 827/1633/96 1040/2068/96
f 834/1649/97 831/1642/97 1032/2052/97
f 837/1655/98 834/1649/98 1023/2032/98
f 840/1661/99 837/1655/99 1016/2018/99
f 843/1667/100 840/1661/100 1011/2008/100
f 846/1673/101 843/1667/101 1006/1998/101
f 849/1679/102 846/1673/102 1007/2000/102
f 849/1679/103 1003/1992/103 1004/1994/103
f 852/1685/104 1004/1994/104 1002/1990/104
f 1060/2108/105 858/1697/105 855/1691/105
f 855/1691/105 1002/1990/105 1001/1988/105
f 858/1697/106 1060/2108/106 1061/2110/106
f 861/1703/107 1061/2110/107 1065/2118/107
f 864/1709/108 1065/2118/108 1062/2112/108
f 867/1715/109 1062/2112/109 1064/2116/109
f 869/1719/110 1064/2116/110 1063/2114/110
f 873/1728/111 1063/2114/111 1029/2046/111
f 875/1732/112 1029/2046/112 1027/2042/112
f 879/1740/113 1027/2042/113 1024/2035/113
f 914/1810/80 967/1919/80 879/1741/80
f 879/1741/80 786/1540/80 789/1548/80
f 789/1548/80 791/1552/80 794/1558/80
f 794/1558/80 798/1568/80 800/1573/80
f 800/1573/80 804/1583/80 807/1590/80
f 807/1590/80 810/1596/80 813/1603/80
f 813/1603/80 816/1610/80 819/1617/80
f 819/1617/80 821/1622/80 824/1628/80
f 824/1628/80 827/1634/80 831/1643/80
f 831/1643/80 924/1831/80 918/1819/80
f 831/1643/80 918/1819/80 922/1827/80
f 819/1617/80 824/1628/80 831/1643/80
f 807/1590/80 813/1603/80 819/1617/80
f 794/1558/80 800/1573/80 807/1590/80
f 879/1741/80 789/1548/80 794/1558/80
f 916/1815/80 914/1810/80 879/1741/80
f 926/1835/80 916/1815/80 879/1741/80
f 879/1741/80 794/1558/80 807/1590/80
f 807/1590/80 819/1617/80 831/1643/80
f 831/1643/80 922/1827/80 930/1843/80
f 831/1643/80 930/1843/80 928/1839/80
f 926/1835/80 879/1741/80 807/1590/80
f 920/1823/80 926/1835/80 807/1590/80
f 807/1590/80 831/1643/80 928/1839/80
f 807/1590/80 928/1839/80 938/1859/80
f 943/1869/80 920/1823/80 807/1590/80
f 931/1845/80 943/1869/80 807/1590/80
f 807/1590/80 938/1859/80 939/1861/80
f 807/1590/80 939/1861/80 934/1851/80
f 942/1867/80 931/1845/80 807/1590/80
f 807/1590/80 934/1851/80 935/1853/80
f 970/1925/80 924/1831/80 831/1643/80
f 831/1643/80 834/1650/80 837/1656/80
f 837/1656/80 840/1662/80 843/1668/80
f 843/1668/80 846/1674/80 849/1680/80
f 849/1680/80 852/1686/80 855/1692/80
f 855/1692/80 858/1698/80 861/1704/80
f 861/1704/80 864/1710/80 867/1716/80
f 867/1716/80 869/1720/80 873/1729/80
f 873/1729/80 875/1733/80 879/1741/80
f 879/1741/80 967/1919/80 962/1908/80
f 879/1741/80 962/1908/80 966/1917/80
f 867/1716/80 873/1729/80 879/1741/80
f 855/1692/80 861/1704/80 867/1716/80
f 843/1668/80 849/1680/80 855/1692/80
f 831/1643/80 837/1656/80 843/1668/80
f 972/1929/80 970/1925/80 831/1643/80
f 974/1933/80 972/1929/80 831/1643/80
f 831/1643/80 843/1668/80 855/1692/80
f 855/1692/80 867/1716/80 879/1741/80
f 879/1741/80 966/1917/80 976/1937/80
f 879/1741/80 976/1937/80 956/1895/80
f 974/1933/80 831/1643/80 855/1692/80
f 964/1913/80 974/1933/80 855/1692/80
f 855/1692/80 879/1741/80 956/1895/80
f 855/1692/80 956/1895/80 960/1903/80
f 958/1899/80 964/1913/80 855/1692/80
f 954/1891/80 958/1899/80 855/1692/80
f 855/1692/80 960/1903/80 951/1885/80
f 855/1692/80 951/1885/80 945/1873/80
f 948/1879/80 954/1891/80 855/1692/80
f 855/1692/80 945/1873/80 950/1883/80
f 914/1811/98 916/1816/98 1036/2060/98
f 916/1816/99 926/1836/99 1034/2056/99
f 926/1836/100 920/1824/100 1042/2072/100
f 920/1824/101 943/1870/101 1039/2066/101
f 943/1870/102 931/1846/102 1037/2062/102
f 942/1868/103 1059/2106/103 1037/2062/103
f 935/1854/104 1046/2080/104 1059/2106/104
f 934/1852/105 1044/2076/105 1046/2080/105
f 939/1862/106 1045/2078/106 1044/2076/106
f 938/1860/107 1058/2104/107 1045/2078/107
f 928/1840/108 1038/2064/108 1058/2104/108
f 930/1844/109 1041/2070/109 1038/2064/109
f 922/1828/110 1033/2054/110 1041/2070/110
f 918/1820/111 1030/2048/111 1033/2054/111
f 924/1832/112 1031/2050/112 1030/2048/112
f 970/1926/113 1022/2030/113 1031/2050/113
f 972/1930/82 1020/2026/82 1022/2030/82
f 974/1934/83 1017/2020/83 1020/2026/83
f 964/1914/84 1018/2022/84 1017/2020/84
f 958/1900/85 1015/2016/85 1018/2022/85
f 954/1892/86 1012/2010/86 1015/2016/86
f 954/1892/87 948/1880/87 1009/2004/87
f 948/1880/88 950/1884/88 1013/2012/88
f 950/1884/89 945/1874/89 1005/1996/89
f 945/1874/90 951/1886/90 1014/2014/90
f 951/1886/91 960/1904/91 1010/2006/91
f 960/1904/92 956/1896/92 1008/2002/92
f 956/1896/93 976/1938/93 1028/2044/93
f 976/1938/94 966/1918/94 1019/2024/94
f 966/1918/95 962/1909/95 1026/2040/95
f 962/1909/96 967/1920/96 1021/2028/96
f 967/1920/97 914/1812/97 1025/2038/97
o Mini_Breadboard2
v -0.010000 0.017300 0.025500
v 0.002700 0.004900 0.030000
v -0.006850 0.004900 0.030000
v -0.010000 0.007700 0.025500
v 0.002740 0.004900 0.029595
v -0.008000 0.017300 0.022550
v 0.002858 0.004900 0.029206
v -0.006810 0.004900 0.029595
v -0.008000 0.007700 0.022550
v 0.003050 0.004900 0.028847
v -0.008000 0.007700 0.025500
v -0.006692 0.004900 0.029206
v -0.008000 0.017300 0.025500
v 0.003308 0.004900 0.028533
v -0.008000 0.017300 0.037450
v 0.003622 0.004900 0.028275
v -0.006500 0.004900 0.028847
v -0.008000 0.007700 0.037450
v -0.010000 0.017300 0.034500
v 0.003981 0.004900 0.028083
v -0.006242 0.004900 0.028533
v -0.010000 0.007700 0.034500
v 0.004370 0.004900 0.027965
v -0.005928 0.004900 0.028275
v -0.008000 0.007700 0.034500
v 0.004775 0.004900 0.027925
v -0.008000 0.017300 0.034500
v 0.008000 0.017300 0.037450
v 0.005180 0.004900 0.027965
v -0.005569 0.004900 0.028083
v 0.008000 0.007700 0.037450
v 0.005569 0.004900 0.028083
v 0.010000 0.017300 0.034500
v -0.005180 0.004900 0.027965
v 0.005928 0.004900 0.028275
v 0.010000 0.007700 0.034500
v 0.006242 0.004900 0.028533
v 0.008000 0.007700 0.034500
v -0.004775 0.004900 0.027925
v 0.006500 0.004900 0.028847
v 0.008000 0.017300 0.034500
v 0.008000 0.007700 0.022550
v 0.006692 0.004900 0.029206
v -0.004370 0.004900 0.027965
v 0.008000 0.017300 0.022550
v 0.010000 0.007700 0.025500
v 0.006810 0.004900 0.029595
v -0.003981 0.004900 0.028083
v 0.010000 0.017300 0.025500
v 0.006850 0.004900 0.030000
v 0.008000 0.007700 0.025500
v -0.003622 0.004900 0.028275
v 0.006810 0.004900 0.030405
v 0.008000 0.017300 0.025500
v -0.003308 0.004900 0.028533
v 0.006692 0.004900 0.030794
v -0.003050 0.004900 0.028847
v -0.002858 0.004900 0.029206
v 0.006500 0.004900 0.031153
v -0.002740 0.004900 0.029595
v -0.002700 0.004900 0.030000
v 0.006242 0.004900 0.031467
v -0.002740 0.004900 0.030405
v -0.002858 0.004900 0.030794
v 0.005928 0.004900 0.031725
v -0.003050 0.004900 0.031153
v -0.003308 0.004900 0.031467
v 0.005569 0.004900 0.031917
v -0.003622 0.004900 0.031725
v -0.003981 0.004900 0.031917
v 0.005180 0.004900 0.032035
v -0.004370 0.004900 0.032035
v -0.004775 0.004900 0.032075
v 0.004775 0.004900 0.032075
v -0.005180 0.004900 0.032035
v -0.005569 0.004900 0.031917
v 0.004370 0.004900 0.032035
v -0.005928 0.004900 0.031725
v -0.006242 0.004900 0.031467
v 0.003981 0.004900 0.031917
v -0.006500 0.004900 0.031153
v -0.006692 0.004900 0.030794
v 0.003622 0.004900 0.031725
v -0.006810 0.004900 0.030405
v 0.003308 0.004900 0.031467
v -0.005825 0.004900 0.030000
v -0.005805 0.004900 0.029795
v -0.003805 0.004900 0.029598
v 0.003050 0.004900 0.031153
v -0.005648 0.004900 0.029417
v 0.002858 0.004900 0.030794
v -0.003902 0.004900 0.029417
v -0.003745 0.004900 0.029795
v -0.005745 0.004900 0.029598
v 0.002740 0.004900 0.030405
v -0.004192 0.004900 0.029127
v -0.004033 0.004900 0.029258
v -0.005358 0.004900 0.029127
v -0.004775 0.004900 0.028950
v -0.004980 0.004900 0.028970
v -0.004373 0.004900 0.029030
v -0.004570 0.004900 0.028970
v -0.005177 0.004900 0.029030
v -0.005517 0.004900 0.029258
v -0.004775 0.004900 0.031050
v -0.004373 0.004900 0.030970
v -0.004570 0.004900 0.031030
v -0.004980 0.004900 0.031030
v -0.004192 0.004900 0.030873
v -0.005358 0.004900 0.030873
v -0.004033 0.004900 0.030742
v -0.005177 0.004900 0.030970
v -0.005745 0.004900 0.030402
v -0.003902 0.004900 0.030583
v -0.005648 0.004900 0.030583
v -0.005805 0.004900 0.030205
v -0.003725 0.004900 0.030000
v -0.003745 0.004900 0.030205
v -0.003805 0.004900 0.030402
v -0.005517 0.004900 0.030742
v -0.004775 0.007700 0.032075
v -0.004370 0.007700 0.032035
v -0.005180 0.007700 0.032035
v -0.003622 0.007700 0.031725
v -0.003981 0.007700 0.031917
v -0.005569 0.007700 0.031917
v -0.005928 0.007700 0.031725
v -0.004570 0.007700 0.031030
v -0.004980 0.007700 0.031030
v 0.003725 0.004900 0.030000
v -0.004775 0.007700 0.031050
v 0.003745 0.004900 0.029795
v -0.004373 0.007700 0.030970
v 0.005745 0.004900 0.029598
v -0.005177 0.007700 0.030970
v 0.003902 0.004900 0.029417
v -0.006242 0.007700 0.031467
v 0.005648 0.004900 0.029417
v -0.006500 0.007700 0.031153
v 0.005805 0.004900 0.029795
v -0.005358 0.007700 0.030873
v 0.003805 0.004900 0.029598
v -0.004033 0.007700 0.030742
v 0.005358 0.004900 0.029127
v -0.004192 0.007700 0.030873
v 0.005517 0.004900 0.029258
v 0.004192 0.004900 0.029127
v -0.005517 0.007700 0.030742
v -0.002700 0.007700 0.030000
v 0.004775 0.004900 0.028950
v 0.004570 0.004900 0.028970
v -0.003725 0.007700 0.030000
v -0.003745 0.007700 0.030205
v 0.005177 0.004900 0.029030
v 0.004980 0.004900 0.028970
v -0.005805 0.007700 0.030205
v -0.002740 0.007700 0.030405
v 0.004373 0.004900 0.029030
v 0.004033 0.004900 0.029258
v -0.003805 0.007700 0.030402
v 0.004775 0.004900 0.031050
v -0.005745 0.007700 0.030402
v -0.006810 0.007700 0.030405
v 0.005177 0.004900 0.030970
v -0.002858 0.007700 0.030794
v 0.004980 0.004900 0.031030
v 0.004570 0.004900 0.031030
v -0.003902 0.007700 0.030583
v -0.005648 0.007700 0.030583
v 0.005358 0.004900 0.030873
v -0.006692 0.007700 0.030794
v 0.004192 0.004900 0.030873
v -0.003050 0.007700 0.031153
v 0.005517 0.004900 0.030742
v -0.003308 0.007700 0.031467
v 0.004373 0.004900 0.030970
v -0.006850 0.007700 0.030000
v 0.003805 0.004900 0.030402
v -0.005825 0.007700 0.030000
v 0.005648 0.004900 0.030583
v -0.003745 0.007700 0.029795
v 0.003902 0.004900 0.030583
v 0.003745 0.004900 0.030205
v -0.005805 0.007700 0.029795
v -0.005745 0.007700 0.029598
v 0.005825 0.004900 0.030000
v -0.006810 0.007700 0.029595
v 0.005805 0.004900 0.030205
v -0.002740 0.007700 0.029595
v 0.005745 0.004900 0.030402
v -0.003805 0.007700 0.029598
v 0.004033 0.004900 0.030742
v -0.005517 0.007700 0.029258
v -0.004033 0.007700 0.029258
v -0.005358 0.007700 0.029127
v -0.002858 0.007700 0.029206
v -0.003902 0.007700 0.029417
v -0.004192 0.007700 0.029127
v -0.005648 0.007700 0.029417
v -0.006692 0.007700 0.029206
v -0.004570 0.007700 0.028970
v -0.004980 0.007700 0.028970
v -0.004775 0.007700 0.028950
v -0.004775 0.007700 0.027925
v -0.004370 0.007700 0.027965
v -0.005180 0.007700 0.027965
v -0.003622 0.007700 0.028275
v -0.003981 0.007700 0.028083
v -0.005569 0.007700 0.028083
v -0.005928 0.007700 0.028275
v -0.003050 0.007700 0.028847
v -0.003308 0.007700 0.028533
v -0.004373 0.007700 0.029030
v -0.005177 0.007700 0.029030
v -0.006242 0.007700 0.028533
v -0.006500 0.007700 0.028847
v 0.005088 0.007700 0.032044
v 0.005180 0.007700 0.032035
v 0.005928 0.007700 0.031725
v 0.005569 0.007700 0.031917
v 0.004775 0.007700 0.031050
v 0.006500 0.007700 0.031153
v 0.006242 0.007700 0.031467
v 0.004192 0.007700 0.030873
v 0.005177 0.007700 0.030970
v 0.004373 0.007700 0.030970
v 0.006692 0.007700 0.030794
v 0.005358 0.007700 0.030873
v 0.004980 0.007700 0.031030
v 0.004570 0.007700 0.031030
v 0.005517 0.007700 0.030742
v 0.006810 0.007700 0.030405
v 0.005745 0.007700 0.030402
v 0.005648 0.007700 0.030583
v 0.003902 0.007700 0.030583
v 0.005805 0.007700 0.030205
v 0.003745 0.007700 0.030205
v 0.005825 0.007700 0.030000
v 0.006850 0.007700 0.030000
v 0.002700 0.007700 0.030000
v 0.003725 0.007700 0.030000
v 0.003805 0.007700 0.030402
v 0.002740 0.007700 0.030405
v 0.004033 0.007700 0.030742
v 0.002858 0.007700 0.030794
v 0.005745 0.007700 0.029598
v 0.005805 0.007700 0.029795
v 0.006810 0.007700 0.029595
v 0.005648 0.007700 0.029417
v 0.003805 0.007700 0.029598
v 0.002740 0.007700 0.029595
v 0.003745 0.007700 0.029795
v 0.004192 0.007700 0.029127
v 0.005358 0.007700 0.029127
v 0.004033 0.007700 0.029258
v 0.006692 0.007700 0.029206
v 0.005517 0.007700 0.029258
v 0.003902 0.007700 0.029417
v 0.002858 0.007700 0.029206
v 0.004775 0.007700 0.028950
v 0.004980 0.007700 0.028970
v 0.004570 0.007700 0.028970
v 0.004775 0.007700 0.027925
v 0.005180 0.007700 0.027965
v 0.004370 0.007700 0.027965
v 0.005928 0.007700 0.028275
v 0.005569 0.007700 0.028083
v 0.003981 0.007700 0.028083
v 0.003622 0.007700 0.028275
v 0.006500 0.007700 0.028847
v 0.006242 0.007700 0.028533
v 0.003308 0.007700 0.028533
v 0.003050 0.007700 0.028847
v 0.005177 0.007700 0.029030
v 0.004373 0.007700 0.029030
v 0.004775 0.007700 0.032075
v 0.004370 0.007700 0.032035
v 0.003622 0.007700 0.031725
v 0.003050 0.007700 0.031153
v 0.003308 0.007700 0.031467
v 0.003981 0.007700 0.031917
vn -0.0000 -0.0000 1.0000
vn -1.0000 -0.0000 -0.0000
vn -0.0000 -0.0000 -1.0000
vn 1.0000 -0.0000 -0.0000
vn -0.0000 -1.0000 -0.0000
vn -0.0000 1.0000 -0.0000
vn -0.9952 -0.0000 -0.0980
vn -0.9569 -0.0000 -0.2903
vn -0.8819 -0.0000 -0.4714
vn -0.7730 -0.0000 -0.6344
vn -0.6344 -0.0000 -0.7730
vn -0.4714 -0.0000 -0.8819
vn -0.2903 -0.0000 -0.9569
vn -0.0980 -0.0000 -0.9952
vn 0.0980 -0.0000 -0.9952
vn 0.2903 -0.0000 -0.9569
vn 0.4714 -0.0000 -0.8819
vn 0.6344 -0.0000 -0.7730
vn 0.7730 -0.0000 -0.6344
vn 0.8819 -0.0000 -0.4714
vn 0.9569 -0.0000 -0.2903
vn 0.9952 -0.0000 -0.0980
vn 0.9952 -0.0000 0.0980
vn 0.9569 -0.0000 0.2903
vn 0.8819 -0.0000 0.4714
vn 0.7730 -0.0000 0.6344
vn 0.6344 -0.0000 0.7730
vn 0.4714 -0.0000 0.8819
vn 0.2903 -0.0000 0.9569
vn 0.0980 -0.0000 0.9952
vn -0.0980 -0.0000 0.9952
vn -0.2903 -0.0000 0.9569
vn -0.4714 -0.0000 0.8819
vn -0.6344 -0.0000 0.7730
vn -0.7730 -0.0000 0.6344
vn -0.8819 -0.0000 0.4714
vn -0.9569 -0.0000 0.2903
vn -0.9952 -0.0000 0.0980
vt 0.625000 0.450503
vt 0.674497 0.500000
vt 0.560000 0.025000
vt 0.000000 0.500000
vt 1.000000 0.500000
vt 0.750000 0.490000
vt 0.000000 0.500000
vt 1.000000 0.500000
vt 0.750000 0.490000
vt 0.440000 0.025000
vt 0.375000 0.450503
vt 0.325503 0.500000
vt 0.968750 0.500000
vt 0.796822 0.485388
vt 0.625000 0.525000
vt 0.560000 0.963125
vt 0.937500 0.500000
vt 0.841844 0.471731
vt 0.968750 0.500000
vt 0.796822 0.485388
vt 0.440000 0.963125
vt 0.375000 0.525000
vt 0.906250 0.500000
vt 0.883337 0.449553
vt 0.325503 0.525000
vt 0.440000 0.000000
vt 0.440000 1.000000
vt 0.937500 0.500000
vt 0.841844 0.471731
vt 0.674497 0.525000
vt 0.560000 0.000000
vt 0.560000 1.000000
vt 0.875000 0.500000
vt 0.919706 0.419706
vt 0.560000 0.786875
vt 0.625000 0.225000
vt 0.875000 0.525000
vt 0.843750 0.500000
vt 0.949553 0.383337
vt 0.906250 0.500000
vt 0.883337 0.449553
vt 0.375000 0.225000
vt 0.125000 0.525000
vt 0.440000 0.786875
vt 0.625000 0.299497
vt 0.825503 0.500000
vt 0.560000 0.725000
vt 0.812500 0.500000
vt 0.971731 0.341844
vt 0.875000 0.500000
vt 0.919706 0.419706
vt 0.440000 0.725000
vt 0.375000 0.299497
vt 0.174497 0.500000
vt 0.781250 0.500000
vt 0.985388 0.296822
vt 0.843750 0.500000
vt 0.949553 0.383337
vt 0.174497 0.525000
vt 0.440000 0.750000
vt 0.750000 0.500000
vt 0.990000 0.250000
vt 0.825503 0.525000
vt 0.560000 0.750000
vt 0.625000 0.025000
vt 0.560000 0.463125
vt 0.875000 0.725000
vt 0.718750 0.500000
vt 0.985388 0.203178
vt 0.812500 0.500000
vt 0.971731 0.341844
vt 0.375000 0.025000
vt 0.125000 0.725000
vt 0.440000 0.463125
vt 0.687500 0.500000
vt 0.971731 0.158156
vt 0.560000 0.525000
vt 0.625000 0.950503
vt 0.825503 0.750000
vt 0.781250 0.500000
vt 0.985388 0.296822
vt 0.656250 0.500000
vt 0.949553 0.116663
vt 0.375000 0.950503
vt 0.174497 0.750000
vt 0.440000 0.525000
vt 0.625000 0.500000
vt 0.919706 0.080294
vt 0.174497 0.725000
vt 0.440000 0.500000
vt 0.750000 0.500000
vt 0.990000 0.250000
vt 0.593750 0.500000
vt 0.883337 0.050447
vt 0.825503 0.725000
vt 0.560000 0.500000
vt 0.440000 0.286875
vt 0.375000 0.725000
vt 0.562500 0.500000
vt 0.841844 0.028269
vt 0.718750 0.500000
vt 0.985388 0.203178
vt 0.625000 0.725000
vt 0.560000 0.286875
vt 0.375000 0.799497
vt 0.325503 0.750000
vt 0.440000 0.225000
vt 0.531250 0.500000
vt 0.796822 0.014612
vt 0.687500 0.500000
vt 0.971731 0.158156
vt 0.625000 0.799497
vt 0.560000 0.225000
vt 0.674497 0.750000
vt 0.500000 0.500000
vt 0.750000 0.010000
vt 0.325503 0.725000
vt 0.440000 0.250000
vt 0.656250 0.500000
vt 0.949553 0.116663
vt 0.468750 0.500000
vt 0.703178 0.014612
vt 0.674497 0.725000
vt 0.560000 0.250000
vt 0.625000 0.500000
vt 0.919706 0.080294
vt 0.437500 0.500000
vt 0.658156 0.028269
vt 0.593750 0.500000
vt 0.883337 0.050447
vt 0.562500 0.500000
vt 0.841844 0.028269
vt 0.406250 0.500000
vt 0.616663 0.050447
vt 0.531250 0.500000
vt 0.796822 0.014612
vt 0.500000 0.500000
vt 0.750000 0.010000
vt 0.375000 0.500000
vt 0.580294 0.080294
vt 0.468750 0.500000
vt 0.703178 0.014612
vt 0.437500 0.500000
vt 0.658156 0.028269
vt 0.343750 0.500000
vt 0.550447 0.116663
vt 0.406250 0.500000
vt 0.616663 0.050447
vt 0.375000 0.500000
vt 0.580294 0.080294
vt 0.312500 0.500000
vt 0.528269 0.158156
vt 0.343750 0.500000
vt 0.550447 0.116663
vt 0.312500 0.500000
vt 0.528269 0.158156
vt 0.281250 0.500000
vt 0.514612 0.203178
vt 0.281250 0.500000
vt 0.514612 0.203178
vt 0.250000 0.500000
vt 0.510000 0.250000
vt 0.250000 0.500000
vt 0.510000 0.250000
vt 0.218750 0.500000
vt 0.514612 0.296822
vt 0.187500 0.500000
vt 0.528269 0.341844
vt 0.218750 0.500000
vt 0.514612 0.296822
vt 0.156250 0.500000
vt 0.550447 0.383337
vt 0.125000 0.500000
vt 0.580294 0.419706
vt 0.187500 0.500000
vt 0.528269 0.341844
vt 0.093750 0.500000
vt 0.616663 0.449553
vt 0.062500 0.500000
vt 0.658156 0.471731
vt 0.156250 0.500000
vt 0.550447 0.383337
vt 0.031250 0.500000
vt 0.703178 0.485388
vt 0.125000 0.500000
vt 0.580294 0.419706
vt 0.750000 0.371446
vt 1.000000 0.641092
vt 0.000000 0.641092
vt 0.773693 0.369112
vt 0.968750 0.641092
vt 0.796475 0.137799
vt 0.562500 0.641092
vt 0.093750 0.500000
vt 0.616663 0.449553
vt 0.817472 0.350979
vt 0.906250 0.641092
vt 0.062500 0.500000
vt 0.658156 0.471731
vt 0.817472 0.149022
vt 0.593750 0.641092
vt 0.773693 0.130888
vt 0.531250 0.641092
vt 0.796475 0.362201
vt 0.937500 0.641092
vt 0.031250 0.500000
vt 0.703178 0.485388
vt 0.850978 0.182528
vt 0.656250 0.641092
vt 0.835875 0.164125
vt 0.625000 0.641092
vt 0.850978 0.317472
vt 0.843750 0.641092
vt 0.871446 0.250000
vt 0.750000 0.641092
vt 0.869112 0.273693
vt 0.781250 0.641092
vt 0.862201 0.203525
vt 0.687500 0.641092
vt 0.869112 0.226307
vt 0.718750 0.641092
vt 0.862201 0.296475
vt 0.812500 0.641092
vt 0.835875 0.335875
vt 0.875000 0.641092
vt 0.628554 0.250000
vt 0.250000 0.641092
vt 0.637799 0.203525
vt 0.312500 0.641092
vt 0.630888 0.226307
vt 0.281250 0.641092
vt 0.630888 0.273693
vt 0.218750 0.641092
vt 0.649022 0.182528
vt 0.343750 0.641092
vt 0.649022 0.317472
vt 0.156250 0.641092
vt 0.664125 0.164125
vt 0.375000 0.641092
vt 0.637799 0.296475
vt 0.187500 0.641092
vt 0.703525 0.362201
vt 0.062500 0.641092
vt 0.682528 0.149022
vt 0.406250 0.641092
vt 0.682528 0.350978
vt 0.093750 0.641092
vt 0.726307 0.369112
vt 0.031250 0.641092
vt 0.750000 0.128554
vt 0.500000 0.641092
vt 0.726307 0.130888
vt 0.468750 0.641092
vt 0.703525 0.137799
vt 0.437500 0.641092
vt 0.664125 0.335875
vt 0.125000 0.641092
vt 0.215185 0.565313
vt 0.250000 1.000000
vt 0.215854 0.570373
vt 0.281250 1.000000
vt 0.215854 0.560252
vt 0.218750 1.000000
vt 0.221052 0.579723
vt 0.343750 1.000000
vt 0.217835 0.575238
vt 0.312500 1.000000
vt 0.217835 0.555387
vt 0.187500 1.000000
vt 0.221052 0.550902
vt 0.156250 1.000000
vt 0.232721 0.567873
vt 0.281250 0.858908
vt 0.232721 0.562752
vt 0.218750 0.858908
vt 0.750000 0.371446
vt 1.000000 0.641092
vt 0.000000 0.641092
vt 0.232383 0.565313
vt 0.250000 0.858908
vt 0.773693 0.369112
vt 0.968750 0.641092
vt 0.233724 0.570335
vt 0.312500 0.858908
vt 0.796475 0.137799
vt 0.562500 0.641092
vt 0.233724 0.560290
vt 0.187500 0.858908
vt 0.817472 0.350979
vt 0.906250 0.641092
vt 0.225382 0.546972
vt 0.125000 1.000000
vt 0.817472 0.149022
vt 0.593750 0.641092
vt 0.230658 0.543746
vt 0.093750 1.000000
vt 0.773693 0.130888
vt 0.531250 0.641092
vt 0.235352 0.558021
vt 0.156250 0.858908
vt 0.796475 0.362201
vt 0.937500 0.641092
vt 0.237543 0.574593
vt 0.375000 0.858908
vt 0.850978 0.182528
vt 0.656250 0.641092
vt 0.235352 0.572604
vt 0.343750 0.858908
vt 0.835875 0.164125
vt 0.625000 0.641092
vt 0.850978 0.317472
vt 0.843750 0.641092
vt 0.237543 0.556032
vt 0.125000 0.858908
vt 0.250000 0.591250
vt 0.500000 1.000000
vt 0.871446 0.250000
vt 0.750000 0.641092
vt 0.869112 0.273693
vt 0.781250 0.641092
vt 0.250000 0.578438
vt 0.500000 0.858908
vt 0.246563 0.578185
vt 0.468750 0.858908
vt 0.862201 0.203525
vt 0.687500 0.641092
vt 0.869112 0.226307
vt 0.718750 0.641092
vt 0.246563 0.552440
vt 0.031250 0.858908
vt 0.243208 0.590752
vt 0.468750 1.000000
vt 0.862201 0.296475
vt 0.812500 0.641092
vt 0.835875 0.335875
vt 0.875000 0.641092
vt 0.243258 0.577438
vt 0.437500 0.858908
vt 0.628554 0.250000
vt 0.250000 0.641092
vt 0.243258 0.553187
vt 0.062500 0.858908
vt 0.243208 0.539873
vt 0.031250 1.000000
vt 0.637799 0.203525
vt 0.312500 0.641092
vt 0.236677 0.589276
vt 0.437500 1.000000
vt 0.630888 0.226307
vt 0.281250 0.641092
vt 0.630888 0.273693
vt 0.218750 0.641092
vt 0.240212 0.576226
vt 0.406250 0.858908
vt 0.240212 0.554399
vt 0.093750 0.858908
vt 0.649022 0.182528
vt 0.343750 0.641092
vt 0.236677 0.541349
vt 0.062500 1.000000
vt 0.649022 0.317472
vt 0.156250 0.641092
vt 0.230658 0.586879
vt 0.406250 1.000000
vt 0.664125 0.164125
vt 0.375000 0.641092
vt 0.225382 0.583653
vt 0.375000 1.000000
vt 0.637799 0.296475
vt 0.187500 0.641092
vt 0.250000 0.539375
vt 1.000000 1.000000
vt 0.000000 1.000000
vt 0.703525 0.362201
vt 0.062500 0.641092
vt 1.000000 0.858908
vt 0.250000 0.552188
vt 0.000000 0.858908
vt 0.682528 0.149022
vt 0.406250 0.641092
vt 0.253437 0.578185
vt 0.531250 0.858908
vt 0.682528 0.350978
vt 0.093750 0.641092
vt 0.726307 0.369112
vt 0.031250 0.641092
vt 0.253437 0.552440
vt 0.968750 0.858908
vt 0.256742 0.553187
vt 0.937500 0.858908
vt 0.750000 0.128554
vt 0.500000 0.641092
vt 0.256792 0.539873
vt 0.968750 1.000000
vt 0.726307 0.130888
vt 0.468750 0.641092
vt 0.256792 0.590752
vt 0.531250 1.000000
vt 0.703525 0.137799
vt 0.437500 0.641092
vt 0.256742 0.577438
vt 0.562500 0.858908
vt 0.664125 0.335875
vt 0.125000 0.641092
vt 0.262457 0.556032
vt 0.875000 0.858908
vt 0.262457 0.574593
vt 0.625000 0.858908
vt 0.264648 0.558021
vt 0.843750 0.858908
vt 0.263323 0.589276
vt 0.562500 1.000000
vt 0.259788 0.576226
vt 0.593750 0.858908
vt 0.264648 0.572604
vt 0.656250 0.858908
vt 0.259788 0.554399
vt 0.906250 0.858908
vt 0.263323 0.541350
vt 0.937500 1.000000
vt 0.267279 0.567873
vt 0.718750 0.858908
vt 0.267279 0.562752
vt 0.781250 0.858908
vt 0.267617 0.565313
vt 0.750000 0.858908
vt 0.284815 0.565312
vt 0.750000 1.000000
vt 0.284146 0.570373
vt 0.718750 1.000000
vt 0.284146 0.560252
vt 0.781250 1.000000
vt 0.278948 0.579723
vt 0.656250 1.000000
vt 0.282165 0.575238
vt 0.687500 1.000000
vt 0.282165 0.555387
vt 0.812500 1.000000
vt 0.278948 0.550902
vt 0.843750 1.000000
vt 0.269342 0.586879
vt 0.593750 1.000000
vt 0.274618 0.583653
vt 0.625000 1.000000
vt 0.266276 0.570335
vt 0.687500 0.858908
vt 0.266276 0.560290
vt 0.812500 0.858908
vt 0.274618 0.546972
vt 0.875000 1.000000
vt 0.269342 0.543746
vt 0.906250 1.000000
vt 0.215702 0.688603
vt 0.274185 1.000000
vt 0.215854 0.689748
vt 0.281250 1.000000
vt 0.221052 0.699097
vt 0.343750 1.000000
vt 0.217835 0.694613
vt 0.312500 1.000000
vt 0.232383 0.684687
vt 0.250000 0.858908
vt 0.230658 0.706254
vt 0.406250 1.000000
vt 0.225382 0.703028
vt 0.375000 1.000000
vt 0.235352 0.677395
vt 0.156250 0.858908
vt 0.233724 0.689710
vt 0.312500 0.858908
vt 0.233724 0.679665
vt 0.187500 0.858908
vt 0.236677 0.708651
vt 0.437500 1.000000
vt 0.235352 0.691979
vt 0.343750 0.858908
vt 0.232721 0.687248
vt 0.281250 0.858908
vt 0.232721 0.682127
vt 0.218750 0.858908
vt 0.237543 0.693968
vt 0.375000 0.858908
vt 0.243208 0.710127
vt 0.468750 1.000000
vt 0.243258 0.696813
vt 0.437500 0.858908
vt 0.240212 0.695601
vt 0.406250 0.858908
vt 0.240212 0.673775
vt 0.093750 0.858908
vt 0.246563 0.697560
vt 0.468750 0.858908
vt 0.246563 0.671815
vt 0.031250 0.858908
vt 0.250000 0.697812
vt 0.500000 0.858908
vt 0.250000 0.710625
vt 0.500000 1.000000
vt 0.250000 0.658750
vt 1.000000 1.000000
vt 0.000000 1.000000
vt 1.000000 0.858908
vt 0.250000 0.671562
vt 0.000000 0.858908
vt 0.243258 0.672562
vt 0.062500 0.858908
vt 0.243208 0.659248
vt 0.031250 1.000000
vt 0.237543 0.675407
vt 0.125000 0.858908
vt 0.236677 0.660724
vt 0.062500 1.000000
vt 0.256742 0.696813
vt 0.562500 0.858908
vt 0.253437 0.697560
vt 0.531250 0.858908
vt 0.256792 0.710127
vt 0.531250 1.000000
vt 0.259788 0.695600
vt 0.593750 0.858908
vt 0.256742 0.672562
vt 0.937500 0.858908
vt 0.256792 0.659248
vt 0.968750 1.000000
vt 0.253437 0.671815
vt 0.968750 0.858908
vt 0.264648 0.677396
vt 0.843750 0.858908
vt 0.264648 0.691979
vt 0.656250 0.858908
vt 0.262457 0.675407
vt 0.875000 0.858908
vt 0.263323 0.708650
vt 0.562500 1.000000
vt 0.262457 0.693968
vt 0.625000 0.858908
vt 0.259788 0.673775
vt 0.906250 0.858908
vt 0.263323 0.660724
vt 0.937500 1.000000
vt 0.267617 0.684687
vt 0.750000 0.858908
vt 0.267279 0.687248
vt 0.718750 0.858908
vt 0.267279 0.682127
vt 0.781250 0.858908
vt 0.284815 0.684687
vt 0.750000 1.000000
vt 0.284147 0.689748
vt 0.718750 1.000000
vt 0.284146 0.679627
vt 0.781250 1.000000
vt 0.278948 0.699097
vt 0.656250 1.000000
vt 0.282165 0.694613
vt 0.687500 1.000000
vt 0.282165 0.674762
vt 0.812500 1.000000
vt 0.278948 0.670277
vt 0.843750 1.000000
vt 0.269342 0.706254
vt 0.593750 1.000000
vt 0.274618 0.703028
vt 0.625000 1.000000
vt 0.274618 0.666347
vt 0.875000 1.000000
vt 0.269342 0.663121
vt 0.906250 1.000000
vt 0.266276 0.689710
vt 0.687500 0.858908
vt 0.266276 0.679665
vt 0.812500 0.858908
vt 0.215185 0.684687
vt 0.250000 1.000000
vt 0.215854 0.679627
vt 0.218750 1.000000
vt 0.221052 0.670277
vt 0.156250 1.000000
vt 0.230658 0.663121
vt 0.093750 1.000000
vt 0.225382 0.666347
vt 0.125000 1.000000
vt 0.217835 0.674762
vt 0.187500 1.000000
s 0
usemtl Material.007
f 1080/2154/114 1096/2190/114 1093/2183/114
f 1066/2119/115 1087/2171/115 1084/2163/115
f 1074/2140/116 1110/2221/116 1107/2216/116
f 1098/2196/117 1111/2223/117 1114/2230/117
f 1069/2130/118 1242/2489/118 1228/2461/118
f 1210/2425/118 1234/2473/118 1260/2527/118
f 1341/2691/118 1096/2191/118 1090/2177/118
f 1320/2649/118 1322/2653/118 1296/2599/118
f 1101/2203/118 1292/2591/118 1297/2601/118
f 1119/2241/119 1092/2181/119 1106/2213/119
f 1066/2121/116 1076/2144/116 1069/2128/116
f 1076/2145/115 1071/2134/115 1074/2139/115
f 1090/2178/114 1084/2165/114 1087/2170/114
f 1092/2182/115 1083/2162/115 1080/2153/115
f 1096/2192/117 1106/2214/117 1093/2184/117
f 1106/2214/114 1101/2204/114 1098/2195/114
f 1111/2225/116 1119/2242/116 1114/2231/116
f 1110/2222/117 1116/2236/117 1107/2215/117
f 1068/2126/120 1252/2512/120 1073/2137/120
f 1073/2137/121 1265/2538/121 1077/2146/121
f 1077/2146/122 1281/2570/122 1082/2158/122
f 1082/2158/123 1280/2568/123 1086/2168/123
f 1086/2168/124 1275/2558/124 1089/2175/124
f 1095/2188/125 1275/2558/125 1274/2556/125
f 1099/2198/126 1274/2556/126 1271/2550/126
f 1104/2209/127 1271/2550/127 1269/2546/127
f 1109/2219/128 1269/2546/128 1270/2548/128
f 1113/2228/129 1270/2548/129 1273/2554/129
f 1117/2237/130 1273/2554/130 1272/2552/130
f 1120/2243/131 1272/2552/131 1277/2562/131
f 1122/2247/132 1277/2562/132 1276/2560/132
f 1123/2249/133 1276/2560/133 1261/2530/133
f 1125/2253/134 1261/2530/134 1254/2516/134
f 1126/2255/135 1254/2516/135 1214/2434/135
f 1128/2259/136 1214/2434/136 1222/2450/136
f 1129/2261/137 1222/2450/137 1230/2466/137
f 1131/2265/138 1230/2466/138 1238/2482/138
f 1132/2267/139 1238/2482/139 1240/2486/139
f 1134/2271/140 1240/2486/140 1189/2383/140
f 1134/2271/141 1190/2385/141 1135/2273/141
f 1135/2273/142 1187/2379/142 1137/2277/142
f 1137/2277/143 1186/2377/143 1138/2279/143
f 1138/2279/144 1188/2381/144 1140/2283/144
f 1140/2283/145 1191/2387/145 1141/2285/145
f 1141/2285/146 1192/2389/146 1143/2289/146
f 1143/2289/147 1202/2410/147 1144/2291/147
f 1144/2291/148 1204/2414/148 1146/2295/148
f 1146/2295/149 1236/2478/149 1147/2297/149
f 1147/2297/150 1228/2462/150 1149/2301/150
f 1149/2301/151 1242/2491/151 1068/2125/151
f 1077/2147/118 1113/2229/118 1165/2334/118
f 1137/2278/118 1172/2348/118 1171/2346/118
f 1151/2306/136 1249/2506/136 1244/2494/136
f 1152/2309/137 1250/2508/137 1249/2506/137
f 1159/2323/138 1264/2536/138 1250/2508/138
f 1155/2315/139 1258/2524/139 1264/2536/139
f 1169/2343/140 1260/2528/140 1258/2524/140
f 1168/2341/141 1260/2528/141 1163/2331/141
f 1165/2335/142 1279/2566/142 1168/2341/142
f 1164/2333/143 1267/2542/143 1165/2335/143
f 1167/2339/144 1268/2544/144 1164/2333/144
f 1166/2337/145 1266/2540/145 1167/2339/145
f 1161/2327/146 1278/2564/146 1166/2337/146
f 1162/2329/147 1263/2534/147 1161/2327/147
f 1157/2319/148 1259/2526/148 1162/2329/148
f 1153/2311/149 1262/2532/149 1157/2319/149
f 1158/2321/150 1256/2520/150 1153/2311/150
f 1182/2369/151 1246/2500/151 1158/2321/151
f 1183/2371/120 1217/2440/120 1182/2369/120
f 1184/2373/121 1218/2442/121 1183/2371/121
f 1179/2363/122 1225/2456/122 1184/2373/122
f 1176/2357/123 1233/2472/123 1179/2363/123
f 1174/2353/124 1208/2422/124 1176/2357/124
f 1174/2353/125 1198/2402/125 1210/2426/125
f 1171/2347/126 1193/2391/126 1198/2402/126
f 1172/2349/127 1196/2398/127 1193/2391/127
f 1170/2345/128 1194/2393/128 1196/2398/128
f 1173/2351/129 1200/2406/129 1194/2393/129
f 1177/2359/130 1206/2418/130 1200/2406/130
f 1175/2355/131 1213/2432/131 1206/2418/131
f 1185/2375/132 1234/2474/132 1213/2432/132
f 1180/2365/133 1227/2460/133 1234/2474/133
f 1178/2361/134 1221/2448/134 1227/2460/134
f 1181/2367/135 1244/2496/135 1221/2448/135
f 1067/2123/120 1316/2642/120 1070/2131/120
f 1070/2131/121 1324/2658/121 1072/2135/121
f 1072/2135/122 1338/2686/122 1075/2141/122
f 1075/2141/123 1337/2684/123 1079/2151/123
f 1079/2151/124 1334/2678/124 1081/2156/124
f 1085/2166/125 1334/2678/125 1333/2676/125
f 1088/2173/126 1333/2676/126 1330/2670/126
f 1091/2179/127 1330/2670/127 1328/2666/127
f 1094/2186/128 1328/2666/128 1329/2668/128
f 1097/2193/129 1329/2668/129 1332/2674/129
f 1100/2200/130 1332/2674/130 1331/2672/130
f 1102/2205/131 1331/2672/131 1336/2682/131
f 1105/2211/132 1336/2682/132 1335/2680/132
f 1108/2217/133 1335/2680/133 1321/2652/133
f 1112/2226/134 1321/2652/134 1313/2636/134
f 1115/2233/135 1313/2636/135 1304/2616/135
f 1118/2239/136 1304/2616/136 1297/2602/136
f 1121/2245/137 1297/2602/137 1292/2592/137
f 1124/2251/138 1292/2592/138 1287/2582/138
f 1127/2257/139 1287/2582/139 1288/2584/139
f 1130/2263/140 1288/2584/140 1284/2576/140
f 1130/2263/141 1285/2578/141 1133/2269/141
f 1133/2269/142 1283/2574/142 1136/2275/142
f 1136/2275/143 1282/2572/143 1341/2692/143
f 1139/2281/144 1342/2694/144 1142/2287/144
f 1142/2287/145 1346/2702/145 1145/2293/145
f 1145/2293/146 1343/2696/146 1148/2299/146
f 1148/2299/147 1345/2700/147 1150/2303/147
f 1150/2303/148 1344/2698/148 1154/2312/148
f 1154/2312/149 1310/2630/149 1156/2316/149
f 1156/2316/150 1308/2626/150 1160/2324/150
f 1160/2324/151 1305/2619/151 1067/2122/151
f 1088/2174/118 1216/2437/118 1223/2451/118
f 1136/2276/118 1231/2467/118 1229/2463/118
f 1195/2395/136 1317/2644/136 1306/2620/136
f 1197/2400/137 1315/2640/137 1317/2644/137
f 1207/2420/138 1323/2656/138 1315/2640/138
f 1201/2408/139 1320/2650/139 1323/2656/139
f 1224/2454/140 1318/2646/140 1320/2650/140
f 1223/2452/141 1318/2646/141 1212/2430/141
f 1216/2438/142 1340/2690/142 1223/2452/142
f 1215/2436/143 1327/2664/143 1216/2438/143
f 1220/2446/144 1325/2660/144 1215/2436/144
f 1219/2444/145 1326/2662/145 1220/2446/145
f 1209/2424/146 1339/2688/146 1219/2444/146
f 1211/2428/147 1319/2648/147 1209/2424/147
f 1203/2412/148 1322/2654/148 1211/2428/148
f 1199/2404/149 1314/2638/149 1203/2412/149
f 1205/2416/150 1311/2632/150 1199/2404/150
f 1251/2510/151 1312/2634/151 1205/2416/151
f 1253/2514/120 1303/2614/120 1251/2510/120
f 1255/2518/121 1301/2610/121 1253/2514/121
f 1245/2498/122 1298/2604/122 1255/2518/122
f 1239/2484/123 1299/2606/123 1245/2498/123
f 1235/2476/124 1296/2600/124 1239/2484/124
f 1235/2476/125 1290/2588/125 1293/2594/125
f 1229/2464/126 1294/2596/126 1290/2588/126
f 1231/2468/127 1286/2580/127 1294/2596/127
f 1226/2458/128 1295/2598/128 1286/2580/128
f 1232/2470/129 1291/2590/129 1295/2598/129
f 1241/2488/130 1289/2586/130 1291/2590/130
f 1237/2480/131 1309/2628/131 1289/2586/131
f 1257/2522/132 1300/2608/132 1309/2628/132
f 1247/2502/133 1307/2624/133 1300/2608/133
f 1243/2493/134 1302/2612/134 1307/2624/134
f 1248/2504/135 1306/2622/135 1302/2612/135
f 1080/2154/114 1083/2160/114 1096/2190/114
f 1066/2119/115 1069/2129/115 1087/2171/115
f 1074/2140/116 1071/2133/116 1110/2221/116
f 1098/2196/117 1101/2202/117 1111/2223/117
f 1192/2388/118 1191/2386/118 1090/2177/118
f 1090/2177/118 1087/2172/118 1069/2130/118
f 1069/2130/118 1076/2143/118 1274/2555/118
f 1069/2130/118 1274/2555/118 1275/2557/118
f 1202/2409/118 1192/2388/118 1090/2177/118
f 1204/2413/118 1202/2409/118 1090/2177/118
f 1069/2130/118 1275/2557/118 1280/2567/118
f 1069/2130/118 1280/2567/118 1281/2569/118
f 1204/2413/118 1090/2177/118 1069/2130/118
f 1236/2477/118 1204/2413/118 1069/2130/118
f 1069/2130/118 1281/2569/118 1265/2537/118
f 1069/2130/118 1265/2537/118 1252/2511/118
f 1228/2461/118 1236/2477/118 1069/2130/118
f 1069/2130/118 1252/2511/118 1242/2489/118
f 1260/2527/118 1279/2565/118 1267/2541/118
f 1267/2541/118 1268/2543/118 1266/2539/118
f 1266/2539/118 1278/2563/118 1263/2533/118
f 1263/2533/118 1259/2525/118 1262/2531/118
f 1262/2531/118 1256/2519/118 1246/2499/118
f 1246/2499/118 1217/2439/118 1218/2441/118
f 1218/2441/118 1225/2455/118 1233/2471/118
f 1233/2471/118 1208/2421/118 1210/2425/118
f 1210/2425/118 1198/2401/118 1193/2390/118
f 1193/2390/118 1196/2397/118 1194/2392/118
f 1194/2392/118 1200/2405/118 1206/2417/118
f 1206/2417/118 1213/2431/118 1234/2473/118
f 1234/2473/118 1227/2459/118 1221/2447/118
f 1221/2447/118 1244/2495/118 1249/2505/118
f 1249/2505/118 1250/2507/118 1264/2535/118
f 1264/2535/118 1258/2523/118 1260/2527/118
f 1260/2527/118 1267/2541/118 1266/2539/118
f 1266/2539/118 1263/2533/118 1262/2531/118
f 1262/2531/118 1246/2499/118 1218/2441/118
f 1218/2441/118 1233/2471/118 1210/2425/118
f 1210/2425/118 1193/2390/118 1194/2392/118
f 1194/2392/118 1206/2417/118 1234/2473/118
f 1234/2473/118 1221/2447/118 1249/2505/118
f 1249/2505/118 1264/2535/118 1260/2527/118
f 1260/2527/118 1266/2539/118 1262/2531/118
f 1262/2531/118 1218/2441/118 1210/2425/118
f 1210/2425/118 1194/2392/118 1234/2473/118
f 1234/2473/118 1249/2505/118 1260/2527/118
f 1260/2527/118 1262/2531/118 1210/2425/118
f 1271/2549/118 1274/2555/118 1076/2143/118
f 1076/2143/118 1074/2140/118 1107/2216/118
f 1107/2216/118 1116/2235/118 1332/2673/118
f 1107/2216/118 1332/2673/118 1329/2667/118
f 1271/2549/118 1076/2143/118 1107/2216/118
f 1269/2545/118 1271/2549/118 1107/2216/118
f 1107/2216/118 1329/2667/118 1328/2665/118
f 1107/2216/118 1328/2665/118 1330/2669/118
f 1270/2547/118 1269/2545/118 1107/2216/118
f 1273/2553/118 1270/2547/118 1107/2216/118
f 1107/2216/118 1330/2669/118 1333/2675/118
f 1107/2216/118 1333/2675/118 1334/2677/118
f 1272/2551/118 1273/2553/118 1107/2216/118
f 1277/2561/118 1272/2551/118 1107/2216/118
f 1107/2216/118 1334/2677/118 1337/2683/118
f 1107/2216/118 1337/2683/118 1338/2685/118
f 1276/2559/118 1277/2561/118 1107/2216/118
f 1261/2529/118 1276/2559/118 1107/2216/118
f 1261/2529/118 1107/2216/118 1338/2685/118
f 1254/2515/118 1261/2529/118 1338/2685/118
f 1254/2515/118 1338/2685/118 1324/2657/118
f 1214/2433/118 1254/2515/118 1324/2657/118
f 1214/2433/118 1324/2657/118 1316/2641/118
f 1222/2449/118 1214/2433/118 1316/2641/118
f 1222/2449/118 1316/2641/118 1305/2617/118
f 1230/2465/118 1222/2449/118 1305/2617/118
f 1230/2465/118 1305/2617/118 1308/2625/118
f 1238/2481/118 1230/2465/118 1308/2625/118
f 1238/2481/118 1308/2625/118 1310/2629/118
f 1240/2485/118 1238/2481/118 1310/2629/118
f 1240/2485/118 1310/2629/118 1344/2697/118
f 1189/2382/118 1240/2485/118 1344/2697/118
f 1189/2382/118 1344/2697/118 1345/2699/118
f 1190/2384/118 1189/2382/118 1345/2699/118
f 1190/2384/118 1345/2699/118 1343/2695/118
f 1187/2378/118 1190/2384/118 1343/2695/118
f 1187/2378/118 1343/2695/118 1346/2701/118
f 1186/2376/118 1187/2378/118 1346/2701/118
f 1186/2376/118 1346/2701/118 1342/2693/118
f 1090/2177/118 1191/2386/118 1188/2380/118
f 1186/2376/118 1342/2693/118 1341/2691/118
f 1090/2177/118 1188/2380/118 1186/2376/118
f 1096/2191/118 1083/2161/118 1090/2177/118
f 1282/2571/118 1103/2207/118 1096/2191/118
f 1090/2177/118 1186/2376/118 1341/2691/118
f 1341/2691/118 1282/2571/118 1096/2191/118
f 1296/2599/118 1293/2593/118 1290/2587/118
f 1290/2587/118 1294/2595/118 1286/2579/118
f 1286/2579/118 1295/2597/118 1291/2589/118
f 1291/2589/118 1289/2585/118 1309/2627/118
f 1309/2627/118 1300/2607/118 1307/2623/118
f 1307/2623/118 1302/2611/118 1306/2621/118
f 1306/2621/118 1317/2643/118 1315/2639/118
f 1315/2639/118 1323/2655/118 1320/2649/118
f 1320/2649/118 1318/2645/118 1340/2689/118
f 1340/2689/118 1327/2663/118 1325/2659/118
f 1325/2659/118 1326/2661/118 1339/2687/118
f 1339/2687/118 1319/2647/118 1322/2653/118
f 1322/2653/118 1314/2637/118 1311/2631/118
f 1311/2631/118 1312/2633/118 1303/2613/118
f 1303/2613/118 1301/2609/118 1298/2603/118
f 1298/2603/118 1299/2605/118 1296/2599/118
f 1296/2599/118 1290/2587/118 1286/2579/118
f 1286/2579/118 1291/2589/118 1309/2627/118
f 1309/2627/118 1307/2623/118 1306/2621/118
f 1306/2621/118 1315/2639/118 1320/2649/118
f 1320/2649/118 1340/2689/118 1325/2659/118
f 1325/2659/118 1339/2687/118 1322/2653/118
f 1322/2653/118 1311/2631/118 1303/2613/118
f 1303/2613/118 1298/2603/118 1296/2599/118
f 1296/2599/118 1286/2579/118 1309/2627/118
f 1309/2627/118 1306/2621/118 1320/2649/118
f 1320/2649/118 1325/2659/118 1322/2653/118
f 1322/2653/118 1303/2613/118 1296/2599/118
f 1296/2599/118 1309/2627/118 1320/2649/118
f 1331/2671/118 1332/2673/118 1116/2235/118
f 1116/2235/118 1111/2224/118 1101/2203/118
f 1101/2203/118 1103/2207/118 1282/2571/118
f 1101/2203/118 1282/2571/118 1283/2573/118
f 1336/2681/118 1331/2671/118 1116/2235/118
f 1335/2679/118 1336/2681/118 1116/2235/118
f 1101/2203/118 1283/2573/118 1285/2577/118
f 1101/2203/118 1285/2577/118 1284/2575/118
f 1335/2679/118 1116/2235/118 1101/2203/118
f 1321/2651/118 1335/2679/118 1101/2203/118
f 1101/2203/118 1284/2575/118 1288/2583/118
f 1101/2203/118 1288/2583/118 1287/2581/118
f 1313/2635/118 1321/2651/118 1101/2203/118
f 1304/2615/118 1313/2635/118 1101/2203/118
f 1101/2203/118 1287/2581/118 1292/2591/118
f 1297/2601/118 1304/2615/118 1101/2203/118
f 1119/2241/119 1110/2221/119 1071/2133/119
f 1078/2148/119 1066/2120/119 1084/2164/119
f 1119/2241/119 1071/2133/119 1078/2148/119
f 1098/2197/119 1114/2232/119 1119/2241/119
f 1080/2155/119 1093/2185/119 1106/2213/119
f 1106/2213/119 1098/2197/119 1119/2241/119
f 1119/2241/119 1078/2148/119 1084/2164/119
f 1092/2181/119 1080/2155/119 1106/2213/119
f 1119/2241/119 1084/2164/119 1092/2181/119
f 1066/2121/116 1078/2149/116 1076/2144/116
f 1076/2145/115 1078/2150/115 1071/2134/115
f 1090/2178/114 1092/2182/114 1084/2165/114
f 1092/2182/115 1090/2178/115 1083/2162/115
f 1096/2192/117 1103/2208/117 1106/2214/117
f 1106/2214/114 1103/2208/114 1101/2204/114
f 1111/2225/116 1116/2236/116 1119/2242/116
f 1110/2222/117 1119/2242/117 1116/2236/117
f 1068/2126/120 1242/2490/120 1252/2512/120
f 1073/2137/121 1252/2512/121 1265/2538/121
f 1077/2146/122 1265/2538/122 1281/2570/122
f 1082/2158/123 1281/2570/123 1280/2568/123
f 1086/2168/124 1280/2568/124 1275/2558/124
f 1095/2188/125 1089/2175/125 1275/2558/125
f 1099/2198/126 1095/2188/126 1274/2556/126
f 1104/2209/127 1099/2198/127 1271/2550/127
f 1109/2219/128 1104/2209/128 1269/2546/128
f 1113/2228/129 1109/2219/129 1270/2548/129
f 1117/2237/130 1113/2228/130 1273/2554/130
f 1120/2243/131 1117/2237/131 1272/2552/131
f 1122/2247/132 1120/2243/132 1277/2562/132
f 1123/2249/133 1122/2247/133 1276/2560/133
f 1125/2253/134 1123/2249/134 1261/2530/134
f 1126/2255/135 1125/2253/135 1254/2516/135
f 1128/2259/136 1126/2255/136 1214/2434/136
f 1129/2261/137 1128/2259/137 1222/2450/137
f 1131/2265/138 1129/2261/138 1230/2466/138
f 1132/2267/139 1131/2265/139 1238/2482/139
f 1134/2271/140 1132/2267/140 1240/2486/140
f 1134/2271/141 1189/2383/141 1190/2385/141
f 1135/2273/142 1190/2385/142 1187/2379/142
f 1137/2277/143 1187/2379/143 1186/2377/143
f 1138/2279/144 1186/2377/144 1188/2381/144
f 1140/2283/145 1188/2381/145 1191/2387/145
f 1141/2285/146 1191/2387/146 1192/2389/146
f 1143/2289/147 1192/2389/147 1202/2410/147
f 1144/2291/148 1202/2410/148 1204/2414/148
f 1146/2295/149 1204/2414/149 1236/2478/149
f 1147/2297/150 1236/2478/150 1228/2462/150
f 1149/2301/151 1228/2462/151 1242/2491/151
f 1181/2366/118 1149/2302/118 1068/2127/118
f 1068/2127/118 1073/2138/118 1077/2147/118
f 1077/2147/118 1082/2159/118 1086/2169/118
f 1086/2169/118 1089/2176/118 1095/2189/118
f 1095/2189/118 1099/2199/118 1104/2210/118
f 1104/2210/118 1109/2220/118 1113/2229/118
f 1113/2229/118 1117/2238/118 1120/2244/118
f 1120/2244/118 1122/2248/118 1123/2250/118
f 1123/2250/118 1125/2254/118 1158/2320/118
f 1123/2250/118 1158/2320/118 1153/2310/118
f 1113/2229/118 1120/2244/118 1123/2250/118
f 1095/2189/118 1104/2210/118 1113/2229/118
f 1077/2147/118 1086/2169/118 1095/2189/118
f 1181/2366/118 1068/2127/118 1077/2147/118
f 1151/2305/118 1181/2366/118 1077/2147/118
f 1077/2147/118 1095/2189/118 1113/2229/118
f 1113/2229/118 1123/2250/118 1153/2310/118
f 1113/2229/118 1153/2310/118 1157/2318/118
f 1152/2308/118 1151/2305/118 1077/2147/118
f 1159/2322/118 1152/2308/118 1077/2147/118
f 1113/2229/118 1157/2318/118 1162/2328/118
f 1113/2229/118 1162/2328/118 1161/2326/118
f 1155/2314/118 1159/2322/118 1077/2147/118
f 1169/2342/118 1155/2314/118 1077/2147/118
f 1113/2229/118 1161/2326/118 1166/2336/118
f 1113/2229/118 1166/2336/118 1167/2338/118
f 1163/2330/118 1169/2342/118 1077/2147/118
f 1168/2340/118 1163/2330/118 1077/2147/118
f 1113/2229/118 1167/2338/118 1164/2332/118
f 1165/2334/118 1168/2340/118 1077/2147/118
f 1113/2229/118 1164/2332/118 1165/2334/118
f 1182/2368/118 1158/2320/118 1125/2254/118
f 1125/2254/118 1126/2256/118 1128/2260/118
f 1128/2260/118 1129/2262/118 1131/2266/118
f 1131/2266/118 1132/2268/118 1134/2272/118
f 1134/2272/118 1135/2274/118 1137/2278/118
f 1137/2278/118 1138/2280/118 1140/2284/118
f 1140/2284/118 1141/2286/118 1143/2290/118
f 1143/2290/118 1144/2292/118 1146/2296/118
f 1146/2296/118 1147/2298/118 1149/2302/118
f 1149/2302/118 1181/2366/118 1178/2360/118
f 1149/2302/118 1178/2360/118 1180/2364/118
f 1143/2290/118 1146/2296/118 1149/2302/118
f 1137/2278/118 1140/2284/118 1143/2290/118
f 1131/2266/118 1134/2272/118 1137/2278/118
f 1125/2254/118 1128/2260/118 1131/2266/118
f 1183/2370/118 1182/2368/118 1125/2254/118
f 1184/2372/118 1183/2370/118 1125/2254/118
f 1125/2254/118 1131/2266/118 1137/2278/118
f 1137/2278/118 1143/2290/118 1149/2302/118
f 1149/2302/118 1180/2364/118 1185/2374/118
f 1149/2302/118 1185/2374/118 1175/2354/118
f 1184/2372/118 1125/2254/118 1137/2278/118
f 1179/2362/118 1184/2372/118 1137/2278/118
f 1137/2278/118 1149/2302/118 1175/2354/118
f 1137/2278/118 1175/2354/118 1177/2358/118
f 1176/2356/118 1179/2362/118 1137/2278/118
f 1174/2352/118 1176/2356/118 1137/2278/118
f 1137/2278/118 1177/2358/118 1173/2350/118
f 1137/2278/118 1173/2350/118 1170/2344/118
f 1171/2346/118 1174/2352/118 1137/2278/118
f 1137/2278/118 1170/2344/118 1172/2348/118
f 1151/2306/136 1152/2309/136 1249/2506/136
f 1152/2309/137 1159/2323/137 1250/2508/137
f 1159/2323/138 1155/2315/138 1264/2536/138
f 1155/2315/139 1169/2343/139 1258/2524/139
f 1169/2343/140 1163/2331/140 1260/2528/140
f 1168/2341/141 1279/2566/141 1260/2528/141
f 1165/2335/142 1267/2542/142 1279/2566/142
f 1164/2333/143 1268/2544/143 1267/2542/143
f 1167/2339/144 1266/2540/144 1268/2544/144
f 1166/2337/145 1278/2564/145 1266/2540/145
f 1161/2327/146 1263/2534/146 1278/2564/146
f 1162/2329/147 1259/2526/147 1263/2534/147
f 1157/2319/148 1262/2532/148 1259/2526/148
f 1153/2311/149 1256/2520/149 1262/2532/149
f 1158/2321/150 1246/2500/150 1256/2520/150
f 1182/2369/151 1217/2440/151 1246/2500/151
f 1183/2371/120 1218/2442/120 1217/2440/120
f 1184/2373/121 1225/2456/121 1218/2442/121
f 1179/2363/122 1233/2472/122 1225/2456/122
f 1176/2357/123 1208/2422/123 1233/2472/123
f 1174/2353/124 1210/2426/124 1208/2422/124
f 1174/2353/125 1171/2347/125 1198/2402/125
f 1171/2347/126 1172/2349/126 1193/2391/126
f 1172/2349/127 1170/2345/127 1196/2398/127
f 1170/2345/128 1173/2351/128 1194/2393/128
f 1173/2351/129 1177/2359/129 1200/2406/129
f 1177/2359/130 1175/2355/130 1206/2418/130
f 1175/2355/131 1185/2375/131 1213/2432/131
f 1185/2375/132 1180/2365/132 1234/2474/132
f 1180/2365/133 1178/2361/133 1227/2460/133
f 1178/2361/134 1181/2367/134 1221/2448/134
f 1181/2367/135 1151/2307/135 1244/2496/135
f 1067/2123/120 1305/2618/120 1316/2642/120
f 1070/2131/121 1316/2642/121 1324/2658/121
f 1072/2135/122 1324/2658/122 1338/2686/122
f 1075/2141/123 1338/2686/123 1337/2684/123
f 1079/2151/124 1337/2684/124 1334/2678/124
f 1085/2166/125 1081/2156/125 1334/2678/125
f 1088/2173/126 1085/2166/126 1333/2676/126
f 1091/2179/127 1088/2173/127 1330/2670/127
f 1094/2186/128 1091/2179/128 1328/2666/128
f 1097/2193/129 1094/2186/129 1329/2668/129
f 1100/2200/130 1097/2193/130 1332/2674/130
f 1102/2205/131 1100/2200/131 1331/2672/131
f 1105/2211/132 1102/2205/132 1336/2682/132
f 1108/2217/133 1105/2211/133 1335/2680/133
f 1112/2226/134 1108/2217/134 1321/2652/134
f 1115/2233/135 1112/2226/135 1313/2636/135
f 1118/2239/136 1115/2233/136 1304/2616/136
f 1121/2245/137 1118/2239/137 1297/2602/137
f 1124/2251/138 1121/2245/138 1292/2592/138
f 1127/2257/139 1124/2251/139 1287/2582/139
f 1130/2263/140 1127/2257/140 1288/2584/140
f 1130/2263/141 1284/2576/141 1285/2578/141
f 1133/2269/142 1285/2578/142 1283/2574/142
f 1341/2692/143 1139/2281/143 1136/2275/143
f 1136/2275/143 1283/2574/143 1282/2572/143
f 1139/2281/144 1341/2692/144 1342/2694/144
f 1142/2287/145 1342/2694/145 1346/2702/145
f 1145/2293/146 1346/2702/146 1343/2696/146
f 1148/2299/147 1343/2696/147 1345/2700/147
f 1150/2303/148 1345/2700/148 1344/2698/148
f 1154/2312/149 1344/2698/149 1310/2630/149
f 1156/2316/150 1310/2630/150 1308/2626/150
f 1160/2324/151 1308/2626/151 1305/2619/151
f 1195/2394/118 1248/2503/118 1160/2325/118
f 1160/2325/118 1067/2124/118 1070/2132/118
f 1070/2132/118 1072/2136/118 1075/2142/118
f 1075/2142/118 1079/2152/118 1081/2157/118
f 1081/2157/118 1085/2167/118 1088/2174/118
f 1088/2174/118 1091/2180/118 1094/2187/118
f 1094/2187/118 1097/2194/118 1100/2201/118
f 1100/2201/118 1102/2206/118 1105/2212/118
f 1105/2212/118 1108/2218/118 1112/2227/118
f 1112/2227/118 1205/2415/118 1199/2403/118
f 1112/2227/118 1199/2403/118 1203/2411/118
f 1100/2201/118 1105/2212/118 1112/2227/118
f 1088/2174/118 1094/2187/118 1100/2201/118
f 1075/2142/118 1081/2157/118 1088/2174/118
f 1160/2325/118 1070/2132/118 1075/2142/118
f 1197/2399/118 1195/2394/118 1160/2325/118
f 1207/2419/118 1197/2399/118 1160/2325/118
f 1160/2325/118 1075/2142/118 1088/2174/118
f 1088/2174/118 1100/2201/118 1112/2227/118
f 1112/2227/118 1203/2411/118 1211/2427/118
f 1112/2227/118 1211/2427/118 1209/2423/118
f 1207/2419/118 1160/2325/118 1088/2174/118
f 1201/2407/118 1207/2419/118 1088/2174/118
f 1088/2174/118 1112/2227/118 1209/2423/118
f 1088/2174/118 1209/2423/118 1219/2443/118
f 1224/2453/118 1201/2407/118 1088/2174/118
f 1212/2429/118 1224/2453/118 1088/2174/118
f 1088/2174/118 1219/2443/118 1220/2445/118
f 1088/2174/118 1220/2445/118 1215/2435/118
f 1223/2451/118 1212/2429/118 1088/2174/118
f 1088/2174/118 1215/2435/118 1216/2437/118
f 1251/2509/118 1205/2415/118 1112/2227/118
f 1112/2227/118 1115/2234/118 1118/2240/118
f 1118/2240/118 1121/2246/118 1124/2252/118
f 1124/2252/118 1127/2258/118 1130/2264/118
f 1130/2264/118 1133/2270/118 1136/2276/118
f 1136/2276/118 1139/2282/118 1142/2288/118
f 1142/2288/118 1145/2294/118 1148/2300/118
f 1148/2300/118 1150/2304/118 1154/2313/118
f 1154/2313/118 1156/2317/118 1160/2325/118
f 1160/2325/118 1248/2503/118 1243/2492/118
f 1160/2325/118 1243/2492/118 1247/2501/118
f 1148/2300/118 1154/2313/118 1160/2325/118
f 1136/2276/118 1142/2288/118 1148/2300/118
f 1124/2252/118 1130/2264/118 1136/2276/118
f 1112/2227/118 1118/2240/118 1124/2252/118
f 1253/2513/118 1251/2509/118 1112/2227/118
f 1255/2517/118 1253/2513/118 1112/2227/118
f 1112/2227/118 1124/2252/118 1136/2276/118
f 1136/2276/118 1148/2300/118 1160/2325/118
f 1160/2325/118 1247/2501/118 1257/2521/118
f 1160/2325/118 1257/2521/118 1237/2479/118
f 1255/2517/118 1112/2227/118 1136/2276/118
f 1245/2497/118 1255/2517/118 1136/2276/118
f 1136/2276/118 1160/2325/118 1237/2479/118
f 1136/2276/118 1237/2479/118 1241/2487/118
f 1239/2483/118 1245/2497/118 1136/2276/118
f 1235/2475/118 1239/2483/118 1136/2276/118
f 1136/2276/118 1241/2487/118 1232/2469/118
f 1136/2276/118 1232/2469/118 1226/2457/118
f 1229/2463/118 1235/2475/118 1136/2276/118
f 1136/2276/118 1226/2457/118 1231/2467/118
f 1195/2395/136 1197/2400/136 1317/2644/136
f 1197/2400/137 1207/2420/137 1315/2640/137
f 1207/2420/138 1201/2408/138 1323/2656/138
f 1201/2408/139 1224/2454/139 1320/2650/139
f 1224/2454/140 1212/2430/140 1318/2646/140
f 1223/2452/141 1340/2690/141 1318/2646/141
f 1216/2438/142 1327/2664/142 1340/2690/142
f 1215/2436/143 1325/2660/143 1327/2664/143
f 1220/2446/144 1326/2662/144 1325/2660/144
f 1219/2444/145 1339/2688/145 1326/2662/145
f 1209/2424/146 1319/2648/146 1339/2688/146
f 1211/2428/147 1322/2654/147 1319/2648/147
f 1203/2412/148 1314/2638/148 1322/2654/148
f 1199/2404/149 1311/2632/149 1314/2638/149
f 1205/2416/150 1312/2634/150 1311/2632/150
f 1251/2510/151 1303/2614/151 1312/2634/151
f 1253/2514/120 1301/2610/120 1303/2614/120
f 1255/2518/121 1298/2604/121 1301/2610/121
f 1245/2498/122 1299/2606/122 1298/2604/122
f 1239/2484/123 1296/2600/123 1299/2606/123
f 1235/2476/124 1293/2594/124 1296/2600/124
f 1235/2476/125 1229/2464/125 1290/2588/125
f 1229/2464/126 1231/2468/126 1294/2596/126
f 1231/2468/127 1226/2458/127 1286/2580/127
f 1226/2458/128 1232/2470/128 1295/2598/128
f 1232/2470/129 1241/2488/129 1291/2590/129
f 1241/2488/130 1237/2480/130 1289/2586/130
f 1237/2480/131 1257/2522/131 1309/2628/131
f 1257/2522/132 1247/2502/132 1300/2608/132
f 1247/2502/133 1243/2493/133 1307/2624/133
f 1243/2493/134 1248/2504/134 1302/2612/134
f 1248/2504/135 1195/2396/135 1306/2622/135
o DisplayWall
v -0.040000 0.010000 0.047500
v 0.011650 0.039000 0.035000
v -0.011650 0.039000 0.035000
v 0.011826 0.038983 0.035000
v 0.011650 0.062900 0.035000
v -0.011650 0.062800 0.035000
v 0.011994 0.038931 0.035000
v -0.011474 0.038983 0.035000
v -0.040000 0.090000 0.047500
v 0.011845 0.062881 0.035000
v 0.012150 0.038848 0.035000
v -0.011306 0.038932 0.035000
v -0.040000 0.010000 0.042500
v 0.012286 0.038736 0.035000
v -0.011474 0.062783 0.035000
v 0.012398 0.038600 0.035000
v -0.011150 0.038848 0.035000
v 0.012033 0.062824 0.035000
v -0.040000 0.090000 0.042500
v 0.012481 0.038444 0.035000
v -0.011014 0.038736 0.035000
v 0.012206 0.062731 0.035000
v 0.012533 0.038276 0.035000
v 0.040000 0.010000 0.047500
v 0.012550 0.038100 0.035000
v -0.010902 0.038600 0.035000
v -0.011306 0.062732 0.035000
v 0.012533 0.037924 0.035000
v 0.012357 0.062607 0.035000
v -0.010819 0.038444 0.035000
v 0.040000 0.090000 0.047500
v 0.012481 0.037756 0.035000
v 0.040000 0.010000 0.042500
v 0.012398 0.037600 0.035000
v -0.010767 0.038276 0.035000
v 0.012481 0.062456 0.035000
v -0.011150 0.062648 0.035000
v 0.012286 0.037464 0.035000
v -0.010750 0.038100 0.035000
v 0.012150 0.037352 0.035000
v 0.040000 0.090000 0.042500
v -0.010767 0.037924 0.035000
v 0.012574 0.062283 0.035000
v 0.011994 0.037269 0.035000
v -0.033000 0.012500 0.042500
v 0.011826 0.037217 0.035000
v -0.011014 0.062536 0.035000
v -0.010819 0.037756 0.035000
v 0.011650 0.037200 0.035000
v 0.012631 0.062095 0.035000
v -0.008000 0.037000 0.042500
v 0.011474 0.037217 0.035000
v -0.010902 0.037600 0.035000
v 0.008000 0.037000 0.042500
v 0.011306 0.037269 0.035000
v -0.010902 0.062400 0.035000
v -0.011014 0.037464 0.035000
v 0.011150 0.037352 0.035000
v 0.012650 0.061900 0.035000
v 0.033000 0.012500 0.042500
v 0.011014 0.037464 0.035000
v -0.011150 0.037352 0.035000
v 0.012631 0.061705 0.035000
v 0.010902 0.037600 0.035000
v -0.033000 0.012500 0.047500
v -0.011306 0.037269 0.035000
v 0.010819 0.037756 0.035000
v -0.010819 0.062244 0.035000
v -0.011474 0.037217 0.035000
v -0.008000 0.037000 0.047500
v 0.010767 0.037924 0.035000
v 0.012574 0.061517 0.035000
v 0.010750 0.038100 0.035000
v -0.011650 0.037200 0.035000
v -0.010767 0.062076 0.035000
v 0.010767 0.038276 0.035000
v 0.008000 0.037000 0.047500
v -0.011826 0.037217 0.035000
v 0.012481 0.061344 0.035000
v 0.010819 0.038444 0.035000
v 0.033000 0.012500 0.047500
v 0.010902 0.038600 0.035000
v -0.011994 0.037269 0.035000
v 0.012357 0.061193 0.035000
v -0.010750 0.061900 0.035000
v 0.011014 0.038736 0.035000
v -0.008000 0.063000 0.042500
v -0.012150 0.037352 0.035000
v 0.011150 0.038848 0.035000
v -0.033000 0.087500 0.042500
v 0.011306 0.038931 0.035000
v -0.012286 0.037464 0.035000
v 0.012206 0.061069 0.035000
v 0.011474 0.038983 0.035000
v -0.010767 0.061724 0.035000
v -0.012398 0.037600 0.035000
v 0.012033 0.060976 0.035000
v 0.033000 0.087500 0.042500
v 0.008000 0.063000 0.042500
v -0.012481 0.037756 0.035000
v -0.010819 0.061556 0.035000
v 0.011845 0.060919 0.035000
v -0.012533 0.037924 0.035000
v -0.008000 0.063000 0.047500
v -0.012550 0.038100 0.035000
v -0.033000 0.087500 0.047500
v 0.011650 0.060900 0.035000
v -0.010902 0.061400 0.035000
v -0.012533 0.038276 0.035000
v 0.008000 0.063000 0.047500
v 0.011455 0.060919 0.035000
v -0.012481 0.038444 0.035000
v 0.033000 0.087500 0.047500
v -0.037500 0.017000 0.042500
v -0.012398 0.038600 0.035000
v 0.011267 0.060976 0.035000
v -0.011014 0.061264 0.035000
v -0.012286 0.038736 0.035000
v -0.037500 0.083000 0.042500
v 0.011094 0.061069 0.035000
v -0.012150 0.038848 0.035000
v -0.013000 0.042000 0.042500
v -0.011150 0.061152 0.035000
v -0.011994 0.038932 0.035000
v 0.010943 0.061193 0.035000
v -0.013000 0.058000 0.042500
v -0.011826 0.038983 0.035000
v -0.037500 0.017000 0.047500
v 0.010819 0.061344 0.035000
v -0.011306 0.061069 0.035000
v 0.010726 0.061517 0.035000
v -0.037500 0.083000 0.047500
v -0.011474 0.061017 0.035000
v -0.013000 0.042000 0.047500
v 0.010669 0.061705 0.035000
v -0.013000 0.058000 0.047500
v -0.011650 0.061000 0.035000
v 0.010650 0.061900 0.035000
v 0.013000 0.058000 0.042500
v 0.037500 0.017000 0.042500
v 0.010669 0.062095 0.035000
v 0.037500 0.083000 0.042500
v -0.011826 0.061017 0.035000
v 0.010726 0.062283 0.035000
v 0.013000 0.042000 0.042500
v -0.011994 0.061069 0.035000
v 0.010819 0.062456 0.035000
v 0.013000 0.042000 0.047500
v 0.037500 0.017000 0.047500
v 0.010943 0.062607 0.035000
v -0.012150 0.061152 0.035000
v 0.011094 0.062731 0.035000
v 0.037500 0.083000 0.047500
v 0.013000 0.058000 0.047500
v -0.012000 0.041000 0.042500
v 0.011267 0.062824 0.035000
v -0.012286 0.061264 0.035000
v 0.011455 0.062881 0.035000
v -0.012000 0.041000 0.042500
v -0.012000 0.041000 0.042500
v -0.012398 0.061400 0.035000
v 0.012000 0.041000 0.042500
v 0.012000 0.041000 0.042500
v -0.012481 0.061556 0.035000
v 0.012000 0.041000 0.042500
v -0.012000 0.059000 0.042500
v -0.012533 0.061724 0.035000
v 0.012000 0.059000 0.042500
v -0.012550 0.061900 0.035000
v -0.012000 0.041000 0.047500
v -0.012000 0.041000 0.047500
v -0.012000 0.041000 0.047500
v -0.012533 0.062076 0.035000
v 0.012000 0.041000 0.047500
v 0.012000 0.041000 0.047500
v -0.012481 0.062244 0.035000
v 0.012000 0.041000 0.047500
v 0.012000 0.059000 0.047500
v -0.012398 0.062400 0.035000
v -0.012000 0.059000 0.047500
v -0.012286 0.062536 0.035000
v -0.012150 0.062648 0.035000
v -0.011994 0.062732 0.035000
v -0.011826 0.062783 0.035000
v -0.012550 0.061900 0.042500
v -0.012533 0.061724 0.042500
v -0.012533 0.062076 0.042500
v -0.012398 0.061400 0.042500
v -0.012481 0.062244 0.042500
v -0.012481 0.061556 0.042500
v -0.012398 0.062400 0.042500
v -0.012150 0.061152 0.042500
v -0.012286 0.062536 0.042500
v -0.011826 0.062783 0.042500
v -0.011826 0.061017 0.042500
v -0.011994 0.062732 0.042500
v -0.011994 0.061069 0.042500
v -0.012150 0.062648 0.042500
v -0.012286 0.061264 0.042500
v -0.011474 0.061017 0.042500
v -0.011474 0.062783 0.042500
v -0.011150 0.061152 0.042500
v -0.011150 0.062648 0.042500
v -0.011306 0.061069 0.042500
v -0.011306 0.062732 0.042500
v -0.010902 0.061400 0.042500
v -0.010902 0.062400 0.042500
v -0.010750 0.061900 0.042500
v -0.010767 0.062076 0.042500
v -0.010767 0.061724 0.042500
v -0.010780 0.062118 0.042500
v -0.010819 0.062244 0.042500
v -0.010819 0.061556 0.042500
v -0.011014 0.062536 0.042500
v -0.011014 0.061264 0.042500
v -0.011650 0.062800 0.042500
v -0.011650 0.061000 0.042500
v 0.010650 0.061900 0.042500
v 0.010669 0.061705 0.042500
v 0.010712 0.062236 0.042500
v 0.010669 0.062095 0.042500
v 0.010819 0.061344 0.042500
v 0.010819 0.062456 0.042500
v 0.010726 0.061517 0.042500
v 0.010726 0.062283 0.042500
v 0.011094 0.061069 0.042500
v 0.011094 0.062731 0.042500
v 0.011455 0.060919 0.042500
v 0.011455 0.062881 0.042500
v 0.011267 0.060976 0.042500
v 0.011267 0.062824 0.042500
v 0.010943 0.061193 0.042500
v 0.010943 0.062607 0.042500
v 0.011845 0.060919 0.042500
v 0.011845 0.062881 0.042500
v 0.012206 0.061069 0.042500
v 0.012206 0.062731 0.042500
v 0.012033 0.060976 0.042500
v 0.012033 0.062824 0.042500
v 0.012481 0.061344 0.042500
v 0.012481 0.062456 0.042500
v 0.012650 0.061900 0.042500
v 0.012631 0.061705 0.042500
v 0.012631 0.062095 0.042500
v 0.012574 0.061517 0.042500
v 0.012574 0.062283 0.042500
v 0.012357 0.061193 0.042500
v 0.012357 0.062607 0.042500
v 0.011650 0.062900 0.042500
v 0.011650 0.060900 0.042500
v -0.012550 0.038100 0.042500
v -0.012533 0.037924 0.042500
v -0.012533 0.038276 0.042500
v -0.012398 0.037600 0.042500
v -0.012398 0.038600 0.042500
v -0.012481 0.037756 0.042500
v -0.012481 0.038444 0.042500
v -0.012150 0.037352 0.042500
v -0.012150 0.038848 0.042500
v -0.011826 0.038983 0.042500
v -0.011826 0.037217 0.042500
v -0.011994 0.038932 0.042500
v -0.011994 0.037269 0.042500
v -0.012286 0.038736 0.042500
v -0.012286 0.037464 0.042500
v -0.011474 0.037217 0.042500
v -0.011474 0.038983 0.042500
v -0.011150 0.037352 0.042500
v -0.011150 0.038848 0.042500
v -0.011306 0.037269 0.042500
v -0.011306 0.038932 0.042500
v -0.010902 0.037600 0.042500
v -0.010902 0.038600 0.042500
v -0.010750 0.038100 0.042500
v -0.010767 0.038276 0.042500
v -0.010767 0.037924 0.042500
v -0.010806 0.037798 0.042500
v -0.010819 0.038444 0.042500
v -0.010819 0.037756 0.042500
v -0.011014 0.038736 0.042500
v -0.011650 0.037200 0.042500
v -0.011014 0.037464 0.042500
v -0.011650 0.039000 0.042500
v 0.010750 0.038100 0.042500
v 0.010780 0.037882 0.042500
v 0.010767 0.037924 0.042500
v 0.010767 0.038276 0.042500
v 0.010902 0.037600 0.042500
v 0.010902 0.038600 0.042500
v 0.010819 0.037756 0.042500
v 0.010819 0.038444 0.042500
v 0.011150 0.037352 0.042500
v 0.011150 0.038848 0.042500
v 0.011474 0.037217 0.042500
v 0.011474 0.038983 0.042500
v 0.011306 0.037269 0.042500
v 0.011306 0.038931 0.042500
v 0.011650 0.037200 0.042500
v 0.011014 0.037464 0.042500
v 0.011014 0.038736 0.042500
v 0.011826 0.037217 0.042500
v 0.011826 0.038983 0.042500
v 0.011782 0.038987 0.042500
v 0.011994 0.038931 0.042500
v 0.012150 0.037352 0.042500
v 0.012150 0.038848 0.042500
v 0.011994 0.037269 0.042500
v 0.011650 0.039000 0.042500
v 0.012398 0.037600 0.042500
v 0.012398 0.038600 0.042500
v 0.012550 0.038100 0.042500
v 0.012533 0.038276 0.042500
v 0.012533 0.037924 0.042500
v 0.012481 0.037756 0.042500
v 0.012481 0.038444 0.042500
v 0.012286 0.037464 0.042500
v 0.012286 0.038736 0.042500
vn -1.0000 -0.0000 -0.0000
vn -0.0000 -0.0000 -1.0000
vn 1.0000 -0.0000 -0.0000
vn -0.0000 0.0208 0.9998
vn -0.0000 -0.0000 1.0000
vn -0.0000 -1.0000 -0.0000
vn -0.0000 1.0000 -0.0000
vn 0.6999 -0.7142 -0.0000
vn -0.6999 -0.7142 -0.0000
vn -0.6999 0.7142 -0.0000
vn 0.6999 0.7142 -0.0000
vn -0.7142 -0.6999 -0.0000
vn -0.7142 0.6999 -0.0000
vn 0.7142 0.6999 -0.0000
vn 0.7142 -0.6999 -0.0000
vn 0.0980 0.9952 -0.0000
vn 0.2903 0.9569 -0.0000
vn 0.4714 0.8819 -0.0000
vn 0.6344 0.7730 -0.0000
vn 0.7730 0.6344 -0.0000
vn 0.8819 0.4714 -0.0000
vn 0.9569 0.2903 -0.0000
vn 0.9952 0.0980 -0.0000
vn 0.9952 -0.0980 -0.0000
vn 0.9569 -0.2903 -0.0000
vn 0.8819 -0.4714 -0.0000
vn 0.7730 -0.6344 -0.0000
vn 0.6344 -0.7730 -0.0000
vn 0.4714 -0.8819 -0.0000
vn 0.2903 -0.9569 -0.0000
vn 0.0980 -0.9952 -0.0000
vn -0.0980 -0.9952 -0.0000
vn -0.2903 -0.9569 -0.0000
vn -0.4714 -0.8819 -0.0000
vn -0.6344 -0.7730 -0.0000
vn -0.7730 -0.6344 -0.0000
vn -0.8819 -0.4714 -0.0000
vn -0.9569 -0.2903 -0.0000
vn -0.9952 -0.0980 -0.0000
vn -0.9952 0.0980 -0.0000
vn -0.9569 0.2903 -0.0000
vn -0.8819 0.4714 -0.0000
vn -0.7730 0.6344 -0.0000
vn -0.6344 0.7730 -0.0000
vn -0.4714 0.8819 -0.0000
vn -0.2903 0.9569 -0.0000
vn -0.0980 0.9952 -0.0000
vn -0.0000 -0.0317 -0.9995
vn -0.0000 0.0139 -0.9999
vn -0.0000 -0.0357 -0.9994
vn -0.0000 -0.0624 0.9981
vn -0.0000 -0.1240 0.9923
vn -0.0000 0.0312 0.9995
vt 0.000000 0.000000
vt 1.000000 0.500000
vt 0.000000 0.500000
vt 0.750000 0.490000
vt 1.000000 0.500000
vt 0.000000 0.500000
vt 0.750000 0.490000
vt 0.968750 0.500000
vt 0.796822 0.485388
vt 1.000000 0.500000
vt 0.000000 0.500000
vt 0.750000 0.490000
vt 1.000000 0.500000
vt 0.000000 0.500000
vt 0.750000 0.490000
vt 0.937500 0.500000
vt 0.841844 0.471731
vt 0.968750 0.500000
vt 0.796822 0.485388
vt 0.000000 0.000000
vt 0.968750 0.500000
vt 0.796822 0.485388
vt 0.906250 0.500000
vt 0.883337 0.449553
vt 0.937500 0.500000
vt 0.841844 0.471731
vt 0.000000 0.000000
vt 0.875000 0.500000
vt 0.919706 0.419706
vt 0.968750 0.500000
vt 0.796822 0.485388
vt 0.843750 0.500000
vt 0.949553 0.383337
vt 0.906250 0.500000
vt 0.883337 0.449553
vt 0.937500 0.500000
vt 0.841844 0.471731
vt 0.000000 0.000000
vt 0.812500 0.500000
vt 0.971731 0.341844
vt 0.875000 0.500000
vt 0.919706 0.419706
vt 0.906250 0.500000
vt 0.883337 0.449553
vt 0.781250 0.500000
vt 0.985388 0.296822
vt 0.000000 0.000000
vt 0.750000 0.500000
vt 0.990000 0.250000
vt 0.843750 0.500000
vt 0.949553 0.383337
vt 0.937500 0.500000
vt 0.841844 0.471731
vt 0.718750 0.500000
vt 0.985388 0.296822
vt 0.875000 0.500000
vt 0.919706 0.419706
vt 0.812500 0.500000
vt 0.971731 0.341844
vt 0.000000 0.000000
vt 0.687500 0.500000
vt 0.971731 0.341844
vt 0.000000 0.000000
vt 0.656250 0.500000
vt 0.949553 0.383337
vt 0.781250 0.500000
vt 0.985388 0.296822
vt 0.843750 0.500000
vt 0.949553 0.383337
vt 0.906250 0.500000
vt 0.883337 0.449553
vt 0.625000 0.500000
vt 0.919706 0.419706
vt 0.750000 0.500000
vt 0.990000 0.250000
vt 0.593750 0.500000
vt 0.883337 0.449553
vt 0.000000 0.000000
vt 0.718750 0.500000
vt 0.985388 0.296822
vt 0.812500 0.500000
vt 0.971731 0.341844
vt 0.562500 0.500000
vt 0.841844 0.471731
vt 0.000000 0.000000
vt 0.531250 0.500000
vt 0.796822 0.485388
vt 0.875000 0.500000
vt 0.919706 0.419706
vt 0.687500 0.500000
vt 0.971731 0.341844
vt 0.500000 0.500000
vt 0.750000 0.490000
vt 0.781250 0.500000
vt 0.985388 0.296822
vt 0.000000 0.000000
vt 0.468750 0.500000
vt 0.703178 0.485388
vt 0.656250 0.500000
vt 0.949553 0.383337
vt 0.000000 0.000000
vt 0.437500 0.500000
vt 0.658156 0.028269
vt 0.843750 0.500000
vt 0.949553 0.383337
vt 0.625000 0.500000
vt 0.919706 0.419706
vt 0.406250 0.500000
vt 0.616663 0.050447
vt 0.750000 0.500000
vt 0.990000 0.250000
vt 0.000000 0.000000
vt 0.375000 0.500000
vt 0.580294 0.080294
vt 0.593750 0.500000
vt 0.883337 0.449553
vt 0.718750 0.500000
vt 0.985388 0.296822
vt 0.343750 0.500000
vt 0.550447 0.116663
vt 0.000000 0.000000
vt 0.562500 0.500000
vt 0.841844 0.471731
vt 0.312500 0.500000
vt 0.528269 0.158156
vt 0.812500 0.500000
vt 0.971731 0.341844
vt 0.531250 0.500000
vt 0.796822 0.485388
vt 0.000000 0.000000
vt 0.281250 0.500000
vt 0.514612 0.203178
vt 0.687500 0.500000
vt 0.971731 0.341844
vt 0.250000 0.500000
vt 0.510000 0.250000
vt 0.500000 0.500000
vt 0.750000 0.490000
vt 0.781250 0.500000
vt 0.985388 0.296822
vt 0.218750 0.500000
vt 0.514612 0.203178
vt 0.000000 0.000000
vt 0.468750 0.500000
vt 0.703178 0.485388
vt 0.656250 0.500000
vt 0.949553 0.383337
vt 0.187500 0.500000
vt 0.528269 0.158156
vt 0.000000 0.000000
vt 0.156250 0.500000
vt 0.550447 0.116663
vt 0.437500 0.500000
vt 0.658156 0.028269
vt 0.625000 0.500000
vt 0.919706 0.419706
vt 0.750000 0.500000
vt 0.990000 0.250000
vt 0.125000 0.500000
vt 0.580294 0.080294
vt 0.000000 0.000000
vt 0.406250 0.500000
vt 0.616663 0.050447
vt 0.093750 0.500000
vt 0.616663 0.050447
vt 0.000000 0.000000
vt 0.062500 0.500000
vt 0.658156 0.028269
vt 0.375000 0.500000
vt 0.580294 0.080294
vt 0.593750 0.500000
vt 0.883337 0.449553
vt 0.031250 0.500000
vt 0.703178 0.485388
vt 0.718750 0.500000
vt 0.985388 0.296822
vt 0.343750 0.500000
vt 0.550447 0.116663
vt 0.562500 0.500000
vt 0.841844 0.471731
vt 0.000000 0.000000
vt 0.000000 0.000000
vt 0.312500 0.500000
vt 0.528269 0.158156
vt 0.687500 0.500000
vt 0.971731 0.341844
vt 0.531250 0.500000
vt 0.796822 0.485388
vt 0.281250 0.500000
vt 0.514612 0.203178
vt 0.000000 0.000000
vt 0.250000 0.500000
vt 0.510000 0.250000
vt 0.000000 0.000000
vt 0.500000 0.500000
vt 0.750000 0.490000
vt 0.656250 0.500000
vt 0.949553 0.383337
vt 0.218750 0.500000
vt 0.514612 0.203178
vt 0.000000 0.000000
vt 0.468750 0.500000
vt 0.703178 0.485388
vt 0.187500 0.500000
vt 0.528269 0.158156
vt 0.000000 0.000000
vt 0.000000 0.000000
vt 0.156250 0.500000
vt 0.550447 0.116663
vt 0.437500 0.500000
vt 0.658156 0.028269
vt 0.625000 0.500000
vt 0.919706 0.419706
vt 0.125000 0.500000
vt 0.580294 0.080294
vt 0.000000 0.000000
vt 0.406250 0.500000
vt 0.616663 0.050447
vt 0.093750 0.500000
vt 0.616663 0.050447
vt 0.000000 0.000000
vt 0.593750 0.500000
vt 0.883337 0.449553
vt 0.062500 0.500000
vt 0.658156 0.028269
vt 0.375000 0.500000
vt 0.580294 0.080294
vt 0.000000 0.000000
vt 0.031250 0.500000
vt 0.703178 0.485388
vt 0.000000 0.000000
vt 0.343750 0.500000
vt 0.550447 0.116663
vt 0.562500 0.500000
vt 0.841844 0.471731
vt 0.312500 0.500000
vt 0.528269 0.158156
vt 0.000000 0.000000
vt 0.531250 0.500000
vt 0.796822 0.485388
vt 0.000000 0.000000
vt 0.281250 0.500000
vt 0.514612 0.203178
vt 0.000000 0.000000
vt 0.500000 0.500000
vt 0.750000 0.490000
vt 0.250000 0.500000
vt 0.510000 0.250000
vt 0.000000 0.000000
vt 0.000000 0.000000
vt 0.218750 0.500000
vt 0.514612 0.203178
vt 0.000000 0.000000
vt 0.468750 0.500000
vt 0.703178 0.485388
vt 0.187500 0.500000
vt 0.528269 0.158156
vt 0.000000 0.000000
vt 0.437500 0.500000
vt 0.658156 0.028269
vt 0.156250 0.500000
vt 0.550447 0.116663
vt 0.000000 0.000000
vt 0.000000 0.000000
vt 0.125000 0.500000
vt 0.580294 0.080294
vt 0.406250 0.500000
vt 0.616663 0.050447
vt 0.093750 0.500000
vt 0.616663 0.050447
vt 0.000000 0.000000
vt 0.000000 0.000000
vt 0.000000 0.000000
vt 0.062500 0.500000
vt 0.658156 0.028269
vt 0.375000 0.500000
vt 0.580294 0.080294
vt 0.031250 0.500000
vt 0.703178 0.485388
vt 0.000000 0.000000
vt 0.000000 0.000000
vt 0.343750 0.500000
vt 0.550447 0.116663
vt 0.000000 0.000000
vt 0.000000 0.000000
vt 0.312500 0.500000
vt 0.528269 0.158156
vt 0.000000 0.000000
vt 0.000000 0.000000
vt 0.281250 0.500000
vt 0.514612 0.203178
vt 0.000000 0.000000
vt 0.250000 0.500000
vt 0.510000 0.250000
vt 0.000000 0.000000
vt 0.000000 0.000000
vt 0.000000 0.000000
vt 0.218750 0.500000
vt 0.514612 0.203178
vt 0.000000 0.000000
vt 0.000000 0.000000
vt 0.187500 0.500000
vt 0.528269 0.158156
vt 0.000000 0.000000
vt 0.000000 0.000000
vt 0.156250 0.500000
vt 0.550447 0.116663
vt 0.000000 0.000000
vt 0.125000 0.500000
vt 0.750000 0.490000
vt 0.093750 0.500000
vt 0.796822 0.485388
vt 0.062500 0.500000
vt 0.841844 0.471731
vt 0.031250 0.500000
vt 0.703178 0.485388
vt 0.000000 0.000000
vt 0.250000 0.874999
vt 0.000000 0.000000
vt 0.281250 0.874999
vt 0.000000 0.000000
vt 0.218750 0.874999
vt 0.000000 0.000000
vt 0.343750 0.874999
vt 0.000000 0.000000
vt 0.187500 0.874999
vt 0.000000 0.000000
vt 0.312500 0.874999
vt 0.000000 0.000000
vt 0.156250 0.874999
vt 0.000000 0.000000
vt 0.406250 0.874999
vt 0.000000 0.000000
vt 0.125000 0.874999
vt 0.000000 0.000000
vt 0.031250 0.874999
vt 0.000000 0.000000
vt 0.468750 0.874999
vt 0.000000 0.000000
vt 0.062500 0.874999
vt 0.000000 0.000000
vt 0.437500 0.874999
vt 0.000000 0.000000
vt 0.093750 0.874999
vt 0.000000 0.000000
vt 0.375000 0.874999
vt 0.000000 0.000000
vt 0.531250 0.874999
vt 0.000000 0.000000
vt 0.968750 0.874999
vt 0.000000 0.000000
vt 0.593750 0.874999
vt 0.000000 0.000000
vt 0.906250 0.874999
vt 0.000000 0.000000
vt 0.562500 0.874999
vt 0.000000 0.000000
vt 0.937500 0.874999
vt 0.000000 0.000000
vt 0.656250 0.874999
vt 0.000000 0.000000
vt 0.843750 0.874999
vt 0.000000 0.000000
vt 0.750000 0.874999
vt 0.000000 0.000000
vt 0.781250 0.874999
vt 0.000000 0.000000
vt 0.718750 0.874999
vt 0.000000 0.000000
vt 0.789063 0.874999
vt 0.000000 0.000000
vt 0.812500 0.874999
vt 0.000000 0.000000
vt 0.687500 0.874999
vt 0.000000 0.000000
vt 0.875000 0.874999
vt 0.000000 0.000000
vt 0.625000 0.874999
vt 0.000000 0.874999
vt 0.000000 0.000000
vt 1.000000 0.874999
vt 0.000000 0.000000
vt 0.500000 0.874999
vt 0.000000 0.000000
vt 0.250000 0.874999
vt 0.000000 0.000000
vt 0.281250 0.874999
vt 0.000000 0.000000
vt 0.195312 0.874999
vt 0.000000 0.000000
vt 0.218750 0.874999
vt 0.000000 0.000000
vt 0.343750 0.874999
vt 0.000000 0.000000
vt 0.156250 0.874999
vt 0.000000 0.000000
vt 0.312500 0.874999
vt 0.000000 0.000000
vt 0.187500 0.874999
vt 0.000000 0.000000
vt 0.406250 0.874999
vt 0.000000 0.000000
vt 0.093750 0.874999
vt 0.000000 0.000000
vt 0.468750 0.874999
vt 0.000000 0.000000
vt 0.031250 0.874999
vt 0.000000 0.000000
vt 0.437500 0.874999
vt 0.000000 0.000000
vt 0.062500 0.874999
vt 0.000000 0.000000
vt 0.375000 0.874999
vt 0.000000 0.000000
vt 0.125000 0.874999
vt 0.000000 0.000000
vt 0.531250 0.874999
vt 0.000000 0.000000
vt 0.968750 0.874999
vt 0.000000 0.000000
vt 0.593750 0.874999
vt 0.000000 0.000000
vt 0.906250 0.874999
vt 0.000000 0.000000
vt 0.562500 0.874999
vt 0.000000 0.000000
vt 0.937500 0.874999
vt 0.000000 0.000000
vt 0.656250 0.874999
vt 0.000000 0.000000
vt 0.843750 0.874999
vt 0.000000 0.000000
vt 0.750000 0.874999
vt 0.000000 0.000000
vt 0.718750 0.874999
vt 0.000000 0.000000
vt 0.781250 0.874999
vt 0.000000 0.000000
vt 0.687500 0.874999
vt 0.000000 0.000000
vt 0.812500 0.874999
vt 0.000000 0.000000
vt 0.625000 0.874999
vt 0.000000 0.000000
vt 0.875000 0.874999
vt 0.000000 0.874999
vt 0.000000 0.000000
vt 1.000000 0.874999
vt 0.000000 0.000000
vt 0.500000 0.874999
vt 0.000000 0.000000
vt 0.250000 0.874999
vt 0.000000 0.000000
vt 0.281250 0.874999
vt 0.000000 0.000000
vt 0.218750 0.874999
vt 0.000000 0.000000
vt 0.343750 0.874999
vt 0.000000 0.000000
vt 0.156250 0.874999
vt 0.000000 0.000000
vt 0.312500 0.874999
vt 0.000000 0.000000
vt 0.187500 0.874999
vt 0.000000 0.000000
vt 0.406250 0.874999
vt 0.000000 0.000000
vt 0.093750 0.874999
vt 0.000000 0.000000
vt 0.031250 0.874999
vt 0.000000 0.000000
vt 0.468750 0.874999
vt 0.000000 0.000000
vt 0.062500 0.874999
vt 0.000000 0.000000
vt 0.437500 0.874999
vt 0.000000 0.000000
vt 0.125000 0.874999
vt 0.000000 0.000000
vt 0.375000 0.874999
vt 0.000000 0.000000
vt 0.531250 0.874999
vt 0.000000 0.000000
vt 0.968750 0.874999
vt 0.000000 0.000000
vt 0.593750 0.874999
vt 0.000000 0.000000
vt 0.906250 0.874999
vt 0.000000 0.000000
vt 0.562500 0.874999
vt 0.000000 0.000000
vt 0.937500 0.874999
vt 0.000000 0.000000
vt 0.656250 0.874999
vt 0.000000 0.000000
vt 0.843750 0.874999
vt 0.000000 0.000000
vt 0.750000 0.874999
vt 0.000000 0.000000
vt 0.781250 0.874999
vt 0.000000 0.000000
vt 0.718750 0.874999
vt 0.000000 0.000000
vt 0.695312 0.874999
vt 0.000000 0.000000
vt 0.812500 0.874999
vt 0.000000 0.000000
vt 0.687500 0.874999
vt 0.000000 0.000000
vt 0.875000 0.874999
vt 0.000000 0.000000
vt 0.500000 0.874999
vt 0.000000 0.000000
vt 0.625000 0.874999
vt 0.000000 0.874999
vt 0.000000 0.000000
vt 1.000000 0.874999
vt 0.000000 0.000000
vt 0.250000 0.874999
vt 0.000000 0.000000
vt 0.289063 0.874999
vt 0.000000 0.000000
vt 0.281250 0.874999
vt 0.000000 0.000000
vt 0.218750 0.874999
vt 0.000000 0.000000
vt 0.343750 0.874999
vt 0.000000 0.000000
vt 0.156250 0.874999
vt 0.000000 0.000000
vt 0.312500 0.874999
vt 0.000000 0.000000
vt 0.187500 0.874999
vt 0.000000 0.000000
vt 0.406250 0.874999
vt 0.000000 0.000000
vt 0.093750 0.874999
vt 0.000000 0.000000
vt 0.468750 0.874999
vt 0.000000 0.000000
vt 0.031250 0.874999
vt 0.000000 0.000000
vt 0.437500 0.874999
vt 0.000000 0.000000
vt 0.062500 0.874999
vt 0.000000 0.000000
vt 0.500000 0.874999
vt 0.000000 0.000000
vt 0.375000 0.874999
vt 0.000000 0.000000
vt 0.125000 0.874999
vt 0.000000 0.000000
vt 0.531250 0.874999
vt 0.000000 0.000000
vt 0.968750 0.874999
vt 0.000000 0.000000
vt 0.976563 0.874999
vt 0.000000 0.000000
vt 0.937500 0.874999
vt 0.000000 0.000000
vt 0.593750 0.874999
vt 0.000000 0.000000
vt 0.906250 0.874999
vt 0.000000 0.000000
vt 0.562500 0.874999
vt 0.000000 0.874999
vt 0.000000 0.000000
vt 1.000000 0.874999
vt 0.000000 0.000000
vt 0.656250 0.874999
vt 0.000000 0.000000
vt 0.843750 0.874999
vt 0.000000 0.000000
vt 0.750000 0.874999
vt 0.000000 0.000000
vt 0.781250 0.874999
vt 0.000000 0.000000
vt 0.718750 0.874999
vt 0.000000 0.000000
vt 0.687500 0.874999
vt 0.000000 0.000000
vt 0.812500 0.874999
vt 0.000000 0.000000
vt 0.625000 0.874999
vt 0.000000 0.000000
vt 0.875000 0.874999
s 0
usemtl Material.009
f 1355/2722/152 1359/2729/152 1347/2703/152
f 1505/2982/153 1624/3207/153 1619/3197/153
f 1359/2729/153 1460/2909/153 1610/3179/153
f 1433/2863/153 1472/2930/153 1561/3079/153
f 1400/2803/153 1639/3238/153 1646/3252/153
f 1588/3134/153 1590/3138/153 1387/2780/153
f 1485/2951/153 1445/2884/153 1578/3114/153
f 1400/2803/153 1505/2982/153 1508/2986/153
f 1433/2863/153 1445/2884/153 1512/2991/153
f 1387/2780/153 1436/2868/153 1365/2740/153
f 1359/2729/153 1406/2814/153 1379/2765/153
f 1387/2780/154 1370/2749/154 1379/2765/154
f 1516/2997/155 1411/2823/155 1517/2998/155
f 1370/2749/156 1495/2966/156 1521/3003/156
f 1355/2722/156 1478/2940/156 1526/3010/156
f 1423/2845/156 1517/2998/156 1416/2832/156
f 1377/2762/156 1452/2896/156 1459/2908/156
f 1347/2703/156 1427/2852/156 1411/2823/156
f 1379/2765/157 1347/2703/157 1359/2729/157
f 1365/2740/158 1377/2762/158 1387/2780/158
f 1397/2798/159 1411/2823/159 1391/2787/159
f 1406/2814/160 1423/2845/160 1400/2803/160
f 1406/2814/158 1411/2823/158 1427/2852/158
f 1400/2803/157 1416/2832/157 1397/2798/157
f 1444/2883/161 1456/2903/161 1459/2908/161
f 1433/2863/162 1452/2896/162 1450/2893/162
f 1444/2883/157 1452/2896/157 1436/2868/157
f 1445/2884/158 1450/2893/158 1456/2903/158
f 1465/2918/163 1482/2946/163 1478/2940/163
f 1468/2923/164 1474/2933/164 1480/2943/164
f 1460/2909/154 1478/2940/154 1474/2933/154
f 1472/2930/152 1480/2943/152 1482/2946/152
f 1491/2960/165 1495/2966/165 1486/2952/165
f 1485/2951/166 1499/2973/166 1500/2974/166
f 1488/2955/152 1495/2966/152 1499/2973/152
f 1485/2951/154 1494/2965/154 1491/2960/154
f 1516/2997/154 1506/2983/154 1526/3010/154
f 1509/2987/152 1523/3006/152 1514/2994/152
f 1508/2986/158 1501/2975/158 1517/2998/158
f 1524/3007/157 1512/2991/157 1514/2994/157
f 1361/2732/167 1562/3083/167 1547/3052/167
f 1373/2754/168 1547/3052/168 1551/3060/168
f 1383/2772/169 1551/3060/169 1549/3056/169
f 1393/2790/170 1549/3056/170 1560/3078/170
f 1393/2790/171 1553/3064/171 1402/2806/171
f 1402/2806/172 1558/3074/172 1414/2828/172
f 1555/3068/173 1414/2828/173 1558/3074/173
f 1421/2841/174 1554/3066/174 1431/2859/174
f 1431/2859/175 1556/3070/175 1441/2877/175
f 1441/2877/176 1559/3076/176 1447/2887/176
f 1447/2887/177 1552/3062/177 1454/2899/177
f 1454/2899/178 1561/3080/178 1463/2914/178
f 1469/2924/179 1561/3080/179 1548/3054/179
f 1476/2936/180 1548/3054/180 1550/3058/180
f 1479/2941/181 1550/3058/181 1546/3050/181
f 1483/2947/182 1546/3050/182 1563/3085/182
f 1489/2956/183 1563/3085/183 1541/3040/183
f 1492/2961/184 1541/3040/184 1543/3044/184
f 1497/2969/185 1543/3044/185 1538/3034/185
f 1503/2978/186 1538/3034/186 1545/3048/186
f 1503/2978/187 1534/3026/187 1507/2984/187
f 1507/2984/188 1536/3030/188 1510/2988/188
f 1510/2988/189 1532/3022/189 1513/2992/189
f 1513/2992/190 1531/3020/190 1515/2995/190
f 1515/2995/191 1533/3024/191 1519/3000/191
f 1519/3000/192 1535/3028/192 1522/3004/192
f 1522/3004/193 1537/3032/193 1525/3008/193
f 1525/3008/194 1539/3036/194 1527/3011/194
f 1528/3013/195 1539/3036/195 1544/3046/195
f 1529/3015/196 1544/3046/196 1542/3042/196
f 1530/3017/197 1542/3042/197 1540/3038/197
f 1352/2716/198 1540/3038/198 1562/3081/198
f 1469/2925/153 1507/2985/153 1528/3014/153
f 1356/2723/167 1595/3150/167 1581/3121/167
f 1364/2738/168 1581/3121/168 1585/3129/168
f 1368/2745/169 1585/3129/169 1583/3125/169
f 1375/2758/170 1583/3125/170 1594/3147/170
f 1375/2758/171 1587/3133/171 1382/2770/171
f 1382/2770/172 1592/3143/172 1389/2783/172
f 1389/2783/173 1590/3139/173 1396/2796/173
f 1396/2796/174 1588/3135/174 1405/2812/174
f 1405/2812/175 1589/3137/175 1409/2819/175
f 1409/2819/176 1591/3141/176 1418/2835/176
f 1418/2835/177 1586/3131/177 1425/2848/177
f 1425/2848/178 1593/3145/178 1430/2857/178
f 1439/2873/179 1593/3145/179 1582/3123/179
f 1443/2881/180 1582/3123/180 1584/3127/180
f 1448/2889/181 1584/3127/181 1580/3119/181
f 1453/2897/182 1580/3119/182 1596/3152/182
f 1457/2904/183 1596/3152/183 1574/3107/183
f 1462/2912/184 1574/3107/184 1576/3111/184
f 1466/2919/185 1576/3111/185 1572/3103/185
f 1471/2928/186 1572/3103/186 1578/3115/186
f 1471/2928/187 1568/3095/187 1475/2934/187
f 1475/2934/188 1570/3099/188 1477/2938/188
f 1477/2938/189 1565/3089/189 1481/2944/189
f 1481/2944/190 1564/3087/190 1484/2949/190
f 1484/2949/191 1567/3093/191 1487/2953/191
f 1571/3101/192 1487/2953/192 1567/3093/192
f 1490/2958/193 1569/3097/193 1493/2963/193
f 1493/2963/194 1579/3117/194 1496/2967/194
f 1498/2971/195 1579/3117/195 1573/3105/195
f 1502/2976/196 1573/3105/196 1577/3113/196
f 1504/2980/197 1577/3113/197 1575/3109/197
f 1351/2713/198 1575/3109/198 1595/3148/198
f 1443/2882/153 1477/2939/153 1502/2977/153
f 1354/2720/167 1629/3219/167 1613/3186/167
f 1358/2727/168 1613/3186/168 1617/3194/168
f 1363/2736/169 1617/3194/169 1615/3190/169
f 1367/2743/170 1615/3190/170 1626/3212/170
f 1367/2743/171 1619/3198/171 1372/2752/171
f 1372/2752/172 1624/3208/172 1376/2760/172
f 1376/2760/173 1621/3202/173 1381/2768/173
f 1381/2768/174 1620/3200/174 1385/2776/174
f 1385/2776/175 1622/3204/175 1388/2781/175
f 1394/2792/176 1622/3204/176 1623/3206/176
f 1394/2792/177 1618/3196/177 1399/2801/177
f 1399/2801/178 1628/3216/178 1403/2808/178
f 1408/2817/179 1628/3216/179 1614/3188/179
f 1412/2824/180 1614/3188/180 1616/3192/180
f 1415/2830/181 1616/3192/181 1612/3184/181
f 1420/2839/182 1612/3184/182 1627/3214/182
f 1424/2846/183 1627/3214/183 1607/3174/183
f 1429/2855/184 1607/3174/184 1609/3178/184
f 1434/2864/185 1609/3178/185 1604/3168/185
f 1438/2871/186 1604/3168/186 1611/3182/186
f 1438/2871/187 1600/3160/187 1442/2879/187
f 1442/2879/188 1602/3164/188 1446/2885/188
f 1446/2885/189 1598/3156/189 1449/2891/189
f 1449/2891/190 1597/3154/190 1451/2894/190
f 1451/2894/191 1599/3158/191 1455/2901/191
f 1455/2901/192 1603/3166/192 1458/2906/192
f 1458/2906/193 1601/3162/193 1461/2910/193
f 1461/2910/194 1610/3180/194 1464/2916/194
f 1467/2921/195 1610/3180/195 1605/3170/195
f 1470/2926/196 1605/3170/196 1608/3176/196
f 1473/2931/197 1608/3176/197 1606/3172/197
f 1349/2708/198 1606/3172/198 1629/3217/198
f 1408/2818/153 1442/2880/153 1467/2922/153
f 1350/2710/167 1654/3270/167 1649/3259/167
f 1353/2718/168 1648/3257/168 1650/3261/168
f 1357/2725/169 1650/3261/169 1652/3265/169
f 1360/2730/170 1652/3265/170 1663/3288/170
f 1360/2730/171 1656/3274/171 1362/2734/171
f 1362/2734/172 1661/3284/172 1366/2741/172
f 1366/2741/173 1658/3278/173 1369/2747/173
f 1369/2747/174 1657/3276/174 1371/2750/174
f 1371/2750/175 1659/3280/175 1374/2756/175
f 1374/2756/176 1660/3282/176 1378/2763/176
f 1378/2763/177 1655/3272/177 1380/2766/177
f 1380/2766/178 1662/3286/178 1384/2774/178
f 1386/2778/179 1662/3286/179 1651/3263/179
f 1390/2785/180 1651/3263/180 1653/3267/180
f 1392/2788/181 1653/3267/181 1647/3255/181
f 1395/2794/182 1647/3255/182 1644/3249/182
f 1398/2799/183 1644/3249/183 1640/3241/183
f 1401/2804/184 1640/3241/184 1642/3245/184
f 1404/2810/185 1642/3245/185 1638/3237/185
f 1407/2815/186 1638/3237/186 1645/3251/186
f 1407/2815/187 1634/3229/187 1410/2821/187
f 1410/2821/188 1636/3233/188 1413/2826/188
f 1413/2826/189 1631/3223/189 1632/3225/189
f 1417/2833/190 1630/3221/190 1419/2837/190
f 1419/2837/191 1633/3227/191 1422/2843/191
f 1422/2843/192 1637/3235/192 1426/2850/192
f 1426/2850/193 1635/3231/193 1428/2853/193
f 1428/2853/194 1646/3253/194 1432/2861/194
f 1435/2866/195 1646/3253/195 1639/3239/195
f 1437/2869/196 1639/3239/196 1643/3247/196
f 1440/2875/197 1643/3247/197 1641/3243/197
f 1348/2705/198 1641/3243/198 1654/3268/198
f 1390/2786/153 1413/2827/153 1437/2870/153
f 1355/2722/152 1365/2740/152 1359/2729/152
f 1629/3218/153 1606/3171/153 1505/2982/153
f 1397/2798/153 1623/3205/153 1622/3203/153
f 1397/2798/153 1622/3203/153 1620/3199/153
f 1613/3185/153 1629/3218/153 1505/2982/153
f 1617/3193/153 1613/3185/153 1505/2982/153
f 1397/2798/153 1620/3199/153 1621/3201/153
f 1397/2798/153 1621/3201/153 1624/3207/153
f 1615/3189/153 1617/3193/153 1505/2982/153
f 1626/3211/153 1615/3189/153 1505/2982/153
f 1505/2982/153 1397/2798/153 1624/3207/153
f 1619/3197/153 1626/3211/153 1505/2982/153
f 1397/2798/153 1391/2787/153 1359/2729/153
f 1365/2740/153 1436/2868/153 1433/2863/153
f 1433/2863/153 1557/3071/153 1558/3073/153
f 1433/2863/153 1558/3073/153 1553/3063/153
f 1625/3209/153 1623/3205/153 1397/2798/153
f 1618/3195/153 1625/3209/153 1397/2798/153
f 1433/2863/153 1553/3063/153 1560/3077/153
f 1433/2863/153 1560/3077/153 1549/3055/153
f 1628/3215/153 1618/3195/153 1397/2798/153
f 1614/3187/153 1628/3215/153 1397/2798/153
f 1365/2740/153 1433/2863/153 1549/3055/153
f 1365/2740/153 1549/3055/153 1551/3059/153
f 1614/3187/153 1397/2798/153 1359/2729/153
f 1616/3191/153 1614/3187/153 1359/2729/153
f 1365/2740/153 1551/3059/153 1547/3051/153
f 1365/2740/153 1547/3051/153 1562/3082/153
f 1612/3183/153 1616/3191/153 1359/2729/153
f 1627/3213/153 1612/3183/153 1359/2729/153
f 1365/2740/153 1562/3082/153 1540/3037/153
f 1365/2740/153 1540/3037/153 1542/3041/153
f 1607/3173/153 1627/3213/153 1359/2729/153
f 1609/3177/153 1607/3173/153 1359/2729/153
f 1365/2740/153 1542/3041/153 1544/3045/153
f 1365/2740/153 1544/3045/153 1539/3035/153
f 1604/3167/153 1609/3177/153 1359/2729/153
f 1611/3181/153 1604/3167/153 1359/2729/153
f 1365/2740/153 1539/3035/153 1537/3031/153
f 1365/2740/153 1537/3031/153 1535/3027/153
f 1600/3159/153 1611/3181/153 1359/2729/153
f 1602/3163/153 1600/3159/153 1359/2729/153
f 1365/2740/153 1535/3027/153 1533/3023/153
f 1365/2740/153 1533/3023/153 1531/3019/153
f 1598/3155/153 1602/3163/153 1359/2729/153
f 1597/3153/153 1598/3155/153 1359/2729/153
f 1365/2740/153 1531/3019/153 1532/3021/153
f 1365/2740/153 1532/3021/153 1536/3029/153
f 1599/3157/153 1597/3153/153 1359/2729/153
f 1603/3165/153 1599/3157/153 1359/2729/153
f 1365/2740/153 1536/3029/153 1534/3025/153
f 1365/2740/153 1534/3025/153 1545/3047/153
f 1601/3161/153 1603/3165/153 1359/2729/153
f 1610/3179/153 1601/3161/153 1359/2729/153
f 1538/3033/153 1543/3043/153 1472/2930/153
f 1545/3047/153 1538/3033/153 1472/2930/153
f 1505/2982/153 1606/3171/153 1608/3175/153
f 1468/2923/153 1506/2983/153 1501/2975/153
f 1501/2975/153 1505/2982/153 1608/3175/153
f 1501/2975/153 1608/3175/153 1605/3169/153
f 1460/2909/153 1468/2923/153 1501/2975/153
f 1545/3047/153 1472/2930/153 1465/2918/153
f 1365/2740/153 1545/3047/153 1465/2918/153
f 1501/2975/153 1605/3169/153 1610/3179/153
f 1365/2740/153 1465/2918/153 1460/2909/153
f 1460/2909/153 1501/2975/153 1610/3179/153
f 1359/2729/153 1365/2740/153 1460/2909/153
f 1555/3067/153 1557/3071/153 1433/2863/153
f 1472/2930/153 1543/3043/153 1541/3039/153
f 1472/2930/153 1541/3039/153 1563/3084/153
f 1554/3065/153 1555/3067/153 1433/2863/153
f 1556/3069/153 1554/3065/153 1433/2863/153
f 1472/2930/153 1563/3084/153 1546/3049/153
f 1472/2930/153 1546/3049/153 1550/3057/153
f 1559/3075/153 1556/3069/153 1433/2863/153
f 1552/3061/153 1559/3075/153 1433/2863/153
f 1472/2930/153 1550/3057/153 1548/3053/153
f 1561/3079/153 1552/3061/153 1433/2863/153
f 1472/2930/153 1548/3053/153 1561/3079/153
f 1632/3224/153 1631/3222/153 1400/2803/153
f 1400/2803/199 1508/2986/199 1509/2987/199
f 1509/2987/153 1649/3258/153 1654/3269/153
f 1509/2987/153 1654/3269/153 1641/3242/153
f 1630/3220/153 1632/3224/153 1400/2803/153
f 1633/3226/153 1630/3220/153 1400/2803/153
f 1509/2987/153 1641/3242/153 1643/3246/153
f 1509/2987/153 1643/3246/153 1639/3238/153
f 1637/3234/153 1633/3226/153 1400/2803/153
f 1635/3230/153 1637/3234/153 1400/2803/153
f 1400/2803/153 1509/2987/153 1639/3238/153
f 1646/3252/153 1635/3230/153 1400/2803/153
f 1509/2987/153 1511/2990/153 1491/2960/153
f 1509/2987/153 1491/2960/153 1486/2952/153
f 1648/3256/153 1649/3258/153 1509/2987/153
f 1650/3260/153 1648/3256/153 1509/2987/153
f 1652/3264/153 1650/3260/153 1509/2987/153
f 1663/3287/153 1652/3264/153 1509/2987/153
f 1663/3287/153 1509/2987/153 1486/2952/153
f 1656/3273/153 1663/3287/153 1486/2952/153
f 1661/3283/153 1656/3273/153 1486/2952/153
f 1658/3277/153 1661/3283/153 1486/2952/153
f 1657/3275/153 1658/3277/153 1486/2952/153
f 1659/3279/153 1657/3275/153 1486/2952/153
f 1660/3281/153 1659/3279/153 1486/2952/153
f 1655/3271/153 1660/3281/153 1486/2952/153
f 1662/3285/153 1655/3271/153 1486/2952/153
f 1651/3262/153 1662/3285/153 1486/2952/153
f 1653/3266/153 1651/3262/153 1486/2952/153
f 1647/3254/153 1653/3266/153 1486/2952/153
f 1644/3248/153 1647/3254/153 1486/2952/153
f 1640/3240/153 1644/3248/153 1486/2952/153
f 1642/3244/153 1640/3240/153 1486/2952/153
f 1638/3236/153 1642/3244/153 1486/2952/153
f 1400/2803/153 1631/3222/153 1636/3232/153
f 1379/2765/153 1406/2814/153 1400/2803/153
f 1445/2884/153 1444/2883/153 1387/2780/153
f 1571/3100/153 1566/3090/153 1445/2884/153
f 1569/3096/153 1571/3100/153 1445/2884/153
f 1400/2803/153 1636/3232/153 1634/3228/153
f 1400/2803/153 1634/3228/153 1645/3250/153
f 1579/3116/153 1569/3096/153 1445/2884/153
f 1573/3104/153 1579/3116/153 1445/2884/153
f 1379/2765/153 1400/2803/153 1645/3250/153
f 1379/2765/153 1645/3250/153 1638/3236/153
f 1573/3104/153 1445/2884/153 1387/2780/153
f 1577/3112/153 1573/3104/153 1387/2780/153
f 1379/2765/153 1638/3236/153 1486/2952/153
f 1379/2765/153 1486/2952/153 1488/2955/153
f 1575/3108/153 1577/3112/153 1387/2780/153
f 1595/3149/153 1575/3108/153 1387/2780/153
f 1387/2780/153 1379/2765/153 1488/2955/153
f 1485/2951/153 1584/3126/153 1582/3122/153
f 1485/2951/153 1582/3122/153 1593/3144/153
f 1387/2780/153 1488/2955/153 1485/2951/153
f 1581/3120/153 1595/3149/153 1387/2780/153
f 1585/3128/153 1581/3120/153 1387/2780/153
f 1387/2780/153 1485/2951/153 1593/3144/153
f 1387/2780/153 1593/3144/153 1586/3130/153
f 1583/3124/153 1585/3128/153 1387/2780/153
f 1594/3146/153 1583/3124/153 1387/2780/153
f 1387/2780/153 1586/3130/153 1591/3140/153
f 1387/2780/153 1591/3140/153 1589/3136/153
f 1587/3132/153 1594/3146/153 1387/2780/153
f 1592/3142/153 1587/3132/153 1387/2780/153
f 1387/2780/153 1589/3136/153 1588/3134/153
f 1590/3138/153 1592/3142/153 1387/2780/153
f 1580/3118/153 1584/3126/153 1485/2951/153
f 1445/2884/153 1566/3090/153 1567/3092/153
f 1445/2884/153 1567/3092/153 1564/3086/153
f 1596/3151/153 1580/3118/153 1485/2951/153
f 1574/3106/153 1596/3151/153 1485/2951/153
f 1445/2884/153 1564/3086/153 1565/3088/153
f 1445/2884/153 1565/3088/153 1570/3098/153
f 1576/3110/153 1574/3106/153 1485/2951/153
f 1572/3102/153 1576/3110/153 1485/2951/153
f 1445/2884/153 1570/3098/153 1568/3094/153
f 1578/3114/153 1572/3102/153 1485/2951/153
f 1445/2884/153 1568/3094/153 1578/3114/153
f 1400/2803/153 1397/2798/153 1505/2982/153
f 1512/2991/153 1506/2983/153 1468/2923/153
f 1485/2951/153 1491/2960/153 1511/2990/153
f 1485/2951/153 1511/2990/153 1514/2994/153
f 1512/2991/153 1468/2923/153 1472/2930/153
f 1445/2884/200 1485/2951/200 1514/2994/200
f 1512/2991/201 1472/2930/201 1433/2863/201
f 1445/2884/153 1514/2994/153 1512/2991/153
f 1387/2780/153 1444/2883/153 1436/2868/153
f 1359/2729/153 1391/2787/153 1406/2814/153
f 1387/2780/154 1377/2762/154 1370/2749/154
f 1516/2997/156 1518/2999/156 1480/2943/156
f 1480/2943/156 1474/2933/156 1411/2823/156
f 1411/2823/156 1416/2832/156 1517/2998/156
f 1516/2997/156 1480/2943/156 1411/2823/156
f 1521/3003/202 1520/3002/202 1423/2845/202
f 1423/2845/156 1427/2852/156 1370/2749/156
f 1377/2762/156 1459/2908/156 1456/2903/156
f 1456/2903/156 1500/2974/156 1499/2973/156
f 1495/2966/156 1494/2965/156 1523/3006/156
f 1377/2762/156 1456/2903/156 1499/2973/156
f 1495/2966/156 1523/3006/156 1521/3003/156
f 1377/2762/156 1499/2973/156 1495/2966/156
f 1521/3003/156 1423/2845/156 1370/2749/156
f 1370/2749/156 1377/2762/156 1495/2966/156
f 1524/3007/156 1523/3006/156 1494/2965/156
f 1450/2893/156 1452/2896/156 1355/2722/156
f 1347/2703/156 1411/2823/156 1474/2933/156
f 1347/2703/156 1474/2933/156 1478/2940/156
f 1524/3007/156 1494/2965/156 1500/2974/156
f 1480/2943/156 1518/2999/156 1526/3010/156
f 1524/3007/156 1500/2974/156 1456/2903/156
f 1482/2946/156 1480/2943/156 1526/3010/156
f 1526/3010/156 1524/3007/156 1456/2903/156
f 1526/3010/156 1456/2903/156 1450/2893/156
f 1478/2940/156 1482/2946/156 1526/3010/156
f 1355/2722/156 1347/2703/156 1478/2940/156
f 1526/3010/156 1450/2893/156 1355/2722/156
f 1423/2845/156 1520/3002/156 1517/2998/156
f 1377/2762/156 1355/2722/156 1452/2896/156
f 1347/2703/156 1370/2749/156 1427/2852/156
f 1379/2765/157 1370/2749/157 1347/2703/157
f 1365/2740/158 1355/2722/158 1377/2762/158
f 1397/2798/159 1416/2832/159 1411/2823/159
f 1406/2814/160 1427/2852/160 1423/2845/160
f 1406/2814/158 1391/2787/158 1411/2823/158
f 1400/2803/157 1423/2845/157 1416/2832/157
f 1444/2883/161 1445/2884/161 1456/2903/161
f 1433/2863/162 1436/2868/162 1452/2896/162
f 1444/2883/157 1459/2908/157 1452/2896/157
f 1445/2884/158 1433/2863/158 1450/2893/158
f 1465/2918/163 1472/2930/163 1482/2946/163
f 1468/2923/164 1460/2909/164 1474/2933/164
f 1460/2909/154 1465/2918/154 1478/2940/154
f 1472/2930/152 1468/2923/152 1480/2943/152
f 1491/2960/165 1494/2965/165 1495/2966/165
f 1485/2951/166 1488/2955/166 1499/2973/166
f 1488/2955/152 1486/2952/152 1495/2966/152
f 1485/2951/154 1500/2974/154 1494/2965/154
f 1526/3010/153 1518/2999/153 1516/2997/153
f 1516/2997/154 1501/2975/154 1506/2983/154
f 1506/2983/154 1512/2991/154 1526/3010/154
f 1514/2994/156 1511/2990/156 1509/2987/156
f 1509/2987/152 1521/3003/152 1523/3006/152
f 1523/3006/152 1524/3007/152 1514/2994/152
f 1520/3002/158 1521/3003/158 1509/2987/158
f 1508/2986/158 1505/2982/158 1501/2975/158
f 1520/3002/158 1509/2987/158 1508/2986/158
f 1501/2975/158 1516/2997/158 1517/2998/158
f 1517/2998/158 1520/3002/158 1508/2986/158
f 1524/3007/157 1526/3010/157 1512/2991/157
f 1361/2732/167 1352/2715/167 1562/3083/167
f 1373/2754/168 1361/2732/168 1547/3052/168
f 1383/2772/169 1373/2754/169 1551/3060/169
f 1393/2790/170 1383/2772/170 1549/3056/170
f 1393/2790/171 1560/3078/171 1553/3064/171
f 1402/2806/172 1553/3064/172 1558/3074/172
f 1558/3074/203 1557/3072/203 1555/3068/203
f 1555/3068/173 1421/2841/173 1414/2828/173
f 1421/2841/174 1555/3068/174 1554/3066/174
f 1431/2859/175 1554/3066/175 1556/3070/175
f 1441/2877/176 1556/3070/176 1559/3076/176
f 1447/2887/177 1559/3076/177 1552/3062/177
f 1454/2899/178 1552/3062/178 1561/3080/178
f 1469/2924/179 1463/2914/179 1561/3080/179
f 1476/2936/180 1469/2924/180 1548/3054/180
f 1479/2941/181 1476/2936/181 1550/3058/181
f 1483/2947/182 1479/2941/182 1546/3050/182
f 1489/2956/183 1483/2947/183 1563/3085/183
f 1492/2961/184 1489/2956/184 1541/3040/184
f 1497/2969/185 1492/2961/185 1543/3044/185
f 1503/2978/186 1497/2969/186 1538/3034/186
f 1503/2978/187 1545/3048/187 1534/3026/187
f 1507/2984/188 1534/3026/188 1536/3030/188
f 1510/2988/189 1536/3030/189 1532/3022/189
f 1513/2992/190 1532/3022/190 1531/3020/190
f 1515/2995/191 1531/3020/191 1533/3024/191
f 1519/3000/192 1533/3024/192 1535/3028/192
f 1522/3004/193 1535/3028/193 1537/3032/193
f 1525/3008/194 1537/3032/194 1539/3036/194
f 1528/3013/195 1527/3011/195 1539/3036/195
f 1529/3015/196 1528/3013/196 1544/3046/196
f 1530/3017/197 1529/3015/197 1542/3042/197
f 1352/2716/198 1530/3017/198 1540/3038/198
f 1528/3014/153 1529/3016/153 1530/3018/153
f 1530/3018/153 1352/2717/153 1361/2733/153
f 1361/2733/153 1373/2755/153 1383/2773/153
f 1383/2773/153 1393/2791/153 1402/2807/153
f 1402/2807/153 1414/2829/153 1421/2842/153
f 1421/2842/153 1431/2860/153 1441/2878/153
f 1441/2878/153 1447/2888/153 1454/2900/153
f 1454/2900/153 1463/2915/153 1469/2925/153
f 1469/2925/153 1476/2937/153 1479/2942/153
f 1479/2942/153 1483/2948/153 1489/2957/153
f 1489/2957/153 1492/2962/153 1497/2970/153
f 1497/2970/153 1503/2979/153 1507/2985/153
f 1507/2985/153 1510/2989/153 1513/2993/153
f 1513/2993/153 1515/2996/153 1519/3001/153
f 1519/3001/153 1522/3005/153 1525/3009/153
f 1525/3009/153 1527/3012/153 1528/3014/153
f 1528/3014/153 1530/3018/153 1361/2733/153
f 1361/2733/153 1383/2773/153 1402/2807/153
f 1402/2807/153 1421/2842/153 1441/2878/153
f 1441/2878/153 1454/2900/153 1469/2925/153
f 1469/2925/153 1479/2942/153 1489/2957/153
f 1489/2957/153 1497/2970/153 1507/2985/153
f 1507/2985/153 1513/2993/153 1519/3001/153
f 1519/3001/153 1525/3009/153 1528/3014/153
f 1528/3014/153 1361/2733/153 1402/2807/153
f 1402/2807/153 1441/2878/153 1469/2925/153
f 1469/2925/153 1489/2957/153 1507/2985/153
f 1507/2985/153 1519/3001/153 1528/3014/153
f 1528/3014/153 1402/2807/153 1469/2925/153
f 1356/2723/167 1351/2712/167 1595/3150/167
f 1364/2738/168 1356/2723/168 1581/3121/168
f 1368/2745/169 1364/2738/169 1585/3129/169
f 1375/2758/170 1368/2745/170 1583/3125/170
f 1375/2758/171 1594/3147/171 1587/3133/171
f 1382/2770/172 1587/3133/172 1592/3143/172
f 1389/2783/173 1592/3143/173 1590/3139/173
f 1396/2796/174 1590/3139/174 1588/3135/174
f 1405/2812/175 1588/3135/175 1589/3137/175
f 1409/2819/176 1589/3137/176 1591/3141/176
f 1418/2835/177 1591/3141/177 1586/3131/177
f 1425/2848/178 1586/3131/178 1593/3145/178
f 1439/2873/179 1430/2857/179 1593/3145/179
f 1443/2881/180 1439/2873/180 1582/3123/180
f 1448/2889/181 1443/2881/181 1584/3127/181
f 1453/2897/182 1448/2889/182 1580/3119/182
f 1457/2904/183 1453/2897/183 1596/3152/183
f 1462/2912/184 1457/2904/184 1574/3107/184
f 1466/2919/185 1462/2912/185 1576/3111/185
f 1471/2928/186 1466/2919/186 1572/3103/186
f 1471/2928/187 1578/3115/187 1568/3095/187
f 1475/2934/188 1568/3095/188 1570/3099/188
f 1477/2938/189 1570/3099/189 1565/3089/189
f 1481/2944/190 1565/3089/190 1564/3087/190
f 1484/2949/191 1564/3087/191 1567/3093/191
f 1567/3093/204 1566/3091/204 1571/3101/204
f 1571/3101/192 1490/2958/192 1487/2953/192
f 1490/2958/193 1571/3101/193 1569/3097/193
f 1493/2963/194 1569/3097/194 1579/3117/194
f 1498/2971/195 1496/2967/195 1579/3117/195
f 1502/2976/196 1498/2971/196 1573/3105/196
f 1504/2980/197 1502/2976/197 1577/3113/197
f 1351/2713/198 1504/2980/198 1575/3109/198
f 1502/2977/153 1504/2981/153 1351/2714/153
f 1351/2714/153 1356/2724/153 1364/2739/153
f 1364/2739/153 1368/2746/153 1375/2759/153
f 1375/2759/153 1382/2771/153 1389/2784/153
f 1389/2784/153 1396/2797/153 1405/2813/153
f 1405/2813/153 1409/2820/153 1418/2836/153
f 1418/2836/153 1425/2849/153 1430/2858/153
f 1430/2858/153 1439/2874/153 1443/2882/153
f 1443/2882/153 1448/2890/153 1453/2898/153
f 1453/2898/153 1457/2905/153 1462/2913/153
f 1462/2913/153 1466/2920/153 1471/2929/153
f 1471/2929/153 1475/2935/153 1477/2939/153
f 1477/2939/153 1481/2945/153 1484/2950/153
f 1484/2950/153 1487/2954/153 1490/2959/153
f 1490/2959/153 1493/2964/153 1496/2968/153
f 1496/2968/153 1498/2972/153 1502/2977/153
f 1502/2977/153 1351/2714/153 1364/2739/153
f 1364/2739/153 1375/2759/153 1389/2784/153
f 1389/2784/153 1405/2813/153 1418/2836/153
f 1418/2836/153 1430/2858/153 1443/2882/153
f 1443/2882/153 1453/2898/153 1462/2913/153
f 1462/2913/153 1471/2929/153 1477/2939/153
f 1477/2939/153 1484/2950/153 1490/2959/153
f 1490/2959/153 1496/2968/153 1502/2977/153
f 1502/2977/153 1364/2739/153 1389/2784/153
f 1389/2784/153 1418/2836/153 1443/2882/153
f 1443/2882/153 1462/2913/153 1477/2939/153
f 1477/2939/153 1490/2959/153 1502/2977/153
f 1502/2977/153 1389/2784/153 1443/2882/153
f 1354/2720/167 1349/2707/167 1629/3219/167
f 1358/2727/168 1354/2720/168 1613/3186/168
f 1363/2736/169 1358/2727/169 1617/3194/169
f 1367/2743/170 1363/2736/170 1615/3190/170
f 1367/2743/171 1626/3212/171 1619/3198/171
f 1372/2752/172 1619/3198/172 1624/3208/172
f 1376/2760/173 1624/3208/173 1621/3202/173
f 1381/2768/174 1621/3202/174 1620/3200/174
f 1385/2776/175 1620/3200/175 1622/3204/175
f 1623/3206/176 1625/3210/176 1394/2792/176
f 1394/2792/176 1388/2781/176 1622/3204/176
f 1394/2792/177 1625/3210/177 1618/3196/177
f 1399/2801/178 1618/3196/178 1628/3216/178
f 1408/2817/179 1403/2808/179 1628/3216/179
f 1412/2824/180 1408/2817/180 1614/3188/180
f 1415/2830/181 1412/2824/181 1616/3192/181
f 1420/2839/182 1415/2830/182 1612/3184/182
f 1424/2846/183 1420/2839/183 1627/3214/183
f 1429/2855/184 1424/2846/184 1607/3174/184
f 1434/2864/185 1429/2855/185 1609/3178/185
f 1438/2871/186 1434/2864/186 1604/3168/186
f 1438/2871/187 1611/3182/187 1600/3160/187
f 1442/2879/188 1600/3160/188 1602/3164/188
f 1446/2885/189 1602/3164/189 1598/3156/189
f 1449/2891/190 1598/3156/190 1597/3154/190
f 1451/2894/191 1597/3154/191 1599/3158/191
f 1455/2901/192 1599/3158/192 1603/3166/192
f 1458/2906/193 1603/3166/193 1601/3162/193
f 1461/2910/194 1601/3162/194 1610/3180/194
f 1467/2921/195 1464/2916/195 1610/3180/195
f 1470/2926/196 1467/2921/196 1605/3170/196
f 1473/2931/197 1470/2926/197 1608/3176/197
f 1349/2708/198 1473/2931/198 1606/3172/198
f 1467/2922/153 1470/2927/153 1473/2932/153
f 1473/2932/153 1349/2709/153 1354/2721/153
f 1354/2721/153 1358/2728/153 1363/2737/153
f 1363/2737/153 1367/2744/153 1372/2753/153
f 1372/2753/153 1376/2761/153 1381/2769/153
f 1381/2769/153 1385/2777/153 1388/2782/153
f 1388/2782/153 1394/2793/153 1399/2802/153
f 1399/2802/153 1403/2809/153 1408/2818/153
f 1408/2818/153 1412/2825/153 1415/2831/153
f 1415/2831/153 1420/2840/153 1424/2847/153
f 1424/2847/153 1429/2856/153 1434/2865/153
f 1434/2865/153 1438/2872/153 1442/2880/153
f 1442/2880/153 1446/2886/153 1449/2892/153
f 1449/2892/153 1451/2895/153 1455/2902/153
f 1455/2902/153 1458/2907/153 1461/2911/153
f 1461/2911/153 1464/2917/153 1467/2922/153
f 1467/2922/153 1473/2932/153 1354/2721/153
f 1354/2721/153 1363/2737/153 1372/2753/153
f 1372/2753/153 1381/2769/153 1388/2782/153
f 1388/2782/153 1399/2802/153 1408/2818/153
f 1408/2818/153 1415/2831/153 1424/2847/153
f 1424/2847/153 1434/2865/153 1442/2880/153
f 1442/2880/153 1449/2892/153 1455/2902/153
f 1455/2902/153 1461/2911/153 1467/2922/153
f 1467/2922/153 1354/2721/153 1372/2753/153
f 1372/2753/153 1388/2782/153 1408/2818/153
f 1408/2818/153 1424/2847/153 1442/2880/153
f 1442/2880/153 1455/2902/153 1467/2922/153
f 1467/2922/153 1372/2753/153 1408/2818/153
f 1649/3259/167 1648/3257/167 1350/2710/167
f 1350/2710/167 1348/2704/167 1654/3270/167
f 1353/2718/168 1350/2710/168 1648/3257/168
f 1357/2725/169 1353/2718/169 1650/3261/169
f 1360/2730/170 1357/2725/170 1652/3265/170
f 1360/2730/171 1663/3288/171 1656/3274/171
f 1362/2734/172 1656/3274/172 1661/3284/172
f 1366/2741/173 1661/3284/173 1658/3278/173
f 1369/2747/174 1658/3278/174 1657/3276/174
f 1371/2750/175 1657/3276/175 1659/3280/175
f 1374/2756/176 1659/3280/176 1660/3282/176
f 1378/2763/177 1660/3282/177 1655/3272/177
f 1380/2766/178 1655/3272/178 1662/3286/178
f 1386/2778/179 1384/2774/179 1662/3286/179
f 1390/2785/180 1386/2778/180 1651/3263/180
f 1392/2788/181 1390/2785/181 1653/3267/181
f 1395/2794/182 1392/2788/182 1647/3255/182
f 1398/2799/183 1395/2794/183 1644/3249/183
f 1401/2804/184 1398/2799/184 1640/3241/184
f 1404/2810/185 1401/2804/185 1642/3245/185
f 1407/2815/186 1404/2810/186 1638/3237/186
f 1407/2815/187 1645/3251/187 1634/3229/187
f 1410/2821/188 1634/3229/188 1636/3233/188
f 1632/3225/189 1417/2833/189 1413/2826/189
f 1413/2826/189 1636/3233/189 1631/3223/189
f 1417/2833/190 1632/3225/190 1630/3221/190
f 1419/2837/191 1630/3221/191 1633/3227/191
f 1422/2843/192 1633/3227/192 1637/3235/192
f 1426/2850/193 1637/3235/193 1635/3231/193
f 1428/2853/194 1635/3231/194 1646/3253/194
f 1435/2866/195 1432/2861/195 1646/3253/195
f 1437/2869/196 1435/2866/196 1639/3239/196
f 1440/2875/197 1437/2869/197 1643/3247/197
f 1348/2705/198 1440/2875/198 1641/3243/198
f 1437/2870/153 1440/2876/153 1348/2706/153
f 1348/2706/153 1350/2711/153 1353/2719/153
f 1353/2719/153 1357/2726/153 1360/2731/153
f 1360/2731/153 1362/2735/153 1366/2742/153
f 1366/2742/153 1369/2748/153 1371/2751/153
f 1371/2751/153 1374/2757/153 1378/2764/153
f 1378/2764/153 1380/2767/153 1384/2775/153
f 1384/2775/153 1386/2779/153 1390/2786/153
f 1390/2786/153 1392/2789/153 1395/2795/153
f 1395/2795/153 1398/2800/153 1401/2805/153
f 1401/2805/153 1404/2811/153 1407/2816/153
f 1407/2816/153 1410/2822/153 1413/2827/153
f 1413/2827/153 1417/2834/153 1419/2838/153
f 1419/2838/153 1422/2844/153 1426/2851/153
f 1426/2851/153 1428/2854/153 1432/2862/153
f 1432/2862/153 1435/2867/153 1437/2870/153
f 1437/2870/153 1348/2706/153 1353/2719/153
f 1353/2719/153 1360/2731/153 1366/2742/153
f 1366/2742/153 1371/2751/153 1378/2764/153
f 1378/2764/153 1384/2775/153 1390/2786/153
f 1390/2786/153 1395/2795/153 1401/2805/153
f 1401/2805/153 1407/2816/153 1413/2827/153
f 1413/2827/153 1419/2838/153 1426/2851/153
f 1426/2851/153 1432/2862/153 1437/2870/153
f 1437/2870/153 1353/2719/153 1366/2742/153
f 1366/2742/153 1378/2764/153 1390/2786/153
f 1390/2786/153 1401/2805/153 1413/2827/153
f 1413/2827/153 1426/2851/153 1437/2870/153
f 1437/2870/153 1366/2742/153 1390/2786/153
o SSD1306
v -0.013650 0.036100 0.041400
v -0.011000 0.042000 0.042700
v -0.013650 0.063900 0.041400
v -0.011000 0.058000 0.042700
v -0.013650 0.036100 0.038600
v -0.006000 0.061400 0.030000
v -0.013650 0.063900 0.038600
v 0.011000 0.042000 0.042700
v -0.006000 0.062400 0.030000
v 0.011000 0.058000 0.042700
v 0.013650 0.036100 0.041400
v 0.013650 0.063900 0.041400
v 0.013650 0.036100 0.038600
v 0.006000 0.061400 0.030000
v 0.013650 0.063900 0.038600
v 0.006000 0.062400 0.030000
v -0.006000 0.061400 0.038600
v -0.006000 0.062400 0.038600
v 0.006000 0.062400 0.038600
v 0.006000 0.061400 0.038600
v 0.011455 0.060919 0.038600
v 0.011267 0.060976 0.038600
v 0.011094 0.061069 0.038600
v 0.011845 0.060919 0.038600
v 0.012206 0.061069 0.038600
v 0.012033 0.060976 0.038600
v 0.011650 0.060900 0.038600
v 0.012481 0.061344 0.038600
v 0.012481 0.062456 0.038600
v 0.012650 0.061900 0.038600
v 0.012631 0.061705 0.038600
v 0.012631 0.062095 0.038600
v 0.012574 0.061517 0.038600
v 0.012574 0.062283 0.038600
v 0.012357 0.061193 0.038600
v 0.010650 0.061900 0.038600
v 0.010669 0.061705 0.038600
v 0.010669 0.062095 0.038600
v 0.010819 0.061344 0.038600
v 0.010819 0.062456 0.038600
v 0.010943 0.061193 0.038600
v 0.010726 0.061517 0.038600
v 0.010726 0.062283 0.038600
v 0.010943 0.062607 0.038600
v 0.011094 0.062731 0.038600
v 0.011455 0.062881 0.038600
v 0.011267 0.062824 0.038600
v 0.012033 0.062824 0.038600
v 0.011845 0.062881 0.038600
v 0.012357 0.062607 0.038600
v 0.012206 0.062731 0.038600
v 0.011650 0.062900 0.038600
v 0.010650 0.061900 0.041400
v 0.010669 0.061705 0.041400
v 0.010669 0.062095 0.041400
v 0.010819 0.061344 0.041400
v 0.010819 0.062456 0.041400
v 0.010726 0.061517 0.041400
v 0.010726 0.062283 0.041400
v 0.011094 0.061069 0.041400
v 0.011094 0.062731 0.041400
v 0.011455 0.060919 0.041400
v 0.011455 0.062881 0.041400
v 0.011267 0.060976 0.041400
v 0.011267 0.062824 0.041400
v 0.010943 0.061193 0.041400
v 0.010943 0.062607 0.041400
v 0.011845 0.060919 0.041400
v 0.011845 0.062881 0.041400
v 0.012206 0.061069 0.041400
v 0.012206 0.062731 0.041400
v 0.012033 0.060976 0.041400
v 0.012033 0.062824 0.041400
v 0.012481 0.061344 0.041400
v 0.012481 0.062456 0.041400
v 0.012650 0.061900 0.041400
v 0.012631 0.061705 0.041400
v 0.012631 0.062095 0.041400
v 0.012574 0.061517 0.041400
v 0.012574 0.062283 0.041400
v 0.012357 0.061193 0.041400
v 0.012357 0.062607 0.041400
v 0.011650 0.062900 0.041400
v 0.011650 0.060900 0.041400
v 0.010650 0.038100 0.038600
v 0.010669 0.037905 0.038600
v 0.010669 0.038295 0.038600
v 0.010819 0.037544 0.038600
v 0.010819 0.038656 0.038600
v 0.010943 0.037393 0.038600
v 0.010726 0.037717 0.038600
v 0.010726 0.038483 0.038600
v 0.010943 0.038807 0.038600
v 0.011094 0.037269 0.038600
v 0.011455 0.037119 0.038600
v 0.011267 0.037176 0.038600
v 0.012033 0.037176 0.038600
v 0.011845 0.037119 0.038600
v 0.012357 0.037393 0.038600
v 0.012206 0.037269 0.038600
v 0.011650 0.037100 0.038600
v 0.011094 0.038931 0.038600
v 0.011267 0.039024 0.038600
v 0.012481 0.037544 0.038600
v 0.011650 0.039100 0.038600
v 0.011455 0.039081 0.038600
v 0.012206 0.038931 0.038600
v 0.012033 0.039024 0.038600
v 0.011845 0.039081 0.038600
v 0.012357 0.038807 0.038600
v 0.012481 0.038656 0.038600
v 0.012650 0.038100 0.038600
v 0.012631 0.037905 0.038600
v 0.012631 0.038295 0.038600
v 0.012574 0.037717 0.038600
v 0.012574 0.038483 0.038600
v 0.010650 0.038100 0.041400
v 0.010669 0.038295 0.041400
v 0.010669 0.037905 0.041400
v 0.010819 0.037544 0.041400
v 0.010819 0.038656 0.041400
v 0.010943 0.037393 0.041400
v 0.010726 0.037717 0.041400
v 0.010726 0.038483 0.041400
v 0.010943 0.038807 0.041400
v 0.011094 0.037269 0.041400
v 0.011455 0.037119 0.041400
v 0.011267 0.037176 0.041400
v 0.012033 0.037176 0.041400
v 0.011845 0.037119 0.041400
v 0.012357 0.037393 0.041400
v 0.012206 0.037269 0.041400
v 0.011650 0.037100 0.041400
v 0.011267 0.039024 0.041400
v 0.011094 0.038931 0.041400
v 0.011455 0.039081 0.041400
v 0.011650 0.039100 0.041400
v 0.012206 0.038931 0.041400
v 0.012033 0.039024 0.041400
v 0.011845 0.039081 0.041400
v 0.012481 0.037544 0.041400
v 0.012481 0.038656 0.041400
v 0.012650 0.038100 0.041400
v 0.012631 0.038295 0.041400
v 0.012631 0.037905 0.041400
v 0.012574 0.038483 0.041400
v 0.012574 0.037717 0.041400
v 0.012357 0.038807 0.041400
v -0.012650 0.061900 0.038600
v -0.012631 0.061705 0.038600
v -0.012631 0.062095 0.038600
v -0.012574 0.061517 0.038600
v -0.012481 0.062456 0.038600
v -0.012481 0.061344 0.038600
v -0.012574 0.062283 0.038600
v -0.012357 0.061193 0.038600
v -0.012206 0.062731 0.038600
v -0.011845 0.060919 0.038600
v -0.012033 0.060976 0.038600
v -0.011845 0.062881 0.038600
v -0.012206 0.061069 0.038600
v -0.012033 0.062824 0.038600
v -0.012357 0.062607 0.038600
v -0.011455 0.060919 0.038600
v -0.011455 0.062881 0.038600
v -0.011094 0.061069 0.038600
v -0.011094 0.062731 0.038600
v -0.011267 0.060976 0.038600
v -0.011267 0.062824 0.038600
v -0.010819 0.061344 0.038600
v -0.010819 0.062456 0.038600
v -0.010650 0.061900 0.038600
v -0.010669 0.062095 0.038600
v -0.010669 0.061705 0.038600
v -0.010726 0.062283 0.038600
v -0.010726 0.061517 0.038600
v -0.010943 0.062607 0.038600
v -0.010943 0.061193 0.038600
v -0.011650 0.060900 0.038600
v -0.011650 0.062900 0.038600
v -0.012650 0.061900 0.041400
v -0.012631 0.061705 0.041400
v -0.012631 0.062095 0.041400
v -0.012481 0.061344 0.041400
v -0.012574 0.062283 0.041400
v -0.012574 0.061517 0.041400
v -0.012481 0.062456 0.041400
v -0.012206 0.061069 0.041400
v -0.012357 0.062607 0.041400
v -0.011845 0.062881 0.041400
v -0.011845 0.060919 0.041400
v -0.012033 0.062824 0.041400
v -0.012033 0.060976 0.041400
v -0.012206 0.062731 0.041400
v -0.012357 0.061193 0.041400
v -0.011455 0.060919 0.041400
v -0.011455 0.062881 0.041400
v -0.011094 0.061069 0.041400
v -0.011094 0.062731 0.041400
v -0.011267 0.060976 0.041400
v -0.011267 0.062824 0.041400
v -0.010819 0.061344 0.041400
v -0.010819 0.062456 0.041400
v -0.010650 0.061900 0.041400
v -0.010669 0.062095 0.041400
v -0.010669 0.061705 0.041400
v -0.010726 0.062283 0.041400
v -0.010726 0.061517 0.041400
v -0.010943 0.062607 0.041400
v -0.010943 0.061193 0.041400
v -0.011650 0.060900 0.041400
v -0.011650 0.062900 0.041400
v -0.012357 0.037393 0.038600
v -0.012481 0.037544 0.038600
v -0.012206 0.037269 0.038600
v -0.012033 0.037176 0.038600
v -0.011845 0.037119 0.038600
v -0.011650 0.037100 0.038600
v -0.011267 0.037176 0.038600
v -0.011455 0.037119 0.038600
v -0.011267 0.039024 0.038600
v -0.010819 0.037544 0.038600
v -0.010819 0.038656 0.038600
v -0.010943 0.037393 0.038600
v -0.010943 0.038807 0.038600
v -0.010650 0.038100 0.038600
v -0.010669 0.038295 0.038600
v -0.010726 0.037717 0.038600
v -0.010669 0.037905 0.038600
v -0.010726 0.038483 0.038600
v -0.011094 0.038931 0.038600
v -0.011094 0.037269 0.038600
v -0.012650 0.038100 0.038600
v -0.012631 0.037905 0.038600
v -0.012631 0.038295 0.038600
v -0.012574 0.037717 0.038600
v -0.012481 0.038656 0.038600
v -0.012574 0.038483 0.038600
v -0.012033 0.039024 0.038600
v -0.012206 0.038931 0.038600
v -0.011650 0.039100 0.038600
v -0.011455 0.039081 0.038600
v -0.011845 0.039081 0.038600
v -0.012357 0.038807 0.038600
v -0.012357 0.037393 0.041400
v -0.012033 0.037176 0.041400
v -0.011845 0.037119 0.041400
v -0.012206 0.037269 0.041400
v -0.011455 0.037119 0.041400
v -0.011650 0.037100 0.041400
v -0.011094 0.037269 0.041400
v -0.011267 0.037176 0.041400
v -0.010943 0.038807 0.041400
v -0.010819 0.037544 0.041400
v -0.010819 0.038656 0.041400
v -0.010650 0.038100 0.041400
v -0.010669 0.037905 0.041400
v -0.010669 0.038295 0.041400
v -0.010726 0.038483 0.041400
v -0.010943 0.037393 0.041400
v -0.010726 0.037717 0.041400
v -0.012650 0.038100 0.041400
v -0.012631 0.037905 0.041400
v -0.012631 0.038295 0.041400
v -0.012481 0.037544 0.041400
v -0.012481 0.038656 0.041400
v -0.012574 0.037717 0.041400
v -0.012574 0.038483 0.041400
v -0.012206 0.038931 0.041400
v -0.011845 0.039081 0.041400
v -0.012033 0.039024 0.041400
v -0.011455 0.039081 0.041400
v -0.011094 0.038931 0.041400
v -0.011267 0.039024 0.041400
v -0.011650 0.039100 0.041400
v -0.012357 0.038807 0.041400
v 0.010830 0.058000 0.041400
v 0.011000 0.054081 0.041400
v 0.011000 0.058000 0.041400
v -0.011000 0.058000 0.041400
v -0.011000 0.042000 0.041400
v 0.011000 0.042000 0.041400
vn -1.0000 -0.0000 -0.0000
vn -0.0000 -0.0000 -1.0000
vn 1.0000 -0.0000 -0.0000
vn -0.0000 -0.0000 1.0000
vn -0.0000 -1.0000 -0.0000
vn -0.0000 1.0000 -0.0000
vn -0.0980 -0.9952 -0.0000
vn -0.2903 -0.9569 -0.0000
vn -0.4714 -0.8819 -0.0000
vn -0.6344 -0.7730 -0.0000
vn -0.7730 -0.6344 -0.0000
vn -0.8819 -0.4714 -0.0000
vn -0.9569 -0.2903 -0.0000
vn -0.9952 -0.0980 -0.0000
vn -0.9952 0.0980 -0.0000
vn -0.9569 0.2903 -0.0000
vn -0.8819 0.4714 -0.0000
vn -0.7730 0.6344 -0.0000
vn -0.6344 0.7730 -0.0000
vn -0.4714 0.8819 -0.0000
vn -0.2903 0.9569 -0.0000
vn -0.0980 0.9952 -0.0000
vn 0.0980 0.9952 -0.0000
vn 0.2903 0.9569 -0.0000
vn 0.4714 0.8819 -0.0000
vn 0.6344 0.7730 -0.0000
vn 0.7730 0.6344 -0.0000
vn 0.8819 0.4714 -0.0000
vn 0.9569 0.2903 -0.0000
vn 0.9952 0.0980 -0.0000
vn 0.9952 -0.0980 -0.0000
vn 0.9569 -0.2903 -0.0000
vn 0.8819 -0.4714 -0.0000
vn 0.7730 -0.6344 -0.0000
vn 0.6344 -0.7730 -0.0000
vn 0.4714 -0.8819 -0.0000
vn 0.2903 -0.9569 -0.0000
vn 0.0980 -0.9952 -0.0000
vt 0.000000 0.000000
vt 0.000000 0.000000
vt 0.000000 0.000000
vt 0.000000 0.000000
vt 0.000000 0.000000
vt 0.000000 0.000000
vt 0.000000 0.000000
vt 0.000000 0.000000
vt 0.000000 0.000000
vt 0.000000 0.000000
vt 0.000000 0.000000
vt 0.000000 0.000000
vt 0.000000 0.000000
vt 0.000000 0.000000
vt 0.000000 0.000000
vt 0.000000 0.000000
vt 0.000000 0.000000
vt 0.000000 0.000000
vt 0.000000 0.000000
vt 0.000000 0.000000
vt 0.000000 0.000000
vt 0.468750 0.680000
vt 0.000000 0.000000
vt 0.437500 0.680000
vt 0.000000 0.000000
vt 0.406250 0.680000
vt 0.000000 0.000000
vt 0.531250 0.680000
vt 0.000000 0.000000
vt 0.593750 0.680000
vt 0.000000 0.000000
vt 0.562500 0.680000
vt 0.000000 0.000000
vt 0.500000 0.680000
vt 0.000000 0.000000
vt 0.656250 0.680000
vt 0.000000 0.000000
vt 0.843750 0.680000
vt 0.000000 0.000000
vt 0.750000 0.680000
vt 0.000000 0.000000
vt 0.718750 0.680000
vt 0.000000 0.000000
vt 0.781250 0.680000
vt 0.000000 0.000000
vt 0.687500 0.680000
vt 0.000000 0.000000
vt 0.812500 0.680000
vt 0.000000 0.000000
vt 0.625000 0.680000
vt 0.000000 0.000000
vt 0.250000 0.680000
vt 0.000000 0.000000
vt 0.281250 0.680000
vt 0.000000 0.000000
vt 0.218750 0.680000
vt 0.000000 0.000000
vt 0.343750 0.680000
vt 0.000000 0.000000
vt 0.156250 0.680000
vt 0.000000 0.000000
vt 0.375000 0.680000
vt 0.000000 0.000000
vt 0.312500 0.680000
vt 0.000000 0.000000
vt 0.187500 0.680000
vt 0.000000 0.000000
vt 0.125000 0.680000
vt 0.000000 0.000000
vt 0.093750 0.680000
vt 0.000000 0.000000
vt 0.031250 0.680000
vt 0.000000 0.000000
vt 0.062500 0.680000
vt 0.000000 0.000000
vt 0.937500 0.680000
vt 0.000000 0.000000
vt 0.968750 0.680000
vt 0.000000 0.000000
vt 0.875000 0.680000
vt 0.000000 0.000000
vt 0.906250 0.680000
vt 1.000000 0.680000
vt 0.000000 0.000000
vt 0.000000 0.680000
vt 0.000000 0.000000
vt 0.250000 0.820000
vt 0.000000 0.000000
vt 0.281250 0.820000
vt 0.000000 0.000000
vt 0.218750 0.820000
vt 0.000000 0.000000
vt 0.343750 0.820000
vt 0.000000 0.000000
vt 0.156250 0.820000
vt 0.000000 0.000000
vt 0.312500 0.820000
vt 0.000000 0.000000
vt 0.187500 0.820000
vt 0.000000 0.000000
vt 0.406250 0.820000
vt 0.000000 0.000000
vt 0.093750 0.820000
vt 0.000000 0.000000
vt 0.468750 0.820000
vt 0.000000 0.000000
vt 0.031250 0.820000
vt 0.000000 0.000000
vt 0.437500 0.820000
vt 0.000000 0.000000
vt 0.062500 0.820000
vt 0.000000 0.000000
vt 0.375000 0.820000
vt 0.000000 0.000000
vt 0.125000 0.820000
vt 0.000000 0.000000
vt 0.531250 0.820000
vt 0.000000 0.000000
vt 0.968750 0.820000
vt 0.000000 0.000000
vt 0.593750 0.820000
vt 0.000000 0.000000
vt 0.906250 0.820000
vt 0.000000 0.000000
vt 0.562500 0.820000
vt 0.000000 0.000000
vt 0.937500 0.820000
vt 0.000000 0.000000
vt 0.656250 0.820000
vt 0.000000 0.000000
vt 0.843750 0.820000
vt 0.000000 0.000000
vt 0.750000 0.820000
vt 0.000000 0.000000
vt 0.718750 0.820000
vt 0.000000 0.000000
vt 0.781250 0.820000
vt 0.000000 0.000000
vt 0.687500 0.820000
vt 0.000000 0.000000
vt 0.812500 0.820000
vt 0.000000 0.000000
vt 0.625000 0.820000
vt 0.000000 0.000000
vt 0.875000 0.820000
vt 0.000000 0.000000
vt 1.000000 0.820000
vt 0.000000 0.820000
vt 0.000000 0.000000
vt 0.500000 0.820000
vt 0.000000 0.000000
vt 0.250000 0.680000
vt 0.000000 0.000000
vt 0.281250 0.680000
vt 0.000000 0.000000
vt 0.218750 0.680000
vt 0.000000 0.000000
vt 0.343750 0.680000
vt 0.000000 0.000000
vt 0.156250 0.680000
vt 0.000000 0.000000
vt 0.375000 0.680000
vt 0.000000 0.000000
vt 0.312500 0.680000
vt 0.000000 0.000000
vt 0.187500 0.680000
vt 0.000000 0.000000
vt 0.125000 0.680000
vt 0.000000 0.000000
vt 0.406250 0.680000
vt 0.000000 0.000000
vt 0.468750 0.680000
vt 0.000000 0.000000
vt 0.437500 0.680000
vt 0.000000 0.000000
vt 0.562500 0.680000
vt 0.000000 0.000000
vt 0.531250 0.680000
vt 0.000000 0.000000
vt 0.625000 0.680000
vt 0.000000 0.000000
vt 0.593750 0.680000
vt 0.000000 0.000000
vt 0.500000 0.680000
vt 0.000000 0.000000
vt 0.093750 0.680000
vt 0.000000 0.000000
vt 0.062500 0.680000
vt 0.000000 0.000000
vt 0.656250 0.680000
vt 1.000000 0.680000
vt 0.000000 0.000000
vt 0.000000 0.680000
vt 0.000000 0.000000
vt 0.031250 0.680000
vt 0.000000 0.000000
vt 0.906250 0.680000
vt 0.000000 0.000000
vt 0.937500 0.680000
vt 0.000000 0.000000
vt 0.968750 0.680000
vt 0.000000 0.000000
vt 0.875000 0.680000
vt 0.000000 0.000000
vt 0.843750 0.680000
vt 0.000000 0.000000
vt 0.750000 0.680000
vt 0.000000 0.000000
vt 0.718750 0.680000
vt 0.000000 0.000000
vt 0.781250 0.680000
vt 0.000000 0.000000
vt 0.687500 0.680000
vt 0.000000 0.000000
vt 0.812500 0.680000
vt 0.000000 0.000000
vt 0.250000 0.820000
vt 0.000000 0.000000
vt 0.218750 0.820000
vt 0.000000 0.000000
vt 0.281250 0.820000
vt 0.000000 0.000000
vt 0.343750 0.820000
vt 0.000000 0.000000
vt 0.156250 0.820000
vt 0.000000 0.000000
vt 0.375000 0.820000
vt 0.000000 0.000000
vt 0.312500 0.820000
vt 0.000000 0.000000
vt 0.187500 0.820000
vt 0.000000 0.000000
vt 0.125000 0.820000
vt 0.000000 0.000000
vt 0.406250 0.820000
vt 0.000000 0.000000
vt 0.468750 0.820000
vt 0.000000 0.000000
vt 0.437500 0.820000
vt 0.000000 0.000000
vt 0.562500 0.820000
vt 0.000000 0.000000
vt 0.531250 0.820000
vt 0.000000 0.000000
vt 0.625000 0.820000
vt 0.000000 0.000000
vt 0.593750 0.820000
vt 0.000000 0.000000
vt 0.500000 0.820000
vt 0.000000 0.000000
vt 0.062500 0.820000
vt 0.000000 0.000000
vt 0.093750 0.820000
vt 0.000000 0.000000
vt 0.031250 0.820000
vt 0.000000 0.000000
vt 1.000000 0.820000
vt 0.000000 0.820000
vt 0.000000 0.000000
vt 0.906250 0.820000
vt 0.000000 0.000000
vt 0.937500 0.820000
vt 0.000000 0.000000
vt 0.968750 0.820000
vt 0.000000 0.000000
vt 0.656250 0.820000
vt 0.000000 0.000000
vt 0.843750 0.820000
vt 0.000000 0.000000
vt 0.750000 0.820000
vt 0.000000 0.000000
vt 0.781250 0.820000
vt 0.000000 0.000000
vt 0.718750 0.820000
vt 0.000000 0.000000
vt 0.812500 0.820000
vt 0.000000 0.000000
vt 0.687500 0.820000
vt 0.000000 0.000000
vt 0.875000 0.820000
vt 0.000000 0.000000
vt 0.250000 0.680000
vt 0.000000 0.000000
vt 0.281250 0.680000
vt 0.000000 0.000000
vt 0.218750 0.680000
vt 0.000000 0.000000
vt 0.312500 0.680000
vt 0.000000 0.000000
vt 0.156250 0.680000
vt 0.000000 0.000000
vt 0.343750 0.680000
vt 0.000000 0.000000
vt 0.187500 0.680000
vt 0.000000 0.000000
vt 0.375000 0.680000
vt 0.000000 0.000000
vt 0.093750 0.680000
vt 0.000000 0.000000
vt 0.468750 0.680000
vt 0.000000 0.000000
vt 0.437500 0.680000
vt 0.000000 0.000000
vt 0.031250 0.680000
vt 0.000000 0.000000
vt 0.406250 0.680000
vt 0.000000 0.000000
vt 0.062500 0.680000
vt 0.000000 0.000000
vt 0.125000 0.680000
vt 0.000000 0.000000
vt 0.531250 0.680000
vt 0.000000 0.000000
vt 0.968750 0.680000
vt 0.000000 0.000000
vt 0.593750 0.680000
vt 0.000000 0.000000
vt 0.906250 0.680000
vt 0.000000 0.000000
vt 0.562500 0.680000
vt 0.000000 0.000000
vt 0.937500 0.680000
vt 0.000000 0.000000
vt 0.656250 0.680000
vt 0.000000 0.000000
vt 0.843750 0.680000
vt 0.000000 0.000000
vt 0.750000 0.680000
vt 0.000000 0.000000
vt 0.781250 0.680000
vt 0.000000 0.000000
vt 0.718750 0.680000
vt 0.000000 0.000000
vt 0.812500 0.680000
vt 0.000000 0.000000
vt 0.687500 0.680000
vt 0.000000 0.000000
vt 0.875000 0.680000
vt 0.000000 0.000000
vt 0.625000 0.680000
vt 0.000000 0.000000
vt 0.500000 0.680000
vt 1.000000 0.680000
vt 0.000000 0.000000
vt 0.000000 0.680000
vt 0.000000 0.000000
vt 0.250000 0.820000
vt 0.000000 0.000000
vt 0.281250 0.820000
vt 0.000000 0.000000
vt 0.218750 0.820000
vt 0.000000 0.000000
vt 0.343750 0.820000
vt 0.000000 0.000000
vt 0.187500 0.820000
vt 0.000000 0.000000
vt 0.312500 0.820000
vt 0.000000 0.000000
vt 0.156250 0.820000
vt 0.000000 0.000000
vt 0.406250 0.820000
vt 0.000000 0.000000
vt 0.125000 0.820000
vt 0.000000 0.000000
vt 0.031250 0.820000
vt 0.000000 0.000000
vt 0.468750 0.820000
vt 0.000000 0.000000
vt 0.062500 0.820000
vt 0.000000 0.000000
vt 0.437500 0.820000
vt 0.000000 0.000000
vt 0.093750 0.820000
vt 0.000000 0.000000
vt 0.375000 0.820000
vt 0.000000 0.000000
vt 0.531250 0.820000
vt 0.000000 0.000000
vt 0.968750 0.820000
vt 0.000000 0.000000
vt 0.593750 0.820000
vt 0.000000 0.000000
vt 0.906250 0.820000
vt 0.000000 0.000000
vt 0.562500 0.820000
vt 0.000000 0.000000
vt 0.937500 0.820000
vt 0.000000 0.000000
vt 0.656250 0.820000
vt 0.000000 0.000000
vt 0.843750 0.820000
vt 0.000000 0.000000
vt 0.750000 0.820000
vt 0.000000 0.000000
vt 0.781250 0.820000
vt 0.000000 0.000000
vt 0.718750 0.820000
vt 0.000000 0.000000
vt 0.812500 0.820000
vt 0.000000 0.000000
vt 0.687500 0.820000
vt 0.000000 0.000000
vt 0.875000 0.820000
vt 0.000000 0.000000
vt 0.625000 0.820000
vt 0.000000 0.000000
vt 0.500000 0.820000
vt 0.000000 0.000000
vt 1.000000 0.820000
vt 0.000000 0.820000
vt 0.000000 0.000000
vt 0.375000 0.680000
vt 0.000000 0.000000
vt 0.343750 0.680000
vt 0.000000 0.000000
vt 0.406250 0.680000
vt 0.000000 0.000000
vt 0.437500 0.680000
vt 0.000000 0.000000
vt 0.468750 0.680000
vt 0.000000 0.000000
vt 0.500000 0.680000
vt 0.000000 0.000000
vt 0.562500 0.680000
vt 0.000000 0.000000
vt 0.531250 0.680000
vt 0.000000 0.000000
vt 0.937500 0.680000
vt 0.000000 0.000000
vt 0.656250 0.680000
vt 0.000000 0.000000
vt 0.843750 0.680000
vt 0.000000 0.000000
vt 0.625000 0.680000
vt 0.000000 0.000000
vt 0.875000 0.680000
vt 0.000000 0.000000
vt 0.750000 0.680000
vt 0.000000 0.000000
vt 0.781250 0.680000
vt 0.000000 0.000000
vt 0.687500 0.680000
vt 0.000000 0.000000
vt 0.718750 0.680000
vt 0.000000 0.000000
vt 0.812500 0.680000
vt 0.000000 0.000000
vt 0.906250 0.680000
vt 0.000000 0.000000
vt 0.593750 0.680000
vt 0.000000 0.000000
vt 0.250000 0.680000
vt 0.000000 0.000000
vt 0.281250 0.680000
vt 0.000000 0.000000
vt 0.218750 0.680000
vt 0.000000 0.000000
vt 0.312500 0.680000
vt 0.000000 0.000000
vt 0.156250 0.680000
vt 0.000000 0.000000
vt 0.187500 0.680000
vt 0.000000 0.000000
vt 0.062500 0.680000
vt 0.000000 0.000000
vt 0.093750 0.680000
vt 1.000000 0.680000
vt 0.000000 0.000000
vt 0.000000 0.680000
vt 0.000000 0.000000
vt 0.968750 0.680000
vt 0.000000 0.000000
vt 0.031250 0.680000
vt 0.000000 0.000000
vt 0.125000 0.680000
vt 0.000000 0.000000
vt 0.375000 0.820000
vt 0.000000 0.000000
vt 0.437500 0.820000
vt 0.000000 0.000000
vt 0.468750 0.820000
vt 0.000000 0.000000
vt 0.406250 0.820000
vt 0.000000 0.000000
vt 0.531250 0.820000
vt 0.000000 0.000000
vt 0.500000 0.820000
vt 0.000000 0.000000
vt 0.593750 0.820000
vt 0.000000 0.000000
vt 0.562500 0.820000
vt 0.000000 0.000000
vt 0.875000 0.820000
vt 0.000000 0.000000
vt 0.656250 0.820000
vt 0.000000 0.000000
vt 0.843750 0.820000
vt 0.000000 0.000000
vt 0.750000 0.820000
vt 0.000000 0.000000
vt 0.718750 0.820000
vt 0.000000 0.000000
vt 0.781250 0.820000
vt 0.000000 0.000000
vt 0.812500 0.820000
vt 0.000000 0.000000
vt 0.625000 0.820000
vt 0.000000 0.000000
vt 0.687500 0.820000
vt 0.000000 0.000000
vt 0.250000 0.820000
vt 0.000000 0.000000
vt 0.281250 0.820000
vt 0.000000 0.000000
vt 0.218750 0.820000
vt 0.000000 0.000000
vt 0.343750 0.820000
vt 0.000000 0.000000
vt 0.156250 0.820000
vt 0.000000 0.000000
vt 0.312500 0.820000
vt 0.000000 0.000000
vt 0.187500 0.820000
vt 0.000000 0.000000
vt 0.093750 0.820000
vt 0.000000 0.000000
vt 0.031250 0.820000
vt 0.000000 0.000000
vt 0.062500 0.820000
vt 0.000000 0.000000
vt 0.968750 0.820000
vt 0.000000 0.000000
vt 0.906250 0.820000
vt 0.000000 0.000000
vt 0.937500 0.820000
vt 0.000000 0.000000
vt 1.000000 0.820000
vt 0.000000 0.820000
vt 0.000000 0.000000
vt 0.125000 0.820000
vt 0.000000 0.000000
vt 0.000000 0.000000
vt 0.000000 0.000000
vt 0.000000 0.000000
vt 0.000000 0.000000
vt 0.000000 0.000000
s 0
usemtl Material.005
f 1666/3291/205 1668/3293/205 1664/3289/205
f 1683/3308/206 1678/3303/206 1710/3361/206
f 1768/3480/206 1702/3345/206 1704/3349/206
f 1670/3295/206 1681/3306/206 1832/3609/206
f 1892/3731/206 1752/3447/206 1755/3453/206
f 1837/3619/206 1680/3305/206 1769/3482/206
f 1678/3303/206 1681/3306/206 1670/3295/206
f 1678/3303/207 1674/3299/207 1676/3301/207
f 1727/3396/208 1723/3388/208 1942/3831/208
f 1943/3832/208 1873/3692/208 1861/3668/208
f 1787/3518/208 1784/3512/208 1920/3788/208
f 1717/3376/208 1860/3666/208 1864/3674/208
f 1675/3300/208 1666/3291/208 1728/3398/208
f 1676/3301/209 1664/3289/209 1668/3293/209
f 1670/3295/210 1675/3300/210 1678/3303/210
f 1712/3366/211 1746/3435/211 1715/3371/211
f 1711/3364/212 1732/3407/212 1712/3366/212
f 1714/3370/213 1736/3415/213 1711/3364/213
f 1713/3368/214 1734/3411/214 1714/3370/214
f 1738/3419/215 1713/3368/215 1692/3326/215
f 1692/3326/216 1743/3429/216 1738/3419/216
f 1697/3336/217 1741/3425/217 1743/3429/217
f 1695/3332/218 1739/3421/218 1741/3425/218
f 1693/3328/219 1740/3423/219 1739/3421/219
f 1694/3330/220 1742/3427/220 1740/3423/220
f 1696/3334/221 1737/3417/221 1742/3427/221
f 1691/3324/222 1744/3431/222 1737/3417/222
f 1698/3338/223 1733/3409/223 1744/3431/223
f 1688/3318/224 1735/3413/224 1733/3409/224
f 1689/3320/225 1731/3405/225 1735/3413/225
f 1687/3316/226 1747/3438/226 1731/3405/226
f 1690/3322/227 1725/3393/227 1747/3438/227
f 1684/3310/228 1727/3397/228 1725/3393/228
f 1685/3312/229 1723/3389/229 1727/3397/229
f 1686/3314/230 1729/3401/230 1723/3389/230
f 1702/3346/231 1729/3401/231 1704/3350/231
f 1705/3352/232 1719/3381/232 1702/3346/232
f 1700/3342/233 1721/3385/233 1705/3352/233
f 1699/3340/234 1717/3377/234 1700/3342/234
f 1701/3344/235 1716/3375/235 1699/3340/235
f 1706/3354/236 1718/3379/236 1701/3344/236
f 1703/3348/237 1722/3387/237 1706/3354/237
f 1707/3356/238 1720/3383/238 1703/3348/238
f 1708/3358/239 1730/3403/239 1707/3356/239
f 1710/3362/240 1724/3391/240 1708/3358/240
f 1709/3360/241 1728/3399/241 1710/3362/241
f 1715/3373/242 1726/3395/242 1709/3360/242
f 1772/3489/211 1800/3545/211 1768/3479/211
f 1771/3487/212 1803/3552/212 1772/3489/212
f 1770/3485/213 1802/3550/213 1771/3487/213
f 1773/3491/214 1801/3548/214 1770/3485/214
f 1773/3491/215 1805/3556/215 1811/3568/215
f 1774/3493/216 1809/3564/216 1805/3556/216
f 1779/3503/217 1807/3560/217 1809/3564/217
f 1777/3499/218 1806/3558/218 1807/3560/218
f 1775/3495/219 1808/3562/219 1806/3558/219
f 1776/3497/220 1810/3566/220 1808/3562/220
f 1778/3501/221 1804/3554/221 1810/3566/221
f 1767/3478/222 1794/3533/222 1804/3554/222
f 1762/3468/223 1795/3535/223 1794/3533/223
f 1763/3470/224 1792/3529/224 1795/3535/224
f 1760/3464/225 1793/3531/225 1792/3529/225
f 1761/3466/226 1796/3537/226 1793/3531/226
f 1764/3472/227 1790/3525/227 1796/3537/227
f 1758/3460/228 1791/3527/228 1790/3525/228
f 1759/3462/229 1789/3523/229 1791/3527/229
f 1757/3458/230 1785/3515/230 1789/3523/230
f 1751/3446/231 1785/3515/231 1753/3450/231
f 1754/3452/232 1783/3511/232 1751/3446/232
f 1749/3442/233 1786/3517/233 1754/3452/233
f 1748/3440/234 1782/3509/234 1749/3442/234
f 1750/3444/235 1780/3505/235 1748/3440/235
f 1755/3454/236 1781/3507/236 1750/3444/236
f 1752/3448/237 1787/3519/237 1755/3454/237
f 1756/3456/238 1784/3513/238 1752/3448/238
f 1765/3474/239 1788/3521/239 1756/3456/239
f 1766/3476/240 1798/3541/240 1765/3474/240
f 1769/3483/241 1797/3539/241 1766/3476/241
f 1768/3481/242 1799/3543/242 1769/3483/242
f 1828/3602/211 1875/3697/211 1843/3631/211
f 1832/3610/212 1860/3667/212 1828/3602/212
f 1830/3606/213 1864/3675/213 1832/3610/213
f 1840/3626/214 1862/3671/214 1830/3606/214
f 1840/3626/215 1866/3679/215 1872/3691/215
f 1834/3614/216 1870/3687/216 1866/3679/216
f 1838/3622/217 1868/3683/217 1870/3687/217
f 1836/3618/218 1867/3681/218 1868/3683/218
f 1835/3616/219 1869/3685/219 1867/3681/219
f 1837/3620/220 1871/3689/220 1869/3685/220
f 1839/3624/221 1865/3677/221 1871/3689/221
f 1833/3612/222 1873/3693/222 1865/3677/222
f 1841/3628/223 1861/3669/223 1873/3693/223
f 1829/3604/224 1863/3673/224 1861/3669/224
f 1831/3608/225 1859/3665/225 1863/3673/225
f 1827/3600/226 1874/3695/226 1859/3665/226
f 1842/3630/227 1854/3655/227 1874/3695/227
f 1821/3588/228 1856/3659/228 1854/3655/228
f 1822/3590/229 1851/3649/229 1856/3659/229
f 1824/3594/230 1858/3663/230 1851/3649/230
f 1817/3580/231 1858/3663/231 1819/3584/231
f 1815/3576/232 1847/3641/232 1817/3580/232
f 1813/3572/233 1849/3645/233 1815/3576/233
f 1812/3570/234 1845/3637/234 1813/3572/234
f 1814/3574/235 1844/3635/235 1812/3570/235
f 1818/3582/236 1846/3639/236 1814/3574/236
f 1816/3578/237 1848/3643/237 1818/3582/237
f 1826/3598/238 1850/3647/238 1816/3578/238
f 1820/3586/239 1852/3651/239 1826/3598/239
f 1825/3596/240 1857/3661/240 1820/3586/240
f 1823/3592/241 1855/3657/241 1825/3596/241
f 1843/3633/242 1853/3653/242 1823/3592/242
f 1905/3759/211 1938/3825/211 1904/3755/211
f 1884/3716/212 1935/3819/212 1905/3759/212
f 1894/3736/213 1937/3823/213 1884/3716/213
f 1888/3724/214 1936/3821/214 1894/3736/214
f 1888/3724/215 1918/3785/215 1916/3781/215
f 1886/3720/216 1922/3793/216 1918/3785/216
f 1893/3734/217 1921/3791/217 1922/3793/217
f 1890/3728/218 1919/3787/218 1921/3791/218
f 1889/3726/219 1920/3789/219 1919/3787/219
f 1892/3732/220 1924/3797/220 1920/3789/220
f 1891/3730/221 1917/3783/221 1924/3797/221
f 1885/3718/222 1923/3795/222 1917/3783/222
f 1887/3722/223 1914/3777/223 1923/3795/223
f 1895/3738/224 1915/3779/224 1914/3777/224
f 1882/3712/225 1912/3773/225 1915/3779/225
f 1883/3714/226 1913/3775/226 1912/3773/226
f 1881/3710/227 1910/3769/227 1913/3775/227
f 1880/3708/228 1909/3767/228 1910/3769/228
f 1879/3706/229 1911/3771/229 1909/3767/229
f 1878/3704/230 1908/3765/230 1911/3771/230
f 1876/3700/231 1928/3805/231 1908/3765/231
f 1899/3746/232 1928/3805/232 1877/3702/232
f 1897/3742/233 1930/3809/233 1899/3746/233
f 1896/3740/234 1926/3801/234 1897/3742/234
f 1898/3744/235 1925/3799/235 1896/3740/235
f 1901/3750/236 1927/3803/236 1898/3744/236
f 1900/3748/237 1931/3811/237 1901/3750/237
f 1907/3763/238 1929/3807/238 1900/3748/238
f 1903/3754/239 1939/3828/239 1907/3763/239
f 1902/3752/240 1932/3813/240 1903/3754/240
f 1906/3761/241 1934/3817/241 1902/3752/241
f 1904/3757/242 1933/3815/242 1906/3761/242
f 1667/3292/205 1944/3833/205 1665/3290/205
f 1673/3298/207 1945/3834/207 1941/3830/207
f 1665/3290/209 1945/3834/209 1671/3296/209
f 1667/3292/210 1942/3831/210 1940/3829/210
f 1666/3291/205 1670/3295/205 1668/3293/205
f 1701/3343/206 1699/3339/206 1683/3308/206
f 1683/3308/206 1682/3307/206 1678/3303/206
f 1678/3303/206 1713/3367/206 1714/3369/206
f 1678/3303/206 1714/3369/206 1711/3363/206
f 1706/3353/206 1701/3343/206 1683/3308/206
f 1703/3347/206 1706/3353/206 1683/3308/206
f 1678/3303/206 1711/3363/206 1712/3365/206
f 1678/3303/206 1712/3365/206 1715/3372/206
f 1707/3355/206 1703/3347/206 1683/3308/206
f 1708/3357/206 1707/3355/206 1683/3308/206
f 1678/3303/206 1715/3372/206 1709/3359/206
f 1710/3361/206 1708/3357/206 1683/3308/206
f 1678/3303/206 1709/3359/206 1710/3361/206
f 1692/3325/206 1713/3367/206 1678/3303/206
f 1676/3301/206 1762/3467/206 1767/3477/206
f 1676/3301/206 1767/3477/206 1778/3500/206
f 1697/3335/206 1692/3325/206 1678/3303/206
f 1695/3331/206 1697/3335/206 1678/3303/206
f 1676/3301/206 1778/3500/206 1776/3496/206
f 1676/3301/206 1776/3496/206 1775/3494/206
f 1693/3327/206 1695/3331/206 1678/3303/206
f 1694/3329/206 1693/3327/206 1678/3303/206
f 1678/3303/206 1676/3301/206 1775/3494/206
f 1678/3303/206 1775/3494/206 1777/3498/206
f 1696/3333/206 1694/3329/206 1678/3303/206
f 1696/3333/206 1678/3303/206 1777/3498/206
f 1696/3333/206 1777/3498/206 1779/3502/206
f 1691/3323/206 1696/3333/206 1779/3502/206
f 1691/3323/206 1779/3502/206 1774/3492/206
f 1698/3337/206 1691/3323/206 1774/3492/206
f 1698/3337/206 1774/3492/206 1773/3490/206
f 1688/3317/206 1698/3337/206 1773/3490/206
f 1688/3317/206 1773/3490/206 1770/3484/206
f 1689/3319/206 1688/3317/206 1770/3484/206
f 1689/3319/206 1770/3484/206 1771/3486/206
f 1687/3315/206 1689/3319/206 1771/3486/206
f 1687/3315/206 1771/3486/206 1772/3488/206
f 1690/3321/206 1687/3315/206 1772/3488/206
f 1768/3480/206 1769/3482/206 1683/3308/206
f 1690/3321/206 1772/3488/206 1768/3480/206
f 1684/3309/206 1690/3321/206 1768/3480/206
f 1768/3480/206 1683/3308/206 1699/3339/206
f 1768/3480/206 1699/3339/206 1700/3341/206
f 1685/3311/206 1684/3309/206 1768/3480/206
f 1686/3313/206 1685/3311/206 1768/3480/206
f 1768/3480/206 1700/3341/206 1705/3351/206
f 1768/3480/206 1705/3351/206 1702/3345/206
f 1704/3349/206 1686/3313/206 1768/3480/206
f 1820/3585/206 1826/3597/206 1670/3295/206
f 1681/3306/206 1835/3615/206 1836/3617/206
f 1681/3306/206 1836/3617/206 1838/3621/206
f 1825/3595/206 1820/3585/206 1670/3295/206
f 1823/3591/206 1825/3595/206 1670/3295/206
f 1681/3306/206 1838/3621/206 1834/3613/206
f 1681/3306/206 1834/3613/206 1840/3625/206
f 1843/3632/206 1823/3591/206 1670/3295/206
f 1828/3601/206 1843/3632/206 1670/3295/206
f 1681/3306/206 1840/3625/206 1830/3605/206
f 1832/3609/206 1828/3601/206 1670/3295/206
f 1681/3306/206 1830/3605/206 1832/3609/206
f 1763/3469/206 1762/3467/206 1676/3301/206
f 1668/3293/206 1876/3699/206 1878/3703/206
f 1668/3293/206 1878/3703/206 1879/3705/206
f 1760/3463/206 1763/3469/206 1676/3301/206
f 1761/3465/206 1760/3463/206 1676/3301/206
f 1668/3293/206 1879/3705/206 1880/3707/206
f 1668/3293/206 1880/3707/206 1881/3709/206
f 1764/3471/206 1761/3465/206 1676/3301/206
f 1758/3459/206 1764/3471/206 1676/3301/206
f 1676/3301/206 1668/3293/206 1881/3709/206
f 1676/3301/206 1881/3709/206 1883/3713/206
f 1759/3461/206 1758/3459/206 1676/3301/206
f 1759/3461/206 1676/3301/206 1883/3713/206
f 1759/3461/206 1883/3713/206 1882/3711/206
f 1757/3457/206 1759/3461/206 1882/3711/206
f 1757/3457/206 1882/3711/206 1895/3737/206
f 1753/3449/206 1757/3457/206 1895/3737/206
f 1753/3449/206 1895/3737/206 1887/3721/206
f 1751/3445/206 1753/3449/206 1887/3721/206
f 1751/3445/206 1887/3721/206 1885/3717/206
f 1754/3451/206 1751/3445/206 1885/3717/206
f 1754/3451/206 1885/3717/206 1891/3729/206
f 1749/3441/206 1754/3451/206 1891/3729/206
f 1892/3731/206 1889/3725/206 1766/3475/206
f 1749/3441/206 1891/3729/206 1892/3731/206
f 1748/3439/206 1749/3441/206 1892/3731/206
f 1892/3731/206 1766/3475/206 1765/3473/206
f 1892/3731/206 1765/3473/206 1756/3455/206
f 1750/3443/206 1748/3439/206 1892/3731/206
f 1755/3453/206 1750/3443/206 1892/3731/206
f 1892/3731/206 1756/3455/206 1752/3447/206
f 1877/3701/206 1876/3699/206 1668/3293/206
f 1670/3295/206 1826/3597/206 1816/3577/206
f 1670/3295/206 1816/3577/206 1818/3581/206
f 1899/3745/206 1877/3701/206 1668/3293/206
f 1897/3741/206 1899/3745/206 1668/3293/206
f 1670/3295/206 1818/3581/206 1814/3573/206
f 1670/3295/206 1814/3573/206 1812/3569/206
f 1896/3739/206 1897/3741/206 1668/3293/206
f 1898/3743/206 1896/3739/206 1668/3293/206
f 1668/3293/206 1670/3295/206 1812/3569/206
f 1668/3293/206 1812/3569/206 1813/3571/206
f 1901/3749/206 1898/3743/206 1668/3293/206
f 1901/3749/206 1668/3293/206 1813/3571/206
f 1901/3749/206 1813/3571/206 1815/3575/206
f 1900/3747/206 1901/3749/206 1815/3575/206
f 1900/3747/206 1815/3575/206 1817/3579/206
f 1907/3762/206 1900/3747/206 1817/3579/206
f 1907/3762/206 1817/3579/206 1819/3583/206
f 1903/3753/206 1907/3762/206 1819/3583/206
f 1903/3753/206 1819/3583/206 1824/3593/206
f 1902/3751/206 1903/3753/206 1824/3593/206
f 1902/3751/206 1824/3593/206 1822/3589/206
f 1906/3760/206 1902/3751/206 1822/3589/206
f 1906/3760/206 1822/3589/206 1821/3587/206
f 1904/3756/206 1906/3760/206 1821/3587/206
f 1904/3756/206 1821/3587/206 1842/3629/206
f 1905/3758/206 1904/3756/206 1842/3629/206
f 1905/3758/206 1842/3629/206 1827/3599/206
f 1884/3715/206 1905/3758/206 1827/3599/206
f 1884/3715/206 1827/3599/206 1831/3607/206
f 1894/3735/206 1884/3715/206 1831/3607/206
f 1894/3735/206 1831/3607/206 1829/3603/206
f 1888/3723/206 1894/3735/206 1829/3603/206
f 1888/3723/206 1829/3603/206 1841/3627/206
f 1886/3719/206 1888/3723/206 1841/3627/206
f 1886/3719/206 1841/3627/206 1833/3611/206
f 1893/3733/206 1886/3719/206 1833/3611/206
f 1893/3733/206 1833/3611/206 1839/3623/206
f 1766/3475/206 1889/3725/206 1890/3727/206
f 1890/3727/206 1893/3733/206 1839/3623/206
f 1837/3619/206 1835/3615/206 1681/3306/206
f 1890/3727/206 1839/3623/206 1837/3619/206
f 1769/3482/206 1766/3475/206 1890/3727/206
f 1680/3305/206 1683/3308/206 1769/3482/206
f 1837/3619/206 1681/3306/206 1680/3305/206
f 1769/3482/206 1890/3727/206 1837/3619/206
f 1678/3303/206 1682/3307/206 1681/3306/206
f 1678/3303/207 1675/3300/207 1674/3299/207
f 1804/3553/208 1794/3532/208 1674/3299/208
f 1675/3300/208 1745/3432/208 1738/3418/208
f 1675/3300/208 1738/3418/208 1743/3428/208
f 1810/3565/208 1804/3553/208 1674/3299/208
f 1808/3561/208 1810/3565/208 1674/3299/208
f 1675/3300/208 1743/3428/208 1741/3424/208
f 1675/3300/208 1741/3424/208 1739/3420/208
f 1806/3557/208 1808/3561/208 1674/3299/208
f 1807/3559/208 1806/3557/208 1674/3299/208
f 1674/3299/208 1675/3300/208 1739/3420/208
f 1674/3299/208 1739/3420/208 1740/3422/208
f 1809/3563/208 1807/3559/208 1674/3299/208
f 1809/3563/208 1674/3299/208 1740/3422/208
f 1809/3563/208 1740/3422/208 1742/3426/208
f 1805/3555/208 1809/3563/208 1742/3426/208
f 1805/3555/208 1742/3426/208 1737/3416/208
f 1811/3567/208 1805/3555/208 1737/3416/208
f 1811/3567/208 1737/3416/208 1744/3430/208
f 1801/3547/208 1811/3567/208 1744/3430/208
f 1801/3547/208 1744/3430/208 1733/3408/208
f 1802/3549/208 1801/3547/208 1733/3408/208
f 1802/3549/208 1733/3408/208 1735/3412/208
f 1941/3830/208 1800/3544/208 1803/3551/208
f 1803/3551/208 1802/3549/208 1735/3412/208
f 1803/3551/208 1735/3412/208 1731/3404/208
f 1942/3831/208 1941/3830/208 1803/3551/208
f 1717/3376/208 1940/3829/208 1942/3831/208
f 1721/3384/208 1717/3376/208 1942/3831/208
f 1942/3831/208 1803/3551/208 1731/3404/208
f 1942/3831/208 1731/3404/208 1747/3437/208
f 1719/3380/208 1721/3384/208 1942/3831/208
f 1729/3400/208 1719/3380/208 1942/3831/208
f 1942/3831/208 1747/3437/208 1725/3392/208
f 1942/3831/208 1725/3392/208 1727/3396/208
f 1723/3388/208 1729/3400/208 1942/3831/208
f 1850/3646/208 1852/3650/208 1666/3291/208
f 1664/3289/208 1908/3764/208 1928/3804/208
f 1664/3289/208 1928/3804/208 1930/3808/208
f 1848/3642/208 1850/3646/208 1666/3291/208
f 1846/3638/208 1848/3642/208 1666/3291/208
f 1664/3289/208 1930/3808/208 1926/3800/208
f 1664/3289/208 1926/3800/208 1925/3798/208
f 1844/3634/208 1846/3638/208 1666/3291/208
f 1845/3636/208 1844/3634/208 1666/3291/208
f 1666/3291/208 1664/3289/208 1925/3798/208
f 1666/3291/208 1925/3798/208 1927/3802/208
f 1849/3644/208 1845/3636/208 1666/3291/208
f 1849/3644/208 1666/3291/208 1927/3802/208
f 1849/3644/208 1927/3802/208 1931/3810/208
f 1847/3640/208 1849/3644/208 1931/3810/208
f 1847/3640/208 1931/3810/208 1929/3806/208
f 1858/3662/208 1847/3640/208 1929/3806/208
f 1858/3662/208 1929/3806/208 1939/3827/208
f 1851/3648/208 1858/3662/208 1939/3827/208
f 1851/3648/208 1939/3827/208 1932/3812/208
f 1856/3658/208 1851/3648/208 1932/3812/208
f 1856/3658/208 1932/3812/208 1934/3816/208
f 1854/3654/208 1856/3658/208 1934/3816/208
f 1854/3654/208 1934/3816/208 1933/3814/208
f 1874/3694/208 1854/3654/208 1933/3814/208
f 1874/3694/208 1933/3814/208 1938/3824/208
f 1859/3664/208 1874/3694/208 1938/3824/208
f 1859/3664/208 1938/3824/208 1935/3818/208
f 1863/3672/208 1859/3664/208 1935/3818/208
f 1863/3672/208 1935/3818/208 1937/3822/208
f 1861/3668/208 1863/3672/208 1937/3822/208
f 1861/3668/208 1937/3822/208 1936/3820/208
f 1921/3790/208 1919/3786/208 1799/3542/208
f 1799/3542/208 1800/3544/208 1941/3830/208
f 1799/3542/208 1941/3830/208 1945/3834/208
f 1922/3792/208 1921/3790/208 1799/3542/208
f 1918/3784/208 1922/3792/208 1799/3542/208
f 1799/3542/208 1945/3834/208 1944/3833/208
f 1943/3832/208 1940/3829/208 1717/3376/208
f 1918/3784/208 1799/3542/208 1944/3833/208
f 1943/3832/208 1717/3376/208 1867/3680/208
f 1916/3780/208 1918/3784/208 1944/3833/208
f 1943/3832/208 1867/3680/208 1869/3684/208
f 1936/3820/208 1916/3780/208 1944/3833/208
f 1943/3832/208 1869/3684/208 1871/3688/208
f 1936/3820/208 1944/3833/208 1943/3832/208
f 1943/3832/208 1871/3688/208 1865/3676/208
f 1861/3668/208 1936/3820/208 1943/3832/208
f 1943/3832/208 1865/3676/208 1873/3692/208
f 1911/3770/208 1908/3764/208 1664/3289/208
f 1674/3299/208 1794/3532/208 1795/3534/208
f 1674/3299/208 1795/3534/208 1792/3528/208
f 1909/3766/208 1911/3770/208 1664/3289/208
f 1910/3768/208 1909/3766/208 1664/3289/208
f 1674/3299/208 1792/3528/208 1793/3530/208
f 1674/3299/208 1793/3530/208 1796/3536/208
f 1913/3774/208 1910/3768/208 1664/3289/208
f 1912/3772/208 1913/3774/208 1664/3289/208
f 1664/3289/208 1674/3299/208 1796/3536/208
f 1664/3289/208 1796/3536/208 1790/3524/208
f 1915/3778/208 1912/3772/208 1664/3289/208
f 1915/3778/208 1664/3289/208 1790/3524/208
f 1915/3778/208 1790/3524/208 1791/3526/208
f 1914/3776/208 1915/3778/208 1791/3526/208
f 1914/3776/208 1791/3526/208 1789/3522/208
f 1923/3794/208 1914/3776/208 1789/3522/208
f 1923/3794/208 1789/3522/208 1785/3514/208
f 1917/3782/208 1923/3794/208 1785/3514/208
f 1917/3782/208 1785/3514/208 1783/3510/208
f 1924/3796/208 1917/3782/208 1783/3510/208
f 1924/3796/208 1783/3510/208 1786/3516/208
f 1799/3542/208 1919/3786/208 1920/3788/208
f 1920/3788/208 1924/3796/208 1786/3516/208
f 1920/3788/208 1786/3516/208 1782/3508/208
f 1797/3538/208 1799/3542/208 1920/3788/208
f 1798/3540/208 1797/3538/208 1920/3788/208
f 1920/3788/208 1782/3508/208 1780/3504/208
f 1920/3788/208 1780/3504/208 1781/3506/208
f 1788/3520/208 1798/3540/208 1920/3788/208
f 1784/3512/208 1788/3520/208 1920/3788/208
f 1920/3788/208 1781/3506/208 1787/3518/208
f 1868/3682/208 1867/3680/208 1717/3376/208
f 1717/3376/208 1716/3374/208 1666/3291/208
f 1666/3291/208 1852/3650/208 1857/3660/208
f 1666/3291/208 1857/3660/208 1855/3656/208
f 1870/3686/208 1868/3682/208 1717/3376/208
f 1866/3678/208 1870/3686/208 1717/3376/208
f 1666/3291/208 1855/3656/208 1853/3652/208
f 1666/3291/208 1853/3652/208 1875/3696/208
f 1872/3690/208 1866/3678/208 1717/3376/208
f 1862/3670/208 1872/3690/208 1717/3376/208
f 1717/3376/208 1666/3291/208 1875/3696/208
f 1717/3376/208 1875/3696/208 1860/3666/208
f 1864/3674/208 1862/3670/208 1717/3376/208
f 1734/3410/208 1745/3432/208 1675/3300/208
f 1666/3291/208 1716/3374/208 1718/3378/208
f 1666/3291/208 1718/3378/208 1722/3386/208
f 1736/3414/208 1734/3410/208 1675/3300/208
f 1732/3406/208 1736/3414/208 1675/3300/208
f 1666/3291/208 1722/3386/208 1720/3382/208
f 1666/3291/208 1720/3382/208 1730/3402/208
f 1746/3434/208 1732/3406/208 1675/3300/208
f 1726/3394/208 1746/3434/208 1675/3300/208
f 1666/3291/208 1730/3402/208 1724/3390/208
f 1728/3398/208 1726/3394/208 1675/3300/208
f 1666/3291/208 1724/3390/208 1728/3398/208
f 1676/3301/209 1674/3299/209 1664/3289/209
f 1670/3295/210 1666/3291/210 1675/3300/210
f 1712/3366/211 1732/3407/211 1746/3435/211
f 1711/3364/212 1736/3415/212 1732/3407/212
f 1714/3370/213 1734/3411/213 1736/3415/213
f 1713/3368/214 1745/3433/214 1734/3411/214
f 1738/3419/215 1745/3433/215 1713/3368/215
f 1692/3326/216 1697/3336/216 1743/3429/216
f 1697/3336/217 1695/3332/217 1741/3425/217
f 1695/3332/218 1693/3328/218 1739/3421/218
f 1693/3328/219 1694/3330/219 1740/3423/219
f 1694/3330/220 1696/3334/220 1742/3427/220
f 1696/3334/221 1691/3324/221 1737/3417/221
f 1691/3324/222 1698/3338/222 1744/3431/222
f 1698/3338/223 1688/3318/223 1733/3409/223
f 1688/3318/224 1689/3320/224 1735/3413/224
f 1689/3320/225 1687/3316/225 1731/3405/225
f 1687/3316/226 1690/3322/226 1747/3438/226
f 1690/3322/227 1684/3310/227 1725/3393/227
f 1684/3310/228 1685/3312/228 1727/3397/228
f 1685/3312/229 1686/3314/229 1723/3389/229
f 1686/3314/230 1704/3350/230 1729/3401/230
f 1702/3346/231 1719/3381/231 1729/3401/231
f 1705/3352/232 1721/3385/232 1719/3381/232
f 1700/3342/233 1717/3377/233 1721/3385/233
f 1699/3340/234 1716/3375/234 1717/3377/234
f 1701/3344/235 1718/3379/235 1716/3375/235
f 1706/3354/236 1722/3387/236 1718/3379/236
f 1703/3348/237 1720/3383/237 1722/3387/237
f 1707/3356/238 1730/3403/238 1720/3383/238
f 1708/3358/239 1724/3391/239 1730/3403/239
f 1710/3362/240 1728/3399/240 1724/3391/240
f 1709/3360/241 1726/3395/241 1728/3399/241
f 1715/3373/242 1746/3436/242 1726/3395/242
f 1772/3489/211 1803/3552/211 1800/3545/211
f 1771/3487/212 1802/3550/212 1803/3552/212
f 1770/3485/213 1801/3548/213 1802/3550/213
f 1773/3491/214 1811/3568/214 1801/3548/214
f 1773/3491/215 1774/3493/215 1805/3556/215
f 1774/3493/216 1779/3503/216 1809/3564/216
f 1779/3503/217 1777/3499/217 1807/3560/217
f 1777/3499/218 1775/3495/218 1806/3558/218
f 1775/3495/219 1776/3497/219 1808/3562/219
f 1776/3497/220 1778/3501/220 1810/3566/220
f 1778/3501/221 1767/3478/221 1804/3554/221
f 1767/3478/222 1762/3468/222 1794/3533/222
f 1762/3468/223 1763/3470/223 1795/3535/223
f 1763/3470/224 1760/3464/224 1792/3529/224
f 1760/3464/225 1761/3466/225 1793/3531/225
f 1761/3466/226 1764/3472/226 1796/3537/226
f 1764/3472/227 1758/3460/227 1790/3525/227
f 1758/3460/228 1759/3462/228 1791/3527/228
f 1759/3462/229 1757/3458/229 1789/3523/229
f 1757/3458/230 1753/3450/230 1785/3515/230
f 1751/3446/231 1783/3511/231 1785/3515/231
f 1754/3452/232 1786/3517/232 1783/3511/232
f 1749/3442/233 1782/3509/233 1786/3517/233
f 1748/3440/234 1780/3505/234 1782/3509/234
f 1750/3444/235 1781/3507/235 1780/3505/235
f 1755/3454/236 1787/3519/236 1781/3507/236
f 1752/3448/237 1784/3513/237 1787/3519/237
f 1756/3456/238 1788/3521/238 1784/3513/238
f 1765/3474/239 1798/3541/239 1788/3521/239
f 1766/3476/240 1797/3539/240 1798/3541/240
f 1769/3483/241 1799/3543/241 1797/3539/241
f 1768/3481/242 1800/3546/242 1799/3543/242
f 1828/3602/211 1860/3667/211 1875/3697/211
f 1832/3610/212 1864/3675/212 1860/3667/212
f 1830/3606/213 1862/3671/213 1864/3675/213
f 1840/3626/214 1872/3691/214 1862/3671/214
f 1840/3626/215 1834/3614/215 1866/3679/215
f 1834/3614/216 1838/3622/216 1870/3687/216
f 1838/3622/217 1836/3618/217 1868/3683/217
f 1836/3618/218 1835/3616/218 1867/3681/218
f 1835/3616/219 1837/3620/219 1869/3685/219
f 1837/3620/220 1839/3624/220 1871/3689/220
f 1839/3624/221 1833/3612/221 1865/3677/221
f 1833/3612/222 1841/3628/222 1873/3693/222
f 1841/3628/223 1829/3604/223 1861/3669/223
f 1829/3604/224 1831/3608/224 1863/3673/224
f 1831/3608/225 1827/3600/225 1859/3665/225
f 1827/3600/226 1842/3630/226 1874/3695/226
f 1842/3630/227 1821/3588/227 1854/3655/227
f 1821/3588/228 1822/3590/228 1856/3659/228
f 1822/3590/229 1824/3594/229 1851/3649/229
f 1824/3594/230 1819/3584/230 1858/3663/230
f 1817/3580/231 1847/3641/231 1858/3663/231
f 1815/3576/232 1849/3645/232 1847/3641/232
f 1813/3572/233 1845/3637/233 1849/3645/233
f 1812/3570/234 1844/3635/234 1845/3637/234
f 1814/3574/235 1846/3639/235 1844/3635/235
f 1818/3582/236 1848/3643/236 1846/3639/236
f 1816/3578/237 1850/3647/237 1848/3643/237
f 1826/3598/238 1852/3651/238 1850/3647/238
f 1820/3586/239 1857/3661/239 1852/3651/239
f 1825/3596/240 1855/3657/240 1857/3661/240
f 1823/3592/241 1853/3653/241 1855/3657/241
f 1843/3633/242 1875/3698/242 1853/3653/242
f 1905/3759/211 1935/3819/211 1938/3825/211
f 1884/3716/212 1937/3823/212 1935/3819/212
f 1894/3736/213 1936/3821/213 1937/3823/213
f 1888/3724/214 1916/3781/214 1936/3821/214
f 1888/3724/215 1886/3720/215 1918/3785/215
f 1886/3720/216 1893/3734/216 1922/3793/216
f 1893/3734/217 1890/3728/217 1921/3791/217
f 1890/3728/218 1889/3726/218 1919/3787/218
f 1889/3726/219 1892/3732/219 1920/3789/219
f 1892/3732/220 1891/3730/220 1924/3797/220
f 1891/3730/221 1885/3718/221 1917/3783/221
f 1885/3718/222 1887/3722/222 1923/3795/222
f 1887/3722/223 1895/3738/223 1914/3777/223
f 1895/3738/224 1882/3712/224 1915/3779/224
f 1882/3712/225 1883/3714/225 1912/3773/225
f 1883/3714/226 1881/3710/226 1913/3775/226
f 1881/3710/227 1880/3708/227 1910/3769/227
f 1880/3708/228 1879/3706/228 1909/3767/228
f 1879/3706/229 1878/3704/229 1911/3771/229
f 1878/3704/230 1876/3700/230 1908/3765/230
f 1876/3700/231 1877/3702/231 1928/3805/231
f 1899/3746/232 1930/3809/232 1928/3805/232
f 1897/3742/233 1926/3801/233 1930/3809/233
f 1896/3740/234 1925/3799/234 1926/3801/234
f 1898/3744/235 1927/3803/235 1925/3799/235
f 1901/3750/236 1931/3811/236 1927/3803/236
f 1900/3748/237 1929/3807/237 1931/3811/237
f 1907/3763/238 1939/3828/238 1929/3807/238
f 1903/3754/239 1932/3813/239 1939/3828/239
f 1902/3752/240 1934/3817/240 1932/3813/240
f 1906/3761/241 1933/3815/241 1934/3817/241
f 1904/3757/242 1938/3826/242 1933/3815/242
f 1667/3292/205 1943/3832/205 1944/3833/205
f 1941/3830/207 1942/3831/207 1673/3298/207
f 1673/3298/207 1671/3296/207 1945/3834/207
f 1665/3290/209 1944/3833/209 1945/3834/209
f 1940/3829/210 1943/3832/210 1667/3292/210
f 1667/3292/210 1673/3298/210 1942/3831/210
usemtl Material.004
f 1672/3297/205 1680/3305/205 1681/3306/205
f 1672/3297/206 1677/3302/206 1669/3294/206
f 1677/3302/207 1682/3307/207 1683/3308/207
f 1669/3294/209 1683/3308/209 1680/3305/209
f 1679/3304/210 1681/3306/210 1682/3307/210
f 1672/3297/205 1669/3294/205 1680/3305/205
f 1672/3297/206 1679/3304/206 1677/3302/206
f 1677/3302/207 1679/3304/207 1682/3307/207
f 1669/3294/209 1677/3302/209 1683/3308/209
f 1679/3304/210 1672/3297/210 1681/3306/210
usemtl Material.007
f 1673/3298/208 1665/3290/208 1671/3296/208
f 1673/3298/208 1667/3292/208 1665/3290/208
o EnsAhtWall
v -0.040000 0.010000 -0.042500
v 0.008400 0.057220 -0.038500
v 0.006800 0.054500 -0.045500
v -0.040000 0.090000 -0.042500
v 0.008423 0.056986 -0.038500
v 0.006800 0.060000 -0.045500
v -0.040000 0.010000 -0.047500
v 0.008491 0.056761 -0.038500
v 0.006800 0.054500 -0.047500
v -0.040000 0.090000 -0.047500
v 0.008602 0.056553 -0.038500
v 0.006800 0.060000 -0.047500
v 0.008751 0.056371 -0.038500
v 0.040000 0.010000 -0.042500
v 0.040000 0.090000 -0.042500
v 0.008933 0.056222 -0.038500
v 0.040000 0.010000 -0.047500
v 0.012300 0.054500 -0.047500
v 0.009141 0.056111 -0.038500
v 0.040000 0.090000 -0.047500
v 0.012300 0.060000 -0.047500
v -0.010000 0.063000 -0.047500
v 0.009366 0.056043 -0.038500
v -0.035000 0.087500 -0.047500
v 0.010000 0.063000 -0.047500
v 0.009600 0.056020 -0.038500
v 0.035000 0.087500 -0.047500
v 0.009834 0.056043 -0.038500
v -0.010000 0.063000 -0.042500
v -0.035000 0.087500 -0.042500
v 0.010000 0.063000 -0.042500
v 0.010059 0.056111 -0.038500
v 0.035000 0.087500 -0.042500
v -0.037500 0.018000 -0.047500
v 0.010267 0.056222 -0.038500
v -0.037500 0.082000 -0.047500
v -0.014000 0.042000 -0.047500
v 0.010449 0.056371 -0.038500
v -0.014000 0.058000 -0.047500
v -0.037500 0.018000 -0.042500
v 0.010598 0.056553 -0.038500
v -0.037500 0.082000 -0.042500
v -0.014000 0.042000 -0.042500
v 0.010709 0.056761 -0.038500
v -0.014000 0.058000 -0.042500
v -0.035000 0.012500 -0.047500
v 0.010777 0.056986 -0.038500
v 0.035000 0.012500 -0.047500
v -0.010000 0.037000 -0.047500
v 0.010800 0.057220 -0.038500
v 0.010000 0.037000 -0.047500
v 0.010777 0.057454 -0.038500
v -0.010000 0.037000 -0.042500
v -0.035000 0.012500 -0.042500
v 0.035000 0.012500 -0.042500
v 0.010709 0.057679 -0.038500
v 0.010000 0.037000 -0.042500
v 0.014000 0.058000 -0.047500
v 0.010598 0.057887 -0.038500
v 0.037500 0.018000 -0.047500
v 0.037500 0.082000 -0.047500
v 0.010449 0.058069 -0.038500
v 0.015068 0.040909 -0.047500
v 0.014000 0.042000 -0.047500
v 0.010267 0.058218 -0.038500
v 0.037500 0.082000 -0.042500
v 0.015068 0.059091 -0.042500
v 0.010059 0.058329 -0.038500
v 0.014000 0.058000 -0.042500
v 0.037500 0.018000 -0.042500
v 0.009834 0.058397 -0.038500
v 0.014000 0.042000 -0.042500
v 0.012250 0.041635 -0.047500
v 0.009600 0.058420 -0.038500
v 0.012250 0.040000 -0.047500
v 0.012250 0.060000 -0.047500
v 0.009366 0.058397 -0.038500
v -0.012250 0.060000 -0.047500
v -0.012250 0.040000 -0.047500
v 0.009141 0.058329 -0.038500
v 0.012250 0.060000 -0.042500
v 0.012250 0.041921 -0.042500
v 0.008933 0.058218 -0.038500
v -0.012250 0.060000 -0.042500
v 0.012250 0.040000 -0.042500
v 0.008751 0.058069 -0.038500
v -0.012250 0.040000 -0.042500
v -0.012250 0.041635 -0.042500
v 0.008602 0.057887 -0.038500
v 0.012300 0.054500 -0.047500
v 0.012250 0.054500 -0.047500
v 0.008491 0.057679 -0.038500
v 0.012300 0.060000 -0.047500
v 0.006800 0.060000 -0.047500
v 0.008423 0.057454 -0.038500
v 0.012250 0.054500 -0.045500
v 0.012250 0.060000 -0.045500
v 0.008400 0.057220 -0.045500
v 0.008423 0.056986 -0.045500
v 0.008423 0.057454 -0.045500
v 0.008602 0.056553 -0.045500
v 0.008491 0.056761 -0.045500
v 0.008602 0.057887 -0.045500
v 0.008491 0.057679 -0.045500
v 0.009366 0.056043 -0.045500
v 0.009141 0.056111 -0.045500
v 0.008933 0.056222 -0.045500
v 0.009834 0.056043 -0.045500
v 0.010267 0.056222 -0.045500
v 0.010059 0.056111 -0.045500
v 0.009600 0.056020 -0.045500
v 0.008751 0.056371 -0.045500
v 0.008751 0.058069 -0.045500
v 0.009141 0.058329 -0.045500
v 0.008933 0.058218 -0.045500
v 0.009366 0.058397 -0.045500
v 0.009834 0.058397 -0.045500
v 0.009600 0.058420 -0.045500
v 0.010267 0.058218 -0.045500
v 0.010059 0.058329 -0.045500
v 0.010449 0.056371 -0.045500
v 0.010598 0.056553 -0.045500
v 0.010598 0.057887 -0.045500
v 0.010800 0.057220 -0.045500
v 0.010777 0.056986 -0.045500
v 0.010777 0.057454 -0.045500
v 0.010709 0.057679 -0.045500
v 0.010709 0.056761 -0.045500
v 0.010449 0.058069 -0.045500
vn -1.0000 -0.0000 -0.0000
vn -0.0000 -0.0000 -1.0000
vn 1.0000 -0.0000 -0.0000
vn -0.0000 -0.0000 1.0000
vn -0.0000 -1.0000 -0.0000
vn -0.0000 1.0000 -0.0000
vn -0.6999 0.7142 -0.0000
vn 0.6999 0.7142 -0.0000
vn -0.7145 -0.6996 -0.0000
vn -0.7145 0.6996 -0.0000
vn 0.6999 -0.7142 -0.0000
vn -0.6999 -0.7142 -0.0000
vn 0.7145 0.6996 -0.0000
vn 0.7145 -0.6996 -0.0000
vn -0.9952 -0.0980 -0.0000
vn -0.9569 -0.2903 -0.0000
vn -0.8819 -0.4714 -0.0000
vn -0.7730 -0.6344 -0.0000
vn -0.6344 -0.7730 -0.0000
vn -0.4714 -0.8819 -0.0000
vn -0.2903 -0.9569 -0.0000
vn -0.0980 -0.9952 -0.0000
vn 0.0980 -0.9952 -0.0000
vn 0.2903 -0.9569 -0.0000
vn 0.4714 -0.8819 -0.0000
vn 0.6344 -0.7730 -0.0000
vn 0.7730 -0.6344 -0.0000
vn 0.8819 -0.4714 -0.0000
vn 0.9569 -0.2903 -0.0000
vn 0.9952 -0.0980 -0.0000
vn 0.9952 0.0980 -0.0000
vn 0.9569 0.2903 -0.0000
vn 0.8819 0.4714 -0.0000
vn 0.7730 0.6344 -0.0000
vn 0.6344 0.7730 -0.0000
vn 0.4714 0.8819 -0.0000
vn 0.2903 0.9569 -0.0000
vn 0.0980 0.9952 -0.0000
vn -0.0980 0.9952 -0.0000
vn -0.2903 0.9569 -0.0000
vn -0.4714 0.8819 -0.0000
vn -0.6344 0.7730 -0.0000
vn -0.7730 0.6344 -0.0000
vn -0.8819 0.4714 -0.0000
vn -0.9569 0.2903 -0.0000
vn -0.9952 0.0980 -0.0000
vn -0.0000 0.1843 -0.9829
vt 0.375000 0.000000
vt 0.375000 1.000000
vt 0.125000 0.750000
vt 1.000000 0.500000
vt 0.000000 0.500000
vt 0.750000 0.490000
vt 0.375000 0.000000
vt 0.375000 1.000000
vt 0.125000 0.750000
vt 0.625000 0.000000
vt 0.625000 1.000000
vt 0.875000 0.750000
vt 0.968750 0.500000
vt 0.703178 0.485388
vt 0.680612 0.612500
vt 0.625000 0.000000
vt 0.625000 1.000000
vt 0.125000 0.500000
vt 0.375000 0.250000
vt 0.937500 0.500000
vt 0.841844 0.471731
vt 0.375000 0.250000
vt 0.125000 0.500000
vt 0.625000 0.250000
vt 0.875000 0.500000
vt 0.906250 0.500000
vt 0.883337 0.449553
vt 0.625000 0.250000
vt 0.875000 0.500000
vt 0.875000 0.500000
vt 0.919706 0.419706
vt 0.375000 0.750000
vt 0.625000 0.750000
vt 0.843750 0.500000
vt 0.949553 0.383337
vt 0.375000 0.500000
vt 0.375000 0.500000
vt 0.812500 0.500000
vt 0.971731 0.341844
vt 0.625000 0.500000
vt 0.625000 0.500000
vt 0.540625 0.343750
vt 0.000000 0.000000
vt 0.781250 0.500000
vt 0.985388 0.296822
vt 0.617188 0.265625
vt 0.000000 0.000000
vt 0.540625 0.406250
vt 0.000000 0.000000
vt 0.750000 0.500000
vt 0.990000 0.250000
vt 0.617187 0.484375
vt 0.000000 0.000000
vt 0.718750 0.500000
vt 0.985388 0.203178
vt 0.540625 0.906250
vt 0.000000 0.000000
vt 0.617188 0.984375
vt 0.000000 0.000000
vt 0.540625 0.843750
vt 0.000000 0.000000
vt 0.687500 0.500000
vt 0.971731 0.158156
vt 0.617187 0.765625
vt 0.000000 0.000000
vt 0.400000 0.257813
vt 0.000000 0.000000
vt 0.656250 0.500000
vt 0.949553 0.116663
vt 0.600000 0.257812
vt 0.000000 0.000000
vt 0.475000 0.331250
vt 0.000000 0.000000
vt 0.625000 0.500000
vt 0.919706 0.080294
vt 0.525000 0.331250
vt 0.000000 0.000000
vt 0.400000 0.992188
vt 0.000000 0.000000
vt 0.593750 0.500000
vt 0.883337 0.050447
vt 0.600000 0.992188
vt 0.000000 0.000000
vt 0.475000 0.918750
vt 0.000000 0.000000
vt 0.562500 0.500000
vt 0.841844 0.028269
vt 0.525000 0.918750
vt 0.000000 0.000000
vt 0.382813 0.265625
vt 0.000000 0.000000
vt 0.531250 0.500000
vt 0.796822 0.014612
vt 0.382812 0.484375
vt 0.000000 0.000000
vt 0.459375 0.343750
vt 0.000000 0.000000
vt 0.500000 0.500000
vt 0.750000 0.010000
vt 0.459375 0.406250
vt 0.000000 0.000000
vt 0.468750 0.500000
vt 0.796822 0.014612
vt 0.459375 0.906250
vt 0.000000 0.000000
vt 0.382813 0.984375
vt 0.000000 0.000000
vt 0.382812 0.765625
vt 0.000000 0.000000
vt 0.437500 0.500000
vt 0.841844 0.028269
vt 0.459375 0.843750
vt 0.000000 0.000000
vt 0.525000 0.418750
vt 0.000000 0.000000
vt 0.406250 0.500000
vt 0.883337 0.050447
vt 0.400000 0.492187
vt 0.000000 0.000000
vt 0.600000 0.492188
vt 0.000000 0.000000
vt 0.375000 0.500000
vt 0.919706 0.080294
vt 0.471591 0.422088
vt 0.000000 0.000000
vt 0.475000 0.418750
vt 0.000000 0.000000
vt 0.343750 0.500000
vt 0.949553 0.116663
vt 0.600000 0.757812
vt 0.000000 0.000000
vt 0.528409 0.827912
vt 0.000000 0.000000
vt 0.312500 0.500000
vt 0.971731 0.158156
vt 0.525000 0.831250
vt 0.000000 0.000000
vt 0.400000 0.757813
vt 0.000000 0.000000
vt 0.281250 0.500000
vt 0.985388 0.203178
vt 0.475000 0.831250
vt 0.000000 0.000000
vt 0.473861 0.413281
vt 0.395443 0.562500
vt 0.250000 0.500000
vt 0.990000 0.250000
vt 0.468750 0.413281
vt 0.375000 0.562500
vt 0.531250 0.413281
vt 0.218750 0.500000
vt 0.985388 0.296822
vt 0.531250 0.336719
vt 0.625000 0.187500
vt 0.875000 0.562500
vt 0.468750 0.336719
vt 0.375000 0.187500
vt 0.125000 0.562500
vt 0.187500 0.500000
vt 0.971731 0.341844
vt 0.531250 0.836719
vt 0.625000 0.687500
vt 0.474753 0.836719
vt 0.399013 0.687500
vt 0.156250 0.500000
vt 0.949553 0.383337
vt 0.531250 0.913281
vt 0.625000 0.062500
vt 0.875000 0.687500
vt 0.468750 0.836719
vt 0.375000 0.687500
vt 0.125000 0.500000
vt 0.919706 0.419706
vt 0.468750 0.913281
vt 0.375000 0.062500
vt 0.125000 0.687500
vt 0.473861 0.913281
vt 0.395443 0.062500
vt 0.093750 0.500000
vt 0.883337 0.449553
vt 0.514062 0.413438
vt 0.375000 0.500000
vt 0.514062 0.413281
vt 0.556250 0.562500
vt 0.372727 0.500000
vt 0.062500 0.500000
vt 0.841844 0.471731
vt 0.531250 0.413438
vt 0.625000 0.500000
vt 0.875000 0.500000
vt 0.531250 0.396250
vt 0.680612 0.562500
vt 0.625000 0.250000
vt 0.031250 0.500000
vt 0.703178 0.485388
vt 0.556250 0.612500
vt 0.375000 0.752273
vt 0.372727 0.750000
vt 0.625000 0.612500
vt 0.625000 0.752273
vt 0.000000 0.937500
vt 0.498636 0.927273
vt 1.000000 0.937500
vt 0.487995 0.926225
vt 0.968750 0.937500
vt 0.509278 0.926225
vt 0.031250 0.937500
vt 0.468333 0.918080
vt 0.906250 0.937500
vt 0.477763 0.923121
vt 0.937500 0.937500
vt 0.528940 0.918080
vt 0.093750 0.937500
vt 0.519510 0.923121
vt 0.062500 0.937500
vt 0.445139 0.883368
vt 0.781250 0.937500
vt 0.448243 0.893601
vt 0.812500 0.937500
vt 0.453284 0.903031
vt 0.843750 0.937500
vt 0.445139 0.862086
vt 0.718750 0.937500
vt 0.453284 0.842423
vt 0.656250 0.937500
vt 0.448243 0.851854
vt 0.687500 0.937500
vt 0.444091 0.872727
vt 0.750000 0.937500
vt 0.460067 0.911297
vt 0.875000 0.937500
vt 0.537206 0.911297
vt 0.125000 0.937500
vt 0.549030 0.893601
vt 0.187500 0.937500
vt 0.543989 0.903031
vt 0.156250 0.937500
vt 0.552134 0.883369
vt 0.218750 0.937500
vt 0.552134 0.862086
vt 0.281250 0.937500
vt 0.553182 0.872727
vt 0.250000 0.937500
vt 0.543989 0.842423
vt 0.343750 0.937500
vt 0.549030 0.851854
vt 0.312500 0.937500
vt 0.460067 0.834158
vt 0.625000 0.937500
vt 0.468333 0.827374
vt 0.593750 0.937500
vt 0.528940 0.827374
vt 0.406250 0.937500
vt 0.498636 0.818182
vt 0.500000 0.937500
vt 0.487995 0.819230
vt 0.531250 0.937500
vt 0.509278 0.819230
vt 0.468750 0.937500
vt 0.519510 0.822334
vt 0.437500 0.937500
vt 0.477763 0.822334
vt 0.562500 0.937500
vt 0.537206 0.834158
vt 0.375000 0.937500
s 0
usemtl Material.009
f 1949/3844/243 1952/3853/243 1946/3835/243
f 1952/3853/244 1981/3904/244 1979/3900/244
f 1965/3874/244 1962/3870/244 2005/3952/244
f 1994/3930/244 1979/3900/244 2024/3990/244
f 1967/3876/244 1970/3882/244 2023/3987/244
f 1952/3853/244 1993/3928/244 1962/3870/244
f 1965/3874/244 1969/3880/244 1955/3858/244
f 1965/3874/245 1959/3866/245 1962/3870/245
f 1976/3894/246 2011/3964/246 1978/3898/246
f 1974/3890/246 1987/3916/246 2029/4001/246
f 1959/3866/246 1960/3867/246 2015/3972/246
f 1946/3836/246 2000/3942/246 1999/3940/246
f 1987/3916/246 1946/3836/246 1985/3912/246
f 1960/3867/246 1975/3892/246 1978/3898/246
f 1962/3870/247 1946/3837/247 1952/3852/247
f 1955/3859/248 1960/3867/248 1965/3874/248
f 1972/3887/249 1976/3895/249 1978/3899/249
f 1967/3877/250 1975/3893/250 1974/3891/250
f 1972/3887/247 1975/3893/247 1969/3881/247
f 1970/3883/248 1974/3891/248 1976/3895/248
f 1981/3905/251 1990/3923/251 1987/3917/251
f 1982/3907/252 1985/3913/252 1988/3919/252
f 1979/3901/245 1987/3917/245 1985/3913/245
f 1984/3911/243 1988/3919/243 1990/3923/243
f 1994/3931/253 1999/3941/253 1991/3925/253
f 1993/3929/254 2002/3947/254 1996/3935/254
f 1993/3929/248 1999/3941/248 2000/3943/248
f 1996/3935/247 1998/3939/247 1994/3931/247
f 2005/3953/255 2008/3959/255 2017/3977/255
f 2014/3971/256 2006/3955/256 2011/3965/256
f 2006/3955/243 2015/3973/243 2011/3965/243
f 2003/3949/245 2017/3977/245 2009/3961/245
f 2032/4009/245 2023/3988/245 2029/4002/245
f 2020/3983/243 2027/3998/243 2041/4030/243
f 2020/3983/248 2032/4010/248 2030/4005/248
f 1951/3849/247 2026/3996/247 2029/4003/247
f 1957/3862/243 1948/3841/243 1951/3850/243
f 1957/3862/244 1963/3871/244 1954/3856/244
f 1963/3871/245 2038/4023/245 2035/4016/245
f 2041/4031/246 2071/4092/246 2069/4088/246
f 1948/3842/246 2043/4036/246 2045/4040/246
f 1954/3857/247 2035/4016/247 2036/4019/247
f 2038/4023/248 1957/3863/248 2039/4024/248
f 1950/3847/257 2043/4037/257 2044/4039/257
f 1953/3854/258 2044/4039/258 2047/4045/258
f 1956/3860/259 2047/4045/259 2046/4043/259
f 1958/3864/260 2046/4043/260 2057/4065/260
f 1958/3864/261 2052/4055/261 1961/3868/261
f 1961/3868/262 2051/4053/262 1964/3872/262
f 1964/3872/263 2050/4051/263 1968/3878/263
f 1968/3878/264 2056/4063/264 1971/3884/264
f 1971/3884/265 2053/4057/265 1973/3888/265
f 1973/3888/266 2055/4061/266 1977/3896/266
f 1977/3896/267 2054/4059/267 1980/3902/267
f 1980/3902/268 2066/4083/268 1983/3908/268
f 1986/3914/269 2066/4083/269 2067/4085/269
f 1989/3920/270 2067/4085/270 2073/4097/270
f 1992/3926/271 2073/4097/271 2070/4091/271
f 1995/3932/272 2070/4091/272 2069/4089/272
f 1997/3936/273 2069/4089/273 2071/4093/273
f 2001/3944/274 2071/4093/274 2072/4095/274
f 2004/3950/275 2072/4095/275 2068/4087/275
f 2007/3956/276 2068/4087/276 2074/4099/276
f 2010/3962/277 2074/4099/277 2064/4079/277
f 2013/3968/278 2064/4079/278 2065/4081/278
f 2016/3974/279 2065/4081/279 2062/4075/279
f 2019/3980/280 2062/4075/280 2063/4077/280
f 2022/3985/281 2063/4077/281 2061/4073/281
f 2025/3993/282 2061/4073/282 2059/4069/282
f 2028/3999/283 2059/4069/283 2060/4071/283
f 2031/4006/284 2060/4071/284 2058/4067/284
f 2034/4013/285 2058/4067/285 2048/4047/285
f 2037/4020/286 2048/4047/286 2049/4049/286
f 2040/4028/287 2049/4049/287 2045/4041/287
f 1947/3839/288 2045/4041/288 2043/4035/288
f 1989/3921/246 2013/3969/246 2037/4021/246
f 1949/3844/243 1955/3858/243 1952/3853/243
f 1952/3853/244 1955/3858/244 1981/3904/244
f 2006/3954/244 2003/3948/244 1970/3882/244
f 1970/3882/244 1972/3886/244 1965/3874/244
f 1962/3870/244 1993/3928/244 1996/3934/244
f 1996/3934/244 2008/3958/244 2005/3952/244
f 2006/3954/244 1970/3882/244 1965/3874/244
f 1962/3870/244 1996/3934/244 2005/3952/244
f 2005/3952/244 2006/3954/244 1965/3874/244
f 2020/3982/244 2018/3978/244 2009/3960/244
f 2009/3960/244 2008/3958/244 1996/3934/244
f 1994/3930/244 1991/3924/244 1952/3853/244
f 2020/3982/244 2009/3960/244 1996/3934/244
f 1979/3900/244 1982/3906/244 2024/3990/244
f 2024/3990/244 2020/3982/244 1996/3934/244
f 1994/3930/244 1952/3853/244 1979/3900/244
f 2024/3990/244 1996/3934/244 1994/3930/244
f 2024/3990/244 1982/3906/244 1984/3910/244
f 1984/3910/244 1981/3904/244 1955/3858/244
f 1955/3858/244 1969/3880/244 1967/3876/244
f 2003/3948/244 2009/3960/244 2018/3978/244
f 2018/3978/244 2036/4017/244 2035/4015/244
f 2038/4022/248 2021/3984/248 2039/4025/248
f 2003/3948/244 2018/3978/244 2035/4015/244
f 2038/4022/248 2039/4025/248 2023/3987/248
f 2003/3948/244 2035/4015/244 2038/4022/244
f 1984/3910/244 1955/3858/244 1967/3876/244
f 2023/3987/244 2024/3990/244 1984/3910/244
f 1970/3882/244 2003/3948/244 2038/4022/244
f 2023/3987/244 1984/3910/244 1967/3876/244
f 1970/3882/244 2038/4022/244 2023/3987/244
f 1952/3853/244 1991/3924/244 1993/3928/244
f 1965/3874/244 1972/3886/244 1969/3880/244
f 1965/3874/245 1960/3867/245 1959/3866/245
f 1976/3894/246 2012/3966/246 2011/3964/246
f 2026/3995/246 2027/3997/246 2017/3976/246
f 2014/3970/246 2012/3966/246 1976/3894/246
f 2026/3995/246 2017/3976/246 2014/3970/246
f 1988/3918/246 2033/4011/246 2029/4001/246
f 2026/3995/246 2014/3970/246 1976/3894/246
f 1990/3922/246 1988/3918/246 2029/4001/246
f 2029/4001/246 2026/3995/246 1976/3894/246
f 1974/3890/246 1975/3892/246 1949/3845/246
f 2029/4001/246 1976/3894/246 1974/3890/246
f 1987/3916/246 1990/3922/246 2029/4001/246
f 1974/3890/246 1949/3845/246 1987/3916/246
f 2032/4008/246 2033/4011/246 1988/3918/246
f 1988/3918/246 1985/3912/246 1946/3836/246
f 1946/3836/246 1999/3940/246 1998/3938/246
f 2002/3946/246 2000/3942/246 1959/3866/246
f 1988/3918/246 1946/3836/246 1998/3938/246
f 2032/4008/246 1988/3918/246 1998/3938/246
f 2017/3976/246 2027/3997/246 2030/4004/246
f 2030/4004/246 2032/4008/246 1998/3938/246
f 2030/4004/246 1998/3938/246 2002/3946/246
f 2015/3972/246 2017/3976/246 2030/4004/246
f 1960/3867/246 1978/3898/246 2011/3964/246
f 2015/3972/246 2030/4004/246 2002/3946/246
f 1960/3867/246 2011/3964/246 2015/3972/246
f 2015/3972/246 2002/3946/246 1959/3866/246
f 1946/3836/246 1959/3866/246 2000/3942/246
f 1987/3916/246 1949/3845/246 1946/3836/246
f 1960/3867/246 1949/3845/246 1975/3892/246
f 1962/3870/247 1959/3866/247 1946/3837/247
f 1955/3859/248 1949/3846/248 1960/3867/248
f 1972/3887/249 1970/3883/249 1976/3895/249
f 1967/3877/250 1969/3881/250 1975/3893/250
f 1972/3887/247 1978/3899/247 1975/3893/247
f 1970/3883/248 1967/3877/248 1974/3891/248
f 1981/3905/251 1984/3911/251 1990/3923/251
f 1982/3907/252 1979/3901/252 1985/3913/252
f 1979/3901/245 1981/3905/245 1987/3917/245
f 1984/3911/243 1982/3907/243 1988/3919/243
f 1994/3931/253 1998/3939/253 1999/3941/253
f 1993/3929/254 2000/3943/254 2002/3947/254
f 1993/3929/248 1991/3925/248 1999/3941/248
f 1996/3935/247 2002/3947/247 1998/3939/247
f 2017/3977/255 2015/3973/255 2005/3953/255
f 2008/3959/255 2009/3961/255 2017/3977/255
f 2011/3965/289 2012/3967/289 2014/3971/289
f 2014/3971/256 2003/3949/256 2006/3955/256
f 2006/3955/243 2005/3953/243 2015/3973/243
f 2003/3949/245 2014/3971/245 2017/3977/245
f 2029/4002/244 2033/4012/244 2032/4009/244
f 2032/4009/245 2024/3991/245 2023/3988/245
f 2036/4018/244 2018/3979/244 2020/3983/244
f 2020/3983/243 2030/4005/243 2027/3998/243
f 2027/3998/243 2026/3996/243 2042/4033/243
f 2041/4030/243 2036/4018/243 2020/3983/243
f 2027/3998/243 2042/4033/243 2041/4030/243
f 2020/3983/248 2024/3992/248 2032/4010/248
f 2029/4003/247 2023/3989/247 2039/4026/247
f 1951/3849/247 2042/4033/247 2026/3996/247
f 2029/4003/247 2039/4026/247 1951/3849/247
f 1951/3850/245 2039/4027/245 1957/3862/245
f 1957/3862/243 1954/3856/243 1948/3841/243
f 1957/3862/244 1966/3875/244 1963/3871/244
f 1963/3871/245 1966/3875/245 2038/4023/245
f 2067/4084/246 2066/4082/246 2041/4031/246
f 2042/4034/246 2074/4098/246 2068/4086/246
f 2042/4034/246 2068/4086/246 2072/4094/246
f 2073/4096/246 2067/4084/246 2041/4031/246
f 2070/4090/246 2073/4096/246 2041/4031/246
f 2041/4031/246 2042/4034/246 2072/4094/246
f 2041/4031/246 2072/4094/246 2071/4092/246
f 2069/4088/246 2070/4090/246 2041/4031/246
f 2064/4078/246 2074/4098/246 2042/4034/246
f 2041/4031/246 2066/4082/246 2054/4058/246
f 2041/4031/246 2054/4058/246 2055/4060/246
f 2065/4080/246 2064/4078/246 2042/4034/246
f 2062/4074/246 2065/4080/246 2042/4034/246
f 1948/3842/246 2041/4031/246 2055/4060/246
f 1948/3842/246 2055/4060/246 2053/4056/246
f 2062/4074/246 2042/4034/246 1951/3851/246
f 2063/4076/246 2062/4074/246 1951/3851/246
f 1948/3842/246 2053/4056/246 2056/4062/246
f 1948/3842/246 2056/4062/246 2050/4050/246
f 2061/4072/246 2063/4076/246 1951/3851/246
f 2059/4068/246 2061/4072/246 1951/3851/246
f 1948/3842/246 2050/4050/246 2051/4052/246
f 1948/3842/246 2051/4052/246 2052/4054/246
f 2060/4070/246 2059/4068/246 1951/3851/246
f 2058/4066/246 2060/4070/246 1951/3851/246
f 1948/3842/246 2052/4054/246 2057/4064/246
f 1948/3842/246 2057/4064/246 2046/4042/246
f 2048/4046/246 2058/4066/246 1951/3851/246
f 2049/4048/246 2048/4046/246 1951/3851/246
f 1948/3842/246 2046/4042/246 2047/4044/246
f 1948/3842/246 2047/4044/246 2044/4038/246
f 2049/4048/246 1951/3851/246 1948/3842/246
f 2045/4040/246 2049/4048/246 1948/3842/246
f 1948/3842/246 2044/4038/246 2043/4036/246
f 2041/4032/247 1948/3843/247 1954/3857/247
f 1954/3857/247 1963/3871/247 2035/4016/247
f 2036/4019/247 2041/4032/247 1954/3857/247
f 2038/4023/248 1966/3875/248 1957/3863/248
f 1950/3847/257 1947/3838/257 2043/4037/257
f 1953/3854/258 1950/3847/258 2044/4039/258
f 1956/3860/259 1953/3854/259 2047/4045/259
f 1958/3864/260 1956/3860/260 2046/4043/260
f 1958/3864/261 2057/4065/261 2052/4055/261
f 1961/3868/262 2052/4055/262 2051/4053/262
f 1964/3872/263 2051/4053/263 2050/4051/263
f 1968/3878/264 2050/4051/264 2056/4063/264
f 1971/3884/265 2056/4063/265 2053/4057/265
f 1973/3888/266 2053/4057/266 2055/4061/266
f 1977/3896/267 2055/4061/267 2054/4059/267
f 1980/3902/268 2054/4059/268 2066/4083/268
f 1986/3914/269 1983/3908/269 2066/4083/269
f 1989/3920/270 1986/3914/270 2067/4085/270
f 1992/3926/271 1989/3920/271 2073/4097/271
f 1995/3932/272 1992/3926/272 2070/4091/272
f 1997/3936/273 1995/3932/273 2069/4089/273
f 2001/3944/274 1997/3936/274 2071/4093/274
f 2004/3950/275 2001/3944/275 2072/4095/275
f 2007/3956/276 2004/3950/276 2068/4087/276
f 2010/3962/277 2007/3956/277 2074/4099/277
f 2013/3968/278 2010/3962/278 2064/4079/278
f 2016/3974/279 2013/3968/279 2065/4081/279
f 2019/3980/280 2016/3974/280 2062/4075/280
f 2022/3985/281 2019/3980/281 2063/4077/281
f 2025/3993/282 2022/3985/282 2061/4073/282
f 2028/3999/283 2025/3993/283 2059/4069/283
f 2031/4006/284 2028/3999/284 2060/4071/284
f 2034/4013/285 2031/4006/285 2058/4067/285
f 2037/4020/286 2034/4013/286 2048/4047/286
f 2040/4028/287 2037/4020/287 2049/4049/287
f 1947/3839/288 2040/4028/288 2045/4041/288
f 2037/4021/246 2040/4029/246 1947/3840/246
f 1947/3840/246 1950/3848/246 1953/3855/246
f 1953/3855/246 1956/3861/246 1958/3865/246
f 1958/3865/246 1961/3869/246 1964/3873/246
f 1964/3873/246 1968/3879/246 1971/3885/246
f 1971/3885/246 1973/3889/246 1977/3897/246
f 1977/3897/246 1980/3903/246 1983/3909/246
f 1983/3909/246 1986/3915/246 1989/3921/246
f 1989/3921/246 1992/3927/246 1995/3933/246
f 1995/3933/246 1997/3937/246 2001/3945/246
f 2001/3945/246 2004/3951/246 2007/3957/246
f 2007/3957/246 2010/3963/246 2013/3969/246
f 2013/3969/246 2016/3975/246 2019/3981/246
f 2019/3981/246 2022/3986/246 2025/3994/246
f 2025/3994/246 2028/4000/246 2031/4007/246
f 2031/4007/246 2034/4014/246 2037/4021/246
f 2037/4021/246 1947/3840/246 1953/3855/246
f 1953/3855/246 1958/3865/246 1964/3873/246
f 1964/3873/246 1971/3885/246 1977/3897/246
f 1977/3897/246 1983/3909/246 1989/3921/246
f 1989/3921/246 1995/3933/246 2001/3945/246
f 2001/3945/246 2007/3957/246 2013/3969/246
f 2013/3969/246 2019/3981/246 2025/3994/246
f 2025/3994/246 2031/4007/246 2037/4021/246
f 2037/4021/246 1953/3855/246 1964/3873/246
f 1964/3873/246 1977/3897/246 1989/3921/246
f 1989/3921/246 2001/3945/246 2013/3969/246
f 2013/3969/246 2025/3994/246 2037/4021/246
f 2037/4021/246 1964/3873/246 1989/3921/246
o ENS160+EHT21
v 0.012100 0.040380 -0.044200
v 0.010000 0.041500 -0.035200
v 0.012100 0.059620 -0.044200
v 0.010000 0.044000 -0.035200
v -0.012100 0.040380 -0.044200
v -0.010000 0.041500 -0.035200
v -0.010000 0.044000 -0.035200
v -0.012100 0.059620 -0.044200
v 0.012100 0.040380 -0.045800
v 0.012100 0.059620 -0.045800
v -0.012100 0.040380 -0.045800
v -0.012100 0.059620 -0.045800
v 0.011100 0.057220 -0.044200
v 0.011071 0.056927 -0.044200
v 0.011071 0.057513 -0.044200
v 0.010986 0.056646 -0.044200
v 0.010847 0.058053 -0.044200
v 0.010847 0.056387 -0.044200
v 0.010986 0.057794 -0.044200
v 0.010661 0.056159 -0.044200
v 0.010433 0.058467 -0.044200
v 0.009893 0.055749 -0.044200
v 0.009663 0.055726 -0.044200
v 0.010174 0.055834 -0.044200
v 0.009893 0.058691 -0.044200
v 0.010433 0.055973 -0.044200
v 0.010174 0.058606 -0.044200
v 0.010661 0.058281 -0.044200
v 0.009307 0.055749 -0.044200
v 0.009307 0.058691 -0.044200
v 0.008767 0.055973 -0.044200
v 0.008767 0.058467 -0.044200
v 0.009026 0.055834 -0.044200
v 0.009026 0.058606 -0.044200
v 0.008353 0.056387 -0.044200
v 0.008353 0.058053 -0.044200
v 0.008100 0.057220 -0.044200
v 0.008129 0.057513 -0.044200
v 0.008129 0.056927 -0.044200
v 0.008214 0.057794 -0.044200
v 0.008214 0.056646 -0.044200
v 0.008539 0.058281 -0.044200
v 0.008539 0.056159 -0.044200
v 0.009600 0.055720 -0.044200
v 0.009600 0.058720 -0.044200
v 0.010540 0.058380 -0.045800
v 0.010433 0.058467 -0.045800
v 0.010174 0.058606 -0.045800
v 0.009893 0.058691 -0.045800
v 0.009600 0.058720 -0.045800
v 0.009026 0.058606 -0.045800
v 0.009307 0.058691 -0.045800
v 0.008539 0.058281 -0.045800
v 0.008353 0.058053 -0.045800
v 0.008100 0.057220 -0.045800
v 0.008129 0.056927 -0.045800
v 0.008129 0.057513 -0.045800
v 0.008214 0.056646 -0.045800
v 0.008214 0.057794 -0.045800
v 0.008767 0.058467 -0.045800
v 0.011100 0.057220 -0.045800
v 0.010986 0.056646 -0.045800
v 0.011071 0.056927 -0.045800
v 0.011071 0.057513 -0.045800
v 0.010661 0.056159 -0.045800
v 0.010847 0.056387 -0.045800
v 0.010847 0.058053 -0.045800
v 0.010986 0.057794 -0.045800
v 0.010661 0.058281 -0.045800
v 0.010174 0.055834 -0.045800
v 0.009600 0.055720 -0.045800
v 0.009893 0.055749 -0.045800
v 0.008767 0.055973 -0.045800
v 0.009026 0.055834 -0.045800
v 0.008539 0.056159 -0.045800
v 0.008353 0.056387 -0.045800
v 0.009307 0.055749 -0.045800
v 0.010433 0.055973 -0.045800
v 0.010000 0.041500 -0.044200
v -0.010000 0.041500 -0.044200
v -0.010000 0.044000 -0.044200
v 0.010000 0.044000 -0.044200
vn -0.0000 -0.0000 1.0000
vn -1.0000 -0.0000 -0.0000
vn -0.0000 -0.0000 -1.0000
vn 1.0000 -0.0000 -0.0000
vn -0.0000 -1.0000 -0.0000
vn -0.0000 1.0000 -0.0000
vn 0.9952 0.0980 -0.0000
vn 0.9569 0.2903 -0.0000
vn 0.8819 0.4714 -0.0000
vn 0.7730 0.6344 -0.0000
vn 0.6344 0.7730 -0.0000
vn 0.4714 0.8819 -0.0000
vn 0.2903 0.9569 -0.0000
vn 0.0980 0.9952 -0.0000
vn -0.0980 0.9952 -0.0000
vn -0.2903 0.9569 -0.0000
vn -0.4714 0.8819 -0.0000
vn -0.6344 0.7730 -0.0000
vn -0.7730 0.6344 -0.0000
vn -0.8819 0.4714 -0.0000
vn -0.9569 0.2903 -0.0000
vn -0.9952 0.0980 -0.0000
vn -0.9952 -0.0980 -0.0000
vn -0.9569 -0.2903 -0.0000
vn -0.8819 -0.4714 -0.0000
vn -0.7730 -0.6344 -0.0000
vn -0.6344 -0.7730 -0.0000
vn -0.4714 -0.8819 -0.0000
vn -0.2903 -0.9569 -0.0000
vn -0.0980 -0.9952 -0.0000
vn 0.0980 -0.9952 -0.0000
vn 0.2903 -0.9569 -0.0000
vn 0.4714 -0.8819 -0.0000
vn 0.6344 -0.7730 -0.0000
vn 0.7730 -0.6344 -0.0000
vn 0.8819 -0.4714 -0.0000
vn 0.9569 -0.2903 -0.0000
vn 0.9952 -0.0980 -0.0000
vt 0.375000 0.000000
vt 0.375000 1.000000
vt 0.125000 0.750000
vt 0.375000 0.000000
vt 0.375000 1.000000
vt 0.125000 0.750000
vt 0.625000 0.000000
vt 0.625000 1.000000
vt 0.875000 0.750000
vt 0.625000 1.000000
vt 0.625000 0.000000
vt 0.875000 0.750000
vt 0.125000 0.500000
vt 0.375000 0.250000
vt 0.375000 0.250000
vt 0.125000 0.500000
vt 0.625000 0.250000
vt 0.875000 0.500000
vt 0.625000 0.250000
vt 0.875000 0.500000
vt 0.375000 0.750000
vt 0.625000 0.750000
vt 0.375000 0.500000
vt 0.625000 0.500000
vt 0.593815 0.010331
vt 0.500000 0.607143
vt 0.590012 0.010628
vt 0.531250 0.607143
vt 0.597617 0.010628
vt 0.468750 0.607143
vt 0.586356 0.011510
vt 0.562500 0.607143
vt 0.604643 0.012942
vt 0.406250 0.607143
vt 0.582987 0.012942
vt 0.593750 0.607143
vt 0.601274 0.011510
vt 0.437500 0.607143
vt 0.580033 0.014869
vt 0.625000 0.607143
vt 0.610021 0.017217
vt 0.343750 0.607143
vt 0.574699 0.022803
vt 0.718750 0.607143
vt 0.574405 0.025179
vt 0.743304 0.607143
vt 0.575808 0.019896
vt 0.687500 0.607143
vt 0.612931 0.022803
vt 0.281250 0.607143
vt 0.577609 0.017217
vt 0.656250 0.607143
vt 0.611822 0.019896
vt 0.312500 0.607143
vt 0.607597 0.014869
vt 0.375000 0.607143
vt 0.574699 0.028850
vt 0.781250 0.607143
vt 0.612931 0.028850
vt 0.218750 0.607143
vt 0.577609 0.034435
vt 0.843750 0.607143
vt 0.156250 0.607143
vt 0.610021 0.034435
vt 0.575808 0.031756
vt 0.812500 0.607143
vt 0.611822 0.031756
vt 0.187500 0.607143
vt 0.582987 0.038711
vt 0.906250 0.607143
vt 0.604643 0.038711
vt 0.093750 0.607143
vt 1.000000 0.607143
vt 0.593815 0.041322
vt 0.000000 0.607143
vt 0.597617 0.041025
vt 0.031250 0.607143
vt 0.590013 0.041025
vt 0.968750 0.607143
vt 0.601274 0.040143
vt 0.062500 0.607143
vt 0.586356 0.040143
vt 0.937500 0.607143
vt 0.607597 0.036784
vt 0.125000 0.607143
vt 0.580033 0.036784
vt 0.875000 0.607143
vt 0.574324 0.025826
vt 0.750000 0.607143
vt 0.613306 0.025826
vt 0.250000 0.607143
vt 0.608884 0.733884
vt 0.358407 0.892857
vt 0.610021 0.732783
vt 0.343750 0.892857
vt 0.611822 0.730104
vt 0.312500 0.892857
vt 0.612931 0.727197
vt 0.281250 0.892857
vt 0.613306 0.724174
vt 0.250000 0.892857
vt 0.611822 0.718244
vt 0.187500 0.892857
vt 0.612931 0.721150
vt 0.218750 0.892857
vt 0.607597 0.713216
vt 0.125000 0.892857
vt 0.604643 0.711289
vt 0.093750 0.892857
vt 0.593815 0.708678
vt 1.000000 0.892857
vt 0.000000 0.892857
vt 0.590012 0.708975
vt 0.968750 0.892857
vt 0.597617 0.708975
vt 0.031250 0.892857
vt 0.586356 0.709857
vt 0.937500 0.892857
vt 0.601274 0.709857
vt 0.062500 0.892857
vt 0.610021 0.715564
vt 0.156250 0.892857
vt 0.593815 0.739669
vt 0.500000 0.892857
vt 0.586356 0.738490
vt 0.562500 0.892857
vt 0.590012 0.739372
vt 0.531250 0.892857
vt 0.597617 0.739372
vt 0.468750 0.892857
vt 0.580033 0.735131
vt 0.625000 0.892857
vt 0.582987 0.737058
vt 0.593750 0.892857
vt 0.604643 0.737058
vt 0.406250 0.892857
vt 0.601274 0.738490
vt 0.437500 0.892857
vt 0.607597 0.735131
vt 0.375000 0.892857
vt 0.575808 0.730104
vt 0.687500 0.892857
vt 0.574324 0.724174
vt 0.750000 0.892857
vt 0.574699 0.727197
vt 0.718750 0.892857
vt 0.577609 0.715564
vt 0.843750 0.892857
vt 0.575808 0.718244
vt 0.812500 0.892857
vt 0.580033 0.713216
vt 0.875000 0.892857
vt 0.582987 0.711289
vt 0.906250 0.892857
vt 0.574699 0.721150
vt 0.781250 0.892857
vt 0.577609 0.732783
vt 0.656250 0.892857
vt 0.389553 0.021694
vt 0.375000 0.750000
vt 0.389553 0.228306
vt 0.375000 0.500000
vt 0.422037 0.228306
vt 0.625000 0.500000
vt 0.422037 0.021694
vt 0.625000 0.750000
s 0
usemtl Material.005
f 2075/4100/290 2077/4106/290 2090/4130/290
f 2082/4118/290 2111/4173/290 2112/4175/290
f 2075/4100/290 2154/4260/290 2079/4113/290
f 2082/4118/291 2085/4122/291 2079/4113/291
f 2086/4123/292 2133/4218/292 2131/4214/292
f 2083/4120/292 2137/4226/292 2135/4222/292
f 2084/4121/293 2075/4101/293 2083/4120/293
f 2085/4122/294 2075/4102/294 2079/4112/294
f 2082/4119/295 2084/4121/295 2086/4123/295
f 2113/4178/296 2129/4210/296 2111/4172/296
f 2115/4182/297 2130/4213/297 2113/4178/297
f 2109/4169/298 2132/4217/298 2115/4182/298
f 2117/4186/299 2150/4253/299 2109/4169/299
f 2105/4161/300 2149/4251/300 2117/4186/300
f 2107/4165/301 2147/4247/301 2105/4161/301
f 2103/4157/302 2148/4249/302 2107/4165/302
f 2118/4188/303 2151/4255/303 2103/4157/303
f 2118/4188/304 2097/4145/304 2146/4245/304
f 2098/4147/305 2146/4245/305 2096/4143/305
f 2100/4151/306 2144/4241/306 2098/4147/306
f 2139/4231/307 2100/4151/307 2094/4139/307
f 2140/4233/308 2094/4139/308 2092/4135/308
f 2136/4225/309 2092/4135/309 2090/4131/309
f 2137/4227/310 2090/4131/310 2088/4127/310
f 2135/4223/311 2088/4127/311 2087/4125/311
f 2138/4229/312 2087/4125/312 2089/4129/312
f 2142/4237/313 2089/4129/313 2093/4137/313
f 2141/4235/314 2093/4137/314 2091/4133/314
f 2143/4239/315 2091/4133/315 2102/4155/315
f 2143/4239/316 2095/4141/316 2121/4194/316
f 2122/4196/317 2095/4141/317 2101/4153/317
f 2123/4198/318 2101/4153/318 2099/4149/318
f 2124/4200/319 2099/4149/319 2119/4190/319
f 2126/4204/320 2119/4190/320 2104/4159/320
f 2125/4202/321 2104/4159/321 2108/4167/321
f 2134/4221/322 2108/4167/322 2106/4162/322
f 2116/4184/323 2134/4221/323 2106/4162/323
f 2110/4171/324 2127/4206/324 2116/4184/324
f 2114/4180/325 2128/4208/325 2110/4171/325
f 2112/4176/326 2133/4219/326 2114/4180/326
f 2111/4174/327 2131/4215/327 2112/4176/327
f 2096/4142/290 2097/4144/290 2075/4100/290
f 2077/4106/290 2095/4140/290 2102/4154/290
f 2077/4106/290 2102/4154/290 2091/4132/290
f 2098/4146/290 2096/4142/290 2075/4100/290
f 2100/4150/290 2098/4146/290 2075/4100/290
f 2077/4106/290 2091/4132/290 2093/4136/290
f 2077/4106/290 2093/4136/290 2089/4128/290
f 2094/4138/290 2100/4150/290 2075/4100/290
f 2092/4134/290 2094/4138/290 2075/4100/290
f 2077/4106/290 2089/4128/290 2087/4124/290
f 2077/4106/290 2087/4124/290 2088/4126/290
f 2090/4130/290 2092/4134/290 2075/4100/290
f 2077/4106/290 2088/4126/290 2090/4130/290
f 2101/4152/290 2095/4140/290 2077/4106/290
f 2082/4118/290 2079/4113/290 2154/4260/290
f 2082/4118/290 2154/4260/290 2155/4262/290
f 2099/4148/290 2101/4152/290 2077/4106/290
f 2119/4189/290 2099/4148/290 2077/4106/290
f 2082/4118/290 2155/4262/290 2156/4264/290
f 2156/4264/290 2153/4258/290 2075/4100/290
f 2075/4100/290 2097/4144/290 2118/4187/290
f 2075/4100/290 2118/4187/290 2103/4156/290
f 2156/4264/290 2075/4100/290 2103/4156/290
f 2156/4264/290 2103/4156/290 2107/4164/290
f 2119/4189/290 2077/4106/290 2082/4118/290
f 2104/4158/290 2119/4189/290 2082/4118/290
f 2082/4118/290 2156/4264/290 2107/4164/290
f 2082/4118/290 2107/4164/290 2105/4160/290
f 2108/4166/290 2104/4158/290 2082/4118/290
f 2106/4163/290 2108/4166/290 2082/4118/290
f 2082/4118/290 2105/4160/290 2117/4185/290
f 2082/4118/290 2117/4185/290 2109/4168/290
f 2116/4183/290 2106/4163/290 2082/4118/290
f 2110/4170/290 2116/4183/290 2082/4118/290
f 2082/4118/290 2109/4168/290 2115/4181/290
f 2082/4118/290 2115/4181/290 2113/4177/290
f 2114/4179/290 2110/4170/290 2082/4118/290
f 2112/4175/290 2114/4179/290 2082/4118/290
f 2082/4118/290 2113/4177/290 2111/4173/290
f 2075/4100/290 2153/4258/290 2154/4260/290
f 2082/4118/291 2086/4123/291 2085/4122/291
f 2151/4254/292 2145/4242/292 2083/4120/292
f 2083/4120/292 2085/4122/292 2086/4123/292
f 2084/4121/292 2120/4191/292 2121/4193/292
f 2084/4121/292 2121/4193/292 2122/4195/292
f 2151/4254/292 2083/4120/292 2086/4123/292
f 2148/4248/292 2151/4254/292 2086/4123/292
f 2084/4121/292 2122/4195/292 2123/4197/292
f 2084/4121/292 2123/4197/292 2124/4199/292
f 2147/4246/292 2148/4248/292 2086/4123/292
f 2149/4250/292 2147/4246/292 2086/4123/292
f 2086/4123/292 2084/4121/292 2124/4199/292
f 2086/4123/292 2124/4199/292 2126/4203/292
f 2150/4252/292 2149/4250/292 2086/4123/292
f 2132/4216/292 2150/4252/292 2086/4123/292
f 2086/4123/292 2126/4203/292 2125/4201/292
f 2086/4123/292 2125/4201/292 2134/4220/292
f 2130/4212/292 2132/4216/292 2086/4123/292
f 2129/4209/292 2130/4212/292 2086/4123/292
f 2086/4123/292 2134/4220/292 2127/4205/292
f 2086/4123/292 2127/4205/292 2128/4207/292
f 2131/4214/292 2129/4209/292 2086/4123/292
f 2086/4123/292 2128/4207/292 2133/4218/292
f 2143/4238/292 2120/4191/292 2084/4121/292
f 2083/4120/292 2145/4242/292 2146/4244/292
f 2083/4120/292 2146/4244/292 2144/4240/292
f 2141/4234/292 2143/4238/292 2084/4121/292
f 2142/4236/292 2141/4234/292 2084/4121/292
f 2083/4120/292 2144/4240/292 2152/4256/292
f 2083/4120/292 2152/4256/292 2139/4230/292
f 2138/4228/292 2142/4236/292 2084/4121/292
f 2135/4222/292 2138/4228/292 2084/4121/292
f 2083/4120/292 2139/4230/292 2140/4232/292
f 2083/4120/292 2140/4232/292 2136/4224/292
f 2135/4222/292 2084/4121/292 2083/4120/292
f 2083/4120/292 2136/4224/292 2137/4226/292
f 2084/4121/293 2077/4107/293 2075/4101/293
f 2085/4122/294 2083/4120/294 2075/4102/294
f 2082/4119/295 2077/4108/295 2084/4121/295
f 2113/4178/296 2130/4213/296 2129/4210/296
f 2115/4182/297 2132/4217/297 2130/4213/297
f 2109/4169/298 2150/4253/298 2132/4217/298
f 2117/4186/299 2149/4251/299 2150/4253/299
f 2105/4161/300 2147/4247/300 2149/4251/300
f 2107/4165/301 2148/4249/301 2147/4247/301
f 2103/4157/302 2151/4255/302 2148/4249/302
f 2118/4188/303 2145/4243/303 2151/4255/303
f 2146/4245/304 2145/4243/304 2118/4188/304
f 2097/4145/304 2096/4143/304 2146/4245/304
f 2098/4147/305 2144/4241/305 2146/4245/305
f 2100/4151/306 2152/4257/306 2144/4241/306
f 2139/4231/307 2152/4257/307 2100/4151/307
f 2140/4233/308 2139/4231/308 2094/4139/308
f 2136/4225/309 2140/4233/309 2092/4135/309
f 2137/4227/310 2136/4225/310 2090/4131/310
f 2135/4223/311 2137/4227/311 2088/4127/311
f 2138/4229/312 2135/4223/312 2087/4125/312
f 2142/4237/313 2138/4229/313 2089/4129/313
f 2141/4235/314 2142/4237/314 2093/4137/314
f 2143/4239/315 2141/4235/315 2091/4133/315
f 2121/4194/295 2120/4192/295 2143/4239/295
f 2143/4239/316 2102/4155/316 2095/4141/316
f 2122/4196/317 2121/4194/317 2095/4141/317
f 2123/4198/318 2122/4196/318 2101/4153/318
f 2124/4200/319 2123/4198/319 2099/4149/319
f 2126/4204/320 2124/4200/320 2119/4190/320
f 2125/4202/321 2126/4204/321 2104/4159/321
f 2134/4221/322 2125/4202/322 2108/4167/322
f 2116/4184/323 2127/4206/323 2134/4221/323
f 2110/4171/324 2128/4208/324 2127/4206/324
f 2114/4180/325 2133/4219/325 2128/4208/325
f 2112/4176/326 2131/4215/326 2133/4219/326
f 2111/4174/327 2129/4211/327 2131/4215/327
usemtl Material.004
f 2078/4110/290 2080/4114/290 2076/4103/290
f 2081/4116/291 2154/4261/291 2080/4114/291
f 2076/4104/293 2156/4265/293 2078/4109/293
f 2076/4105/294 2154/4261/294 2153/4259/294
f 2081/4117/295 2156/4265/295 2155/4263/295
f 2078/4110/290 2081/4116/290 2080/4114/290
f 2081/4116/291 2155/4263/291 2154/4261/291
f 2076/4104/293 2153/4259/293 2156/4265/293
f 2076/4105/294 2080/4115/294 2154/4261/294
f 2081/4117/295 2078/4111/295 2156/4265/295
o BH1750
v -0.009360 0.094200 0.007200
v 0.005750 0.085500 0.005050
v -0.009360 0.095800 0.007200
v -0.009360 0.094200 -0.007200
v 0.005750 0.085500 -0.005050
v -0.009360 0.095800 -0.007200
v 0.009360 0.094200 0.007200
v 0.008250 0.085500 0.005050
v 0.009360 0.095800 0.007200
v 0.009360 0.094200 -0.007200
v 0.008250 0.085500 -0.005050
v 0.009360 0.095800 -0.007200
v -0.008250 0.094200 0.004700
v -0.008221 0.094200 0.004993
v -0.008221 0.094200 0.004407
v -0.008136 0.094200 0.005274
v -0.007997 0.094200 0.003867
v -0.007997 0.094200 0.005533
v -0.008136 0.094200 0.004126
v -0.007811 0.094200 0.005761
v -0.007583 0.094200 0.003453
v -0.007043 0.094200 0.006171
v -0.007324 0.094200 0.006086
v -0.007043 0.094200 0.003229
v -0.007583 0.094200 0.005947
v -0.007324 0.094200 0.003314
v -0.007811 0.094200 0.003639
v -0.006457 0.094200 0.006171
v -0.006457 0.094200 0.003229
v -0.005917 0.094200 0.005947
v -0.005917 0.094200 0.003453
v -0.006176 0.094200 0.006086
v -0.006176 0.094200 0.003314
v -0.005503 0.094200 0.005533
v -0.005503 0.094200 0.003867
v -0.005250 0.094200 0.004700
v -0.005279 0.094200 0.004407
v -0.005279 0.094200 0.004993
v -0.005364 0.094200 0.004126
v -0.005364 0.094200 0.005274
v -0.005689 0.094200 0.003639
v -0.005689 0.094200 0.005761
v -0.006750 0.094200 0.006200
v -0.006750 0.094200 0.003200
v -0.008250 0.095800 0.004700
v -0.008136 0.095800 0.005274
v -0.008221 0.095800 0.004993
v -0.008221 0.095800 0.004407
v -0.007811 0.095800 0.005761
v -0.007997 0.095800 0.005533
v -0.007997 0.095800 0.003867
v -0.008136 0.095800 0.004126
v -0.007811 0.095800 0.003639
v -0.007324 0.095800 0.003314
v -0.007583 0.095800 0.003453
v -0.006457 0.095800 0.003229
v -0.006750 0.095800 0.003200
v -0.007043 0.095800 0.003229
v -0.005917 0.095800 0.003453
v -0.005503 0.095800 0.003867
v -0.005364 0.095800 0.004126
v -0.005689 0.095800 0.003639
v -0.006176 0.095800 0.003314
v -0.007583 0.095800 0.005947
v -0.007324 0.095800 0.006086
v -0.007043 0.095800 0.006171
v -0.006750 0.095800 0.006200
v -0.006176 0.095800 0.006086
v -0.006457 0.095800 0.006171
v -0.005689 0.095800 0.005761
v -0.005364 0.095800 0.005274
v -0.005503 0.095800 0.005533
v -0.005250 0.095800 0.004700
v -0.005279 0.095800 0.004993
v -0.005279 0.095800 0.004407
v -0.005917 0.095800 0.005947
v -0.007603 0.094200 -0.005947
v -0.007344 0.094200 -0.006086
v -0.007063 0.094200 -0.006171
v -0.006770 0.094200 -0.006200
v -0.006196 0.094200 -0.006086
v -0.006477 0.094200 -0.006171
v -0.005709 0.094200 -0.005761
v -0.005384 0.094200 -0.005274
v -0.005523 0.094200 -0.005533
v -0.005270 0.094200 -0.004700
v -0.005299 0.094200 -0.004407
v -0.005299 0.094200 -0.004993
v -0.005937 0.094200 -0.005947
v -0.008241 0.094200 -0.004407
v -0.008270 0.094200 -0.004700
v -0.008156 0.094200 -0.004126
v -0.008241 0.094200 -0.004993
v -0.008156 0.094200 -0.005274
v -0.008017 0.094200 -0.005533
v -0.007831 0.094200 -0.003639
v -0.008017 0.094200 -0.003867
v -0.007831 0.094200 -0.005761
v -0.007344 0.094200 -0.003314
v -0.006770 0.094200 -0.003200
v -0.006477 0.094200 -0.003229
v -0.007063 0.094200 -0.003229
v -0.005709 0.094200 -0.003639
v -0.005937 0.094200 -0.003453
v -0.005523 0.094200 -0.003867
v -0.005384 0.094200 -0.004126
v -0.007603 0.094200 -0.003453
v -0.006196 0.094200 -0.003314
v -0.007603 0.095800 -0.005947
v -0.007344 0.095800 -0.006086
v -0.007063 0.095800 -0.006171
v -0.006770 0.095800 -0.006200
v -0.006196 0.095800 -0.006086
v -0.006477 0.095800 -0.006171
v -0.005709 0.095800 -0.005761
v -0.005523 0.095800 -0.005533
v -0.005270 0.095800 -0.004700
v -0.005299 0.095800 -0.004407
v -0.005299 0.095800 -0.004993
v -0.005384 0.095800 -0.005274
v -0.005937 0.095800 -0.005947
v -0.008241 0.095800 -0.004407
v -0.008270 0.095800 -0.004700
v -0.008156 0.095800 -0.004126
v -0.008241 0.095800 -0.004993
v -0.008156 0.095800 -0.005274
v -0.008017 0.095800 -0.003867
v -0.007831 0.095800 -0.005761
v -0.007831 0.095800 -0.003639
v -0.008017 0.095800 -0.005533
v -0.007063 0.095800 -0.003229
v -0.007344 0.095800 -0.003314
v -0.006477 0.095800 -0.003229
v -0.006770 0.095800 -0.003200
v -0.005937 0.095800 -0.003453
v -0.005523 0.095800 -0.003867
v -0.005384 0.095800 -0.004126
v -0.005709 0.095800 -0.003639
v -0.006196 0.095800 -0.003314
v -0.007603 0.095800 -0.003453
v 0.005750 0.094200 0.005050
v 0.008250 0.094200 0.005050
v 0.008250 0.094200 -0.005050
v 0.005750 0.094200 -0.005050
vn -1.0000 -0.0000 -0.0000
vn -0.0000 -0.0000 -1.0000
vn 1.0000 -0.0000 -0.0000
vn -0.0000 -0.0000 1.0000
vn -0.0000 -1.0000 -0.0000
vn -0.0000 1.0000 -0.0000
vn -0.0980 -0.0000 0.9952
vn -0.2903 -0.0000 0.9569
vn -0.4714 -0.0000 0.8819
vn -0.6344 -0.0000 0.7730
vn -0.7730 -0.0000 0.6344
vn -0.8819 -0.0000 0.4714
vn -0.9569 -0.0000 0.2903
vn -0.9952 -0.0000 0.0980
vn -0.9952 -0.0000 -0.0980
vn -0.9569 -0.0000 -0.2903
vn -0.8819 -0.0000 -0.4714
vn -0.7730 -0.0000 -0.6344
vn -0.6344 -0.0000 -0.7730
vn -0.4714 -0.0000 -0.8819
vn -0.2903 -0.0000 -0.9569
vn -0.0980 -0.0000 -0.9952
vn 0.0980 -0.0000 -0.9952
vn 0.2903 -0.0000 -0.9569
vn 0.4714 -0.0000 -0.8819
vn 0.6344 -0.0000 -0.7730
vn 0.7730 -0.0000 -0.6344
vn 0.8819 -0.0000 -0.4714
vn 0.9569 -0.0000 -0.2903
vn 0.9952 -0.0000 -0.0980
vn 0.9952 -0.0000 0.0980
vn 0.9569 -0.0000 0.2903
vn 0.8819 -0.0000 0.4714
vn 0.7730 -0.0000 0.6344
vn 0.6344 -0.0000 0.7730
vn 0.4714 -0.0000 0.8819
vn 0.2903 -0.0000 0.9569
vn 0.0980 -0.0000 0.9952
vt 0.375000 0.000000
vt 0.375000 1.000000
vt 0.125000 0.750000
vt 0.375000 0.000000
vt 0.375000 1.000000
vt 0.125000 0.750000
vt 0.625000 0.000000
vt 0.625000 1.000000
vt 0.875000 0.750000
vt 0.375000 0.250000
vt 0.125000 0.500000
vt 0.125000 0.500000
vt 0.375000 0.250000
vt 0.625000 0.250000
vt 0.875000 0.500000
vt 0.375000 0.750000
vt 0.375000 0.750000
vt 0.625000 0.750000
vt 0.375000 0.500000
vt 0.375000 0.500000
vt 0.625000 0.500000
vt 0.139824 0.706597
vt 0.250000 0.607143
vt 0.140209 0.711678
vt 0.281250 0.607143
vt 0.140209 0.701517
vt 0.218750 0.607143
vt 0.141349 0.716563
vt 0.312500 0.607143
vt 0.143200 0.692129
vt 0.156250 0.607143
vt 0.143200 0.721065
vt 0.343750 0.607143
vt 0.141349 0.696631
vt 0.187500 0.607143
vt 0.145691 0.725011
vt 0.375000 0.607143
vt 0.148727 0.684944
vt 0.093750 0.607143
vt 0.155948 0.732139
vt 0.468750 0.607143
vt 0.152190 0.730657
vt 0.437500 0.607143
vt 0.155948 0.681056
vt 0.031250 0.607143
vt 0.148727 0.728250
vt 0.406250 0.607143
vt 0.152190 0.682538
vt 0.062500 0.607143
vt 0.145691 0.688183
vt 0.125000 0.607143
vt 0.163764 0.732138
vt 0.531250 0.607143
vt 0.163764 0.681056
vt 0.968750 0.607143
vt 0.170985 0.728250
vt 0.593750 0.607143
vt 0.170985 0.684944
vt 0.906250 0.607143
vt 0.167522 0.730657
vt 0.562500 0.607143
vt 0.167522 0.682538
vt 0.937500 0.607143
vt 0.176512 0.721065
vt 0.656250 0.607143
vt 0.176512 0.692129
vt 0.843750 0.607143
vt 0.179888 0.706597
vt 0.750000 0.607143
vt 0.179503 0.701517
vt 0.781250 0.607143
vt 0.179503 0.711678
vt 0.718750 0.607143
vt 0.178363 0.696632
vt 0.812500 0.607143
vt 0.178363 0.716563
vt 0.687500 0.607143
vt 0.174021 0.688183
vt 0.875000 0.607143
vt 0.174021 0.725011
vt 0.625000 0.607143
vt 0.159856 0.732639
vt 0.500000 0.607143
vt 0.159856 0.680556
vt 1.000000 0.607143
vt 0.000000 0.607143
vt 0.860176 0.706597
vt 0.250000 0.892857
vt 0.858651 0.716563
vt 0.312500 0.892857
vt 0.859791 0.711678
vt 0.281250 0.892857
vt 0.859791 0.701517
vt 0.218750 0.892857
vt 0.854309 0.725011
vt 0.375000 0.892857
vt 0.856800 0.721065
vt 0.343750 0.892857
vt 0.856800 0.692129
vt 0.156250 0.892857
vt 0.858651 0.696631
vt 0.187500 0.892857
vt 0.854309 0.688183
vt 0.125000 0.892857
vt 0.847810 0.682538
vt 0.062500 0.892857
vt 0.851273 0.684944
vt 0.093750 0.892857
vt 0.836236 0.681056
vt 0.968750 0.892857
vt 1.000000 0.892857
vt 0.840144 0.680556
vt 0.000000 0.892857
vt 0.844052 0.681056
vt 0.031250 0.892857
vt 0.829015 0.684944
vt 0.906250 0.892857
vt 0.823488 0.692129
vt 0.843750 0.892857
vt 0.821637 0.696632
vt 0.812500 0.892857
vt 0.825979 0.688183
vt 0.875000 0.892857
vt 0.832478 0.682538
vt 0.937500 0.892857
vt 0.851273 0.728250
vt 0.406250 0.892857
vt 0.847810 0.730657
vt 0.437500 0.892857
vt 0.844052 0.732139
vt 0.468750 0.892857
vt 0.840144 0.732639
vt 0.500000 0.892857
vt 0.832478 0.730657
vt 0.562500 0.892857
vt 0.836236 0.732138
vt 0.531250 0.892857
vt 0.825979 0.725011
vt 0.625000 0.892857
vt 0.821637 0.716563
vt 0.687500 0.892857
vt 0.823488 0.721065
vt 0.656250 0.892857
vt 0.820112 0.706597
vt 0.750000 0.892857
vt 0.820497 0.711678
vt 0.718750 0.892857
vt 0.820497 0.701517
vt 0.781250 0.892857
vt 0.829015 0.728250
vt 0.593750 0.892857
vt 0.148459 0.521750
vt 0.093750 0.607143
vt 0.151923 0.519343
vt 0.062500 0.607143
vt 0.155681 0.517862
vt 0.031250 0.607143
vt 0.159589 0.517361
vt 1.000000 0.607143
vt 0.000000 0.607143
vt 0.167255 0.519343
vt 0.937500 0.607143
vt 0.163497 0.517861
vt 0.968750 0.607143
vt 0.173753 0.524989
vt 0.875000 0.607143
vt 0.178096 0.533437
vt 0.812500 0.607143
vt 0.176245 0.528935
vt 0.843750 0.607143
vt 0.179621 0.543403
vt 0.750000 0.607143
vt 0.179236 0.548483
vt 0.718750 0.607143
vt 0.179236 0.538322
vt 0.781250 0.607143
vt 0.170718 0.521750
vt 0.906250 0.607143
vt 0.139942 0.548483
vt 0.281250 0.607143
vt 0.139557 0.543403
vt 0.250000 0.607143
vt 0.141082 0.553368
vt 0.312500 0.607143
vt 0.139942 0.538322
vt 0.218750 0.607143
vt 0.141081 0.533437
vt 0.187500 0.607143
vt 0.142933 0.528935
vt 0.156250 0.607143
vt 0.145424 0.561817
vt 0.375000 0.607143
vt 0.142933 0.557871
vt 0.343750 0.607143
vt 0.145424 0.524989
vt 0.125000 0.607143
vt 0.151923 0.567462
vt 0.437500 0.607143
vt 0.159589 0.569444
vt 0.500000 0.607143
vt 0.163497 0.568944
vt 0.531250 0.607143
vt 0.155681 0.568944
vt 0.468750 0.607143
vt 0.173753 0.561817
vt 0.625000 0.607143
vt 0.170718 0.565055
vt 0.593750 0.607143
vt 0.176245 0.557871
vt 0.656250 0.607143
vt 0.178096 0.553368
vt 0.687500 0.607143
vt 0.148459 0.565056
vt 0.406250 0.607143
vt 0.167255 0.567462
vt 0.562500 0.607143
vt 0.851540 0.521750
vt 0.093750 0.892857
vt 0.848077 0.519343
vt 0.062500 0.892857
vt 0.844320 0.517862
vt 0.031250 0.892857
vt 1.000000 0.892857
vt 0.840411 0.517361
vt 0.000000 0.892857
vt 0.832745 0.519343
vt 0.937500 0.892857
vt 0.836503 0.517861
vt 0.968750 0.892857
vt 0.826247 0.524989
vt 0.875000 0.892857
vt 0.823755 0.528935
vt 0.843750 0.892857
vt 0.820379 0.543403
vt 0.750000 0.892857
vt 0.820764 0.548483
vt 0.718750 0.892857
vt 0.820764 0.538322
vt 0.781250 0.892857
vt 0.821904 0.533437
vt 0.812500 0.892857
vt 0.829282 0.521750
vt 0.906250 0.892857
vt 0.860058 0.548483
vt 0.281250 0.892857
vt 0.860444 0.543403
vt 0.250000 0.892857
vt 0.858918 0.553369
vt 0.312500 0.892857
vt 0.860058 0.538322
vt 0.218750 0.892857
vt 0.858918 0.533437
vt 0.187500 0.892857
vt 0.857067 0.557871
vt 0.343750 0.892857
vt 0.854576 0.524989
vt 0.125000 0.892857
vt 0.854576 0.561817
vt 0.375000 0.892857
vt 0.857067 0.528935
vt 0.156250 0.892857
vt 0.844319 0.568944
vt 0.468750 0.892857
vt 0.848077 0.567462
vt 0.437500 0.892857
vt 0.836503 0.568944
vt 0.531250 0.892857
vt 0.840411 0.569444
vt 0.500000 0.892857
vt 0.829282 0.565056
vt 0.593750 0.892857
vt 0.823755 0.557871
vt 0.656250 0.892857
vt 0.821904 0.553368
vt 0.687500 0.892857
vt 0.826247 0.561817
vt 0.625000 0.892857
vt 0.832745 0.567462
vt 0.562500 0.892857
vt 0.851540 0.565055
vt 0.406250 0.892857
vt 0.616667 1.000000
vt 0.326790 0.712674
vt 0.616667 0.000000
vt 0.360176 0.712674
vt 0.616667 0.750000
vt 0.360176 0.537326
vt 0.616667 0.500000
vt 0.326789 0.537327
vt 0.616667 0.250000
s 0
usemtl Material.005
f 2159/4272/328 2160/4275/328 2157/4266/328
f 2162/4279/329 2166/4284/329 2160/4275/329
f 2168/4286/330 2163/4281/330 2166/4284/330
f 2165/4283/331 2157/4267/331 2163/4281/331
f 2157/4268/332 2160/4276/332 2171/4291/332
f 2297/4548/332 2187/4323/332 2257/4466/332
f 2163/4281/332 2299/4552/332 2166/4284/332
f 2160/4276/332 2247/4446/332 2246/4444/332
f 2162/4280/333 2159/4274/333 2204/4358/333
f 2291/4535/333 2295/4543/333 2219/4389/333
f 2162/4280/333 2213/4377/333 2280/4513/333
f 2200/4350/334 2212/4375/334 2213/4376/334
f 2185/4320/335 2219/4390/335 2212/4375/335
f 2189/4328/336 2215/4382/336 2219/4390/336
f 2197/4344/337 2215/4382/337 2187/4324/337
f 2191/4332/338 2218/4388/338 2197/4344/338
f 2195/4340/339 2216/4384/339 2191/4332/339
f 2193/4336/340 2217/4386/340 2195/4340/340
f 2192/4334/341 2231/4414/341 2193/4336/341
f 2194/4338/342 2229/4410/342 2192/4334/342
f 2196/4342/343 2230/4412/343 2194/4338/343
f 2190/4330/344 2227/4406/344 2196/4342/344
f 2198/4346/345 2228/4408/345 2190/4330/345
f 2186/4322/346 2226/4404/346 2198/4346/346
f 2188/4326/347 2232/4416/347 2186/4322/347
f 2184/4318/348 2224/4400/348 2188/4326/348
f 2199/4348/349 2225/4402/349 2184/4318/349
f 2178/4306/350 2223/4398/350 2199/4348/350
f 2179/4308/351 2222/4396/351 2178/4306/351
f 2181/4312/352 2221/4394/352 2179/4308/352
f 2181/4312/353 2205/4361/353 2220/4392/353
f 2176/4302/354 2206/4363/354 2205/4361/354
f 2174/4298/355 2202/4355/355 2206/4363/355
f 2172/4294/356 2203/4357/356 2202/4355/356
f 2170/4290/357 2201/4353/357 2203/4357/357
f 2169/4288/358 2204/4359/358 2201/4353/358
f 2171/4292/359 2208/4367/359 2204/4359/359
f 2175/4300/360 2207/4365/360 2208/4367/360
f 2173/4296/361 2209/4369/361 2207/4365/361
f 2183/4316/362 2211/4373/362 2209/4369/362
f 2177/4304/363 2210/4371/363 2211/4373/363
f 2182/4314/364 2214/4380/364 2210/4371/364
f 2180/4310/365 2213/4378/365 2214/4380/365
f 2236/4424/334 2270/4494/334 2268/4488/334
f 2238/4429/335 2269/4492/335 2270/4494/335
f 2237/4427/336 2277/4508/336 2269/4492/336
f 2239/4431/337 2277/4508/337 2245/4443/337
f 2241/4435/338 2271/4496/338 2239/4431/338
f 2240/4433/339 2272/4498/339 2241/4435/339
f 2244/4441/340 2276/4506/340 2240/4433/340
f 2242/4437/341 2275/4504/341 2244/4441/341
f 2243/4439/342 2273/4500/342 2242/4437/342
f 2262/4477/343 2274/4502/343 2243/4439/343
f 2261/4475/344 2293/4540/344 2262/4477/344
f 2259/4471/345 2292/4538/345 2261/4475/345
f 2260/4473/346 2294/4542/346 2259/4471/346
f 2264/4481/347 2291/4536/347 2260/4473/347
f 2257/4467/348 2295/4544/348 2264/4481/348
f 2256/4465/349 2289/4532/349 2257/4467/349
f 2258/4469/350 2290/4534/350 2256/4465/350
f 2255/4463/351 2287/4528/351 2258/4469/351
f 2263/4479/352 2288/4530/352 2255/4463/352
f 2263/4479/353 2285/4524/353 2296/4546/353
f 2252/4457/354 2283/4520/354 2285/4524/354
f 2253/4459/355 2280/4514/355 2283/4520/355
f 2248/4449/356 2278/4510/356 2280/4514/356
f 2246/4445/357 2279/4512/357 2278/4510/357
f 2247/4447/358 2281/4516/358 2279/4512/358
f 2249/4451/359 2282/4518/359 2281/4516/359
f 2250/4453/360 2286/4526/360 2282/4518/360
f 2251/4455/361 2284/4522/361 2286/4526/361
f 2254/4461/362 2265/4483/362 2284/4522/362
f 2233/4418/363 2266/4485/363 2265/4483/363
f 2234/4420/364 2267/4487/364 2266/4485/364
f 2235/4422/365 2268/4490/365 2267/4487/365
f 2159/4272/328 2162/4279/328 2160/4275/328
f 2162/4279/329 2168/4286/329 2166/4284/329
f 2168/4286/330 2165/4283/330 2163/4281/330
f 2165/4283/331 2159/4273/331 2157/4267/331
f 2176/4301/332 2181/4311/332 2157/4268/332
f 2160/4276/332 2180/4309/332 2182/4313/332
f 2160/4276/332 2182/4313/332 2177/4303/332
f 2174/4297/332 2176/4301/332 2157/4268/332
f 2172/4293/332 2174/4297/332 2157/4268/332
f 2160/4276/332 2177/4303/332 2183/4315/332
f 2160/4276/332 2183/4315/332 2173/4295/332
f 2170/4289/332 2172/4293/332 2157/4268/332
f 2169/4287/332 2170/4289/332 2157/4268/332
f 2160/4276/332 2173/4295/332 2175/4299/332
f 2171/4291/332 2169/4287/332 2157/4268/332
f 2160/4276/332 2175/4299/332 2171/4291/332
f 2234/4419/332 2233/4417/332 2160/4276/332
f 2160/4276/332 2166/4284/332 2299/4552/332
f 2160/4276/332 2299/4552/332 2300/4554/332
f 2235/4421/332 2234/4419/332 2160/4276/332
f 2236/4423/332 2235/4421/332 2160/4276/332
f 2297/4548/332 2298/4550/332 2163/4281/332
f 2157/4268/332 2181/4311/332 2179/4307/332
f 2157/4268/332 2179/4307/332 2178/4305/332
f 2297/4548/332 2163/4281/332 2157/4268/332
f 2236/4423/332 2160/4276/332 2300/4554/332
f 2238/4428/332 2236/4423/332 2300/4554/332
f 2157/4268/332 2178/4305/332 2199/4347/332
f 2157/4268/332 2199/4347/332 2184/4317/332
f 2237/4426/332 2238/4428/332 2300/4554/332
f 2245/4442/332 2237/4426/332 2300/4554/332
f 2297/4548/332 2157/4268/332 2184/4317/332
f 2297/4548/332 2184/4317/332 2188/4325/332
f 2239/4430/332 2245/4442/332 2300/4554/332
f 2241/4434/332 2239/4430/332 2300/4554/332
f 2297/4548/332 2188/4325/332 2186/4321/332
f 2297/4548/332 2186/4321/332 2198/4345/332
f 2241/4434/332 2300/4554/332 2297/4548/332
f 2240/4432/332 2241/4434/332 2297/4548/332
f 2297/4548/332 2198/4345/332 2190/4329/332
f 2297/4548/332 2190/4329/332 2196/4341/332
f 2244/4440/332 2240/4432/332 2297/4548/332
f 2242/4436/332 2244/4440/332 2297/4548/332
f 2297/4548/332 2196/4341/332 2194/4337/332
f 2297/4548/332 2194/4337/332 2192/4333/332
f 2243/4438/332 2242/4436/332 2297/4548/332
f 2262/4476/332 2243/4438/332 2297/4548/332
f 2297/4548/332 2192/4333/332 2193/4335/332
f 2297/4548/332 2193/4335/332 2195/4339/332
f 2261/4474/332 2262/4476/332 2297/4548/332
f 2259/4470/332 2261/4474/332 2297/4548/332
f 2297/4548/332 2195/4339/332 2191/4331/332
f 2297/4548/332 2191/4331/332 2197/4343/332
f 2260/4472/332 2259/4470/332 2297/4548/332
f 2264/4480/332 2260/4472/332 2297/4548/332
f 2297/4548/332 2197/4343/332 2187/4323/332
f 2187/4323/332 2189/4327/332 2256/4464/332
f 2257/4466/332 2264/4480/332 2297/4548/332
f 2187/4323/332 2256/4464/332 2257/4466/332
f 2163/4281/332 2298/4550/332 2299/4552/332
f 2258/4468/332 2256/4464/332 2189/4327/332
f 2258/4468/332 2189/4327/332 2185/4319/332
f 2255/4462/332 2258/4468/332 2185/4319/332
f 2200/4349/332 2180/4309/332 2160/4276/332
f 2255/4462/332 2185/4319/332 2200/4349/332
f 2263/4478/332 2255/4462/332 2200/4349/332
f 2160/4276/332 2233/4417/332 2254/4460/332
f 2160/4276/332 2254/4460/332 2251/4454/332
f 2252/4456/332 2263/4478/332 2200/4349/332
f 2253/4458/332 2252/4456/332 2200/4349/332
f 2160/4276/332 2251/4454/332 2250/4452/332
f 2160/4276/332 2250/4452/332 2249/4450/332
f 2248/4448/332 2253/4458/332 2200/4349/332
f 2246/4444/332 2248/4448/332 2200/4349/332
f 2160/4276/332 2249/4450/332 2247/4446/332
f 2246/4444/332 2200/4349/332 2160/4276/332
f 2210/4370/333 2214/4379/333 2162/4280/333
f 2159/4274/333 2220/4391/333 2205/4360/333
f 2159/4274/333 2205/4360/333 2206/4362/333
f 2211/4372/333 2210/4370/333 2162/4280/333
f 2209/4368/333 2211/4372/333 2162/4280/333
f 2159/4274/333 2206/4362/333 2202/4354/333
f 2159/4274/333 2202/4354/333 2203/4356/333
f 2207/4364/333 2209/4368/333 2162/4280/333
f 2208/4366/333 2207/4364/333 2162/4280/333
f 2159/4274/333 2203/4356/333 2201/4352/333
f 2204/4358/333 2208/4366/333 2162/4280/333
f 2159/4274/333 2201/4352/333 2204/4358/333
f 2221/4393/333 2220/4391/333 2159/4274/333
f 2162/4280/333 2265/4482/333 2266/4484/333
f 2162/4280/333 2266/4484/333 2267/4486/333
f 2222/4395/333 2221/4393/333 2159/4274/333
f 2223/4397/333 2222/4395/333 2159/4274/333
f 2162/4280/333 2267/4486/333 2268/4489/333
f 2162/4280/333 2268/4489/333 2270/4493/333
f 2223/4397/333 2159/4274/333 2165/4283/333
f 2225/4401/333 2223/4397/333 2165/4283/333
f 2168/4286/333 2162/4280/333 2270/4493/333
f 2168/4286/333 2270/4493/333 2269/4491/333
f 2224/4399/333 2225/4401/333 2165/4283/333
f 2232/4415/333 2224/4399/333 2165/4283/333
f 2168/4286/333 2269/4491/333 2277/4507/333
f 2168/4286/333 2277/4507/333 2271/4495/333
f 2226/4403/333 2232/4415/333 2165/4283/333
f 2228/4407/333 2226/4403/333 2165/4283/333
f 2165/4283/333 2168/4286/333 2271/4495/333
f 2165/4283/333 2271/4495/333 2272/4497/333
f 2227/4405/333 2228/4407/333 2165/4283/333
f 2230/4411/333 2227/4405/333 2165/4283/333
f 2165/4283/333 2272/4497/333 2276/4505/333
f 2165/4283/333 2276/4505/333 2275/4503/333
f 2229/4409/333 2230/4411/333 2165/4283/333
f 2231/4413/333 2229/4409/333 2165/4283/333
f 2165/4283/333 2275/4503/333 2273/4499/333
f 2165/4283/333 2273/4499/333 2274/4501/333
f 2217/4385/333 2231/4413/333 2165/4283/333
f 2216/4383/333 2217/4385/333 2165/4283/333
f 2165/4283/333 2274/4501/333 2293/4539/333
f 2165/4283/333 2293/4539/333 2292/4537/333
f 2218/4387/333 2216/4383/333 2165/4283/333
f 2215/4381/333 2218/4387/333 2165/4283/333
f 2165/4283/333 2292/4537/333 2294/4541/333
f 2165/4283/333 2294/4541/333 2291/4535/333
f 2219/4389/333 2215/4381/333 2165/4283/333
f 2290/4533/333 2212/4374/333 2219/4389/333
f 2289/4531/333 2290/4533/333 2219/4389/333
f 2219/4389/333 2165/4283/333 2291/4535/333
f 2295/4543/333 2289/4531/333 2219/4389/333
f 2284/4521/333 2265/4482/333 2162/4280/333
f 2162/4280/333 2214/4379/333 2213/4377/333
f 2213/4377/333 2212/4374/333 2290/4533/333
f 2213/4377/333 2290/4533/333 2287/4527/333
f 2286/4525/333 2284/4521/333 2162/4280/333
f 2282/4517/333 2286/4525/333 2162/4280/333
f 2213/4377/333 2287/4527/333 2288/4529/333
f 2213/4377/333 2288/4529/333 2296/4545/333
f 2281/4515/333 2282/4517/333 2162/4280/333
f 2279/4511/333 2281/4515/333 2162/4280/333
f 2213/4377/333 2296/4545/333 2285/4523/333
f 2213/4377/333 2285/4523/333 2283/4519/333
f 2278/4509/333 2279/4511/333 2162/4280/333
f 2213/4377/333 2283/4519/333 2280/4513/333
f 2280/4513/333 2278/4509/333 2162/4280/333
f 2200/4350/334 2185/4320/334 2212/4375/334
f 2185/4320/335 2189/4328/335 2219/4390/335
f 2189/4328/336 2187/4324/336 2215/4382/336
f 2197/4344/337 2218/4388/337 2215/4382/337
f 2191/4332/338 2216/4384/338 2218/4388/338
f 2195/4340/339 2217/4386/339 2216/4384/339
f 2193/4336/340 2231/4414/340 2217/4386/340
f 2192/4334/341 2229/4410/341 2231/4414/341
f 2194/4338/342 2230/4412/342 2229/4410/342
f 2196/4342/343 2227/4406/343 2230/4412/343
f 2190/4330/344 2228/4408/344 2227/4406/344
f 2198/4346/345 2226/4404/345 2228/4408/345
f 2186/4322/346 2232/4416/346 2226/4404/346
f 2188/4326/347 2224/4400/347 2232/4416/347
f 2184/4318/348 2225/4402/348 2224/4400/348
f 2199/4348/349 2223/4398/349 2225/4402/349
f 2178/4306/350 2222/4396/350 2223/4398/350
f 2179/4308/351 2221/4394/351 2222/4396/351
f 2181/4312/352 2220/4392/352 2221/4394/352
f 2181/4312/353 2176/4302/353 2205/4361/353
f 2176/4302/354 2174/4298/354 2206/4363/354
f 2174/4298/355 2172/4294/355 2202/4355/355
f 2172/4294/356 2170/4290/356 2203/4357/356
f 2170/4290/357 2169/4288/357 2201/4353/357
f 2169/4288/358 2171/4292/358 2204/4359/358
f 2171/4292/359 2175/4300/359 2208/4367/359
f 2175/4300/360 2173/4296/360 2207/4365/360
f 2173/4296/361 2183/4316/361 2209/4369/361
f 2183/4316/362 2177/4304/362 2211/4373/362
f 2177/4304/363 2182/4314/363 2210/4371/363
f 2182/4314/364 2180/4310/364 2214/4380/364
f 2180/4310/365 2200/4351/365 2213/4378/365
f 2236/4424/334 2238/4429/334 2270/4494/334
f 2238/4429/335 2237/4427/335 2269/4492/335
f 2237/4427/336 2245/4443/336 2277/4508/336
f 2239/4431/337 2271/4496/337 2277/4508/337
f 2241/4435/338 2272/4498/338 2271/4496/338
f 2240/4433/339 2276/4506/339 2272/4498/339
f 2244/4441/340 2275/4504/340 2276/4506/340
f 2242/4437/341 2273/4500/341 2275/4504/341
f 2243/4439/342 2274/4502/342 2273/4500/342
f 2262/4477/343 2293/4540/343 2274/4502/343
f 2261/4475/344 2292/4538/344 2293/4540/344
f 2259/4471/345 2294/4542/345 2292/4538/345
f 2260/4473/346 2291/4536/346 2294/4542/346
f 2264/4481/347 2295/4544/347 2291/4536/347
f 2257/4467/348 2289/4532/348 2295/4544/348
f 2256/4465/349 2290/4534/349 2289/4532/349
f 2258/4469/350 2287/4528/350 2290/4534/350
f 2255/4463/351 2288/4530/351 2287/4528/351
f 2263/4479/352 2296/4546/352 2288/4530/352
f 2263/4479/353 2252/4457/353 2285/4524/353
f 2252/4457/354 2253/4459/354 2283/4520/354
f 2253/4459/355 2248/4449/355 2280/4514/355
f 2248/4449/356 2246/4445/356 2278/4510/356
f 2246/4445/357 2247/4447/357 2279/4512/357
f 2247/4447/358 2249/4451/358 2281/4516/358
f 2249/4451/359 2250/4453/359 2282/4518/359
f 2250/4453/360 2251/4455/360 2286/4526/360
f 2251/4455/361 2254/4461/361 2284/4522/361
f 2254/4461/362 2233/4418/362 2265/4483/362
f 2233/4418/363 2234/4420/363 2266/4485/363
f 2234/4420/364 2235/4422/364 2267/4487/364
f 2235/4422/365 2236/4425/365 2268/4490/365
usemtl Material.004
f 2158/4269/328 2300/4555/328 2161/4278/328
f 2161/4278/329 2299/4553/329 2167/4285/329
f 2164/4282/330 2299/4553/330 2298/4551/330
f 2158/4270/331 2298/4551/331 2297/4547/331
f 2167/4285/332 2158/4271/332 2161/4277/332
f 2158/4269/328 2297/4549/328 2300/4555/328
f 2161/4278/329 2300/4555/329 2299/4553/329
f 2164/4282/330 2167/4285/330 2299/4553/330
f 2158/4270/331 2164/4282/331 2298/4551/331
f 2167/4285/332 2164/4282/332 2158/4271/332
o BH1750Wall
v -0.040000 0.092500 0.040000
v -0.006750 0.089500 0.003500
v -0.006750 0.089500 -0.005900
v -0.040000 0.097500 0.040000
v -0.006516 0.089500 0.003523
v -0.009500 0.097500 -0.002500
v -0.006291 0.089500 0.003591
v -0.006516 0.089500 -0.005877
v -0.040000 0.092500 -0.040000
v -0.040000 0.097500 -0.040000
v -0.006083 0.089500 0.003702
v -0.006291 0.089500 -0.005809
v -0.005901 0.089500 0.003851
v -0.009500 0.097500 -0.007500
v 0.040000 0.092500 0.040000
v -0.005752 0.089500 0.004033
v -0.006083 0.089500 -0.005698
v -0.004500 0.095000 -0.002500
v 0.040000 0.097500 0.040000
v -0.005641 0.089500 0.004241
v -0.005901 0.089500 -0.005549
v -0.004500 0.097500 -0.002500
v -0.005573 0.089500 0.004466
v -0.005752 0.089500 -0.005367
v 0.040000 0.092500 -0.040000
v -0.005550 0.089500 0.004700
v -0.004500 0.097500 -0.007500
v -0.004500 0.094980 0.002500
v -0.005573 0.089500 0.004934
v -0.005641 0.089500 -0.005159
v 0.040000 0.097500 -0.040000
v -0.005641 0.089500 0.005159
v -0.005573 0.089500 -0.004934
v -0.004500 0.097480 0.002500
v -0.005752 0.089500 0.005367
v -0.008000 0.092500 -0.013000
v -0.005550 0.089500 -0.004700
v -0.005901 0.089500 0.005549
v -0.033000 0.092500 -0.037500
v 0.033000 0.092500 -0.037500
v -0.006083 0.089500 0.005698
v 0.008000 0.092500 -0.013000
v -0.006291 0.089500 0.005809
v -0.005573 0.089500 -0.004466
v -0.033000 0.097500 -0.037500
v -0.006516 0.089500 0.005877
v 0.033000 0.097500 -0.037500
v -0.005641 0.089500 -0.004241
v -0.006750 0.089500 0.005900
v 0.008000 0.097500 -0.013000
v -0.008000 0.097500 -0.013000
v -0.006984 0.089500 0.005877
v -0.005752 0.089500 -0.004033
v 0.013000 0.092500 0.008000
v -0.007209 0.089500 0.005809
v 0.013000 0.092500 -0.008000
v -0.005901 0.089500 -0.003851
v 0.037500 0.092500 0.033000
v -0.007417 0.089500 0.005698
v -0.006083 0.089500 -0.003702
v 0.037500 0.092500 -0.033000
v -0.007599 0.089500 0.005549
v 0.013000 0.097500 -0.008000
v -0.007748 0.089500 0.005367
v 0.013000 0.097500 0.008000
v -0.006291 0.089500 -0.003591
v -0.007859 0.089500 0.005159
v 0.037500 0.097500 0.033000
v 0.037500 0.097500 -0.033000
v -0.007927 0.089500 0.004934
v -0.006516 0.089500 -0.003523
v -0.037500 0.092500 0.033000
v -0.037500 0.092500 -0.033000
v -0.007950 0.089500 0.004700
v -0.006750 0.089500 -0.003500
v -0.013000 0.092500 -0.008000
v -0.007927 0.089500 0.004466
v -0.013000 0.092500 0.008000
v -0.006984 0.089500 -0.003523
v -0.007859 0.089500 0.004241
v -0.037500 0.097500 0.033000
v -0.007209 0.089500 -0.003591
v -0.007748 0.089500 0.004033
v -0.037500 0.097500 -0.033000
v -0.007599 0.089500 0.003851
v -0.013000 0.097500 -0.008000
v -0.013000 0.097500 0.008000
v -0.007417 0.089500 0.003702
v -0.007417 0.089500 -0.003702
v 0.033000 0.092500 0.037500
v -0.007209 0.089500 0.003591
v -0.007599 0.089500 -0.003851
v -0.033000 0.092500 0.037500
v 0.008000 0.092500 0.013000
v -0.006984 0.089500 0.003523
v -0.007748 0.089500 -0.004033
v -0.008000 0.092500 0.013000
v -0.033000 0.097500 0.037500
v -0.007859 0.089500 -0.004241
v 0.008000 0.097500 0.013000
v 0.033000 0.097500 0.037500
v -0.007927 0.089500 -0.004466
v -0.008000 0.097500 0.013000
v -0.009500 0.092500 -0.007500
v 0.009500 0.092500 0.007500
v -0.007950 0.089500 -0.004700
v 0.009500 0.092500 -0.007500
v -0.009500 0.092500 0.007500
v -0.007927 0.089500 -0.004934
v 0.009500 0.097500 0.007500
v 0.009500 0.097500 -0.007500
v -0.007859 0.089500 -0.005159
v -0.009500 0.097500 0.007500
v -0.009500 0.097480 0.002500
v -0.007748 0.089500 -0.005367
v -0.009500 0.097480 0.007500
v -0.009500 0.094980 0.002500
v -0.007599 0.089500 -0.005549
v -0.009500 0.094980 0.007500
v -0.004500 0.094980 0.007500
v -0.007417 0.089500 -0.005698
v -0.004500 0.097480 0.007500
v -0.004500 0.097500 -0.007500
v -0.007209 0.089500 -0.005809
v -0.004500 0.097500 -0.007500
v -0.006984 0.089500 -0.005877
v -0.009500 0.097500 -0.007500
v -0.009500 0.097500 -0.002500
v -0.009500 0.097500 -0.002500
v -0.009500 0.095000 -0.002500
v -0.009500 0.095000 -0.007500
v -0.004500 0.095000 -0.007500
v -0.007950 0.095000 -0.004700
v -0.007927 0.095000 -0.004934
v -0.007927 0.095000 -0.004466
v -0.007748 0.095000 -0.004033
v -0.007735 0.095000 -0.004018
v -0.007748 0.095000 -0.005367
v -0.007599 0.095000 -0.003851
v -0.007859 0.095000 -0.004241
v -0.007859 0.095000 -0.005159
v -0.007599 0.095000 -0.005549
v -0.007417 0.095000 -0.003702
v -0.006750 0.095000 -0.003500
v -0.006984 0.095000 -0.003523
v -0.007209 0.095000 -0.003591
v -0.006291 0.095000 -0.003591
v -0.005901 0.095000 -0.003851
v -0.006516 0.095000 -0.003523
v -0.006083 0.095000 -0.003702
v -0.007417 0.095000 -0.005698
v -0.007209 0.095000 -0.005809
v -0.006984 0.095000 -0.005877
v -0.006750 0.095000 -0.005900
v -0.006083 0.095000 -0.005698
v -0.006291 0.095000 -0.005809
v -0.006516 0.095000 -0.005877
v -0.005752 0.095000 -0.004033
v -0.005752 0.095000 -0.005367
v -0.005550 0.095000 -0.004700
v -0.005573 0.095000 -0.004466
v -0.005573 0.095000 -0.004934
v -0.005641 0.095000 -0.004241
v -0.005641 0.095000 -0.005159
v -0.005901 0.095000 -0.005549
v -0.007748 0.094980 0.004033
v -0.007417 0.094980 0.003702
v -0.007599 0.094980 0.003851
v -0.007209 0.094980 0.003591
v -0.006750 0.094980 0.003500
v -0.006984 0.094980 0.003523
v -0.006291 0.094980 0.003591
v -0.006516 0.094980 0.003523
v -0.005752 0.094980 0.005367
v -0.005752 0.094980 0.004033
v -0.005901 0.094980 0.005549
v -0.005901 0.094980 0.003851
v -0.005550 0.094980 0.004700
v -0.005573 0.094980 0.004466
v -0.005641 0.094980 0.005159
v -0.005573 0.094980 0.004934
v -0.005641 0.094980 0.004241
v -0.006083 0.094980 0.003702
v -0.006083 0.094980 0.005698
v -0.007927 0.094980 0.004934
v -0.007950 0.094980 0.004700
v -0.007927 0.094980 0.004466
v -0.007748 0.094980 0.005367
v -0.007859 0.094980 0.005159
v -0.007859 0.094980 0.004241
v -0.007417 0.094980 0.005698
v -0.006984 0.094980 0.005877
v -0.007209 0.094980 0.005809
v -0.006516 0.094980 0.005877
v -0.006291 0.094980 0.005809
v -0.006750 0.094980 0.005900
v -0.007599 0.094980 0.005549
vn -1.0000 -0.0000 -0.0000
vn -0.0000 -0.0000 -1.0000
vn 1.0000 -0.0000 -0.0000
vn -0.0000 -0.0000 1.0000
vn -0.0000 -1.0000 -0.0000
vn -0.0000 1.0000 -0.0000
vn 0.6999 -0.0000 -0.7142
vn -0.6999 -0.0000 -0.7142
vn 0.7142 -0.0000 0.6999
vn 0.7142 -0.0000 -0.6999
vn -0.7142 -0.0000 -0.6999
vn -0.7142 -0.0000 0.6999
vn -0.6999 -0.0000 0.7142
vn 0.6999 -0.0000 0.7142
vn 0.0980 -0.0000 -0.9952
vn 0.2903 -0.0000 -0.9569
vn 0.4714 -0.0000 -0.8819
vn 0.6344 -0.0000 -0.7730
vn 0.7730 -0.0000 -0.6344
vn 0.8819 -0.0000 -0.4714
vn 0.9569 -0.0000 -0.2903
vn 0.9952 -0.0000 -0.0980
vn 0.9952 -0.0000 0.0980
vn 0.9569 -0.0000 0.2903
vn 0.8819 -0.0000 0.4714
vn 0.7730 -0.0000 0.6344
vn 0.6344 -0.0000 0.7730
vn 0.4714 -0.0000 0.8819
vn 0.2903 -0.0000 0.9569
vn 0.0980 -0.0000 0.9952
vn -0.0980 -0.0000 0.9952
vn -0.2903 -0.0000 0.9569
vn -0.4714 -0.0000 0.8819
vn -0.6344 -0.0000 0.7730
vn -0.7730 -0.0000 0.6344
vn -0.8819 -0.0000 0.4714
vn -0.9569 -0.0000 0.2903
vn -0.9952 -0.0000 0.0980
vn -0.9952 -0.0000 -0.0980
vn -0.9569 -0.0000 -0.2903
vn -0.8819 -0.0000 -0.4714
vn -0.7730 -0.0000 -0.6344
vn -0.6344 -0.0000 -0.7730
vn -0.4714 -0.0000 -0.8819
vn -0.2903 -0.0000 -0.9569
vn -0.0980 -0.0000 -0.9952
vt 0.375000 0.000000
vt 0.375000 1.000000
vt 0.125000 0.750000
vt 0.000000 0.500000
vt 1.000000 0.500000
vt 0.750000 0.490000
vt 0.000000 0.500000
vt 1.000000 0.500000
vt 0.750000 0.490000
vt 0.625000 0.000000
vt 0.625000 1.000000
vt 0.875000 0.750000
vt 0.968750 0.500000
vt 0.796822 0.485388
vt 0.625000 0.000000
vt 0.625000 1.000000
vt 0.875000 0.750000
vt 0.937500 0.500000
vt 0.841844 0.471731
vt 0.968750 0.500000
vt 0.796822 0.485388
vt 0.375000 0.250000
vt 0.125000 0.500000
vt 0.625000 0.250000
vt 0.875000 0.500000
vt 0.906250 0.500000
vt 0.883337 0.449553
vt 0.937500 0.500000
vt 0.841844 0.471731
vt 0.875000 0.500000
vt 0.919706 0.419706
vt 0.625000 0.250000
vt 0.875000 0.500000
vt 0.375000 0.750000
vt 0.843750 0.500000
vt 0.949553 0.383337
vt 0.906250 0.500000
vt 0.883337 0.449553
vt 0.375000 0.750000
vt 0.625000 0.750000
vt 0.812500 0.500000
vt 0.971731 0.341844
vt 0.875000 0.500000
vt 0.919706 0.419706
vt 0.625000 0.750000
vt 0.781250 0.500000
vt 0.985388 0.296822
vt 0.843750 0.500000
vt 0.949553 0.383337
vt 0.375000 0.500000
vt 0.750000 0.500000
vt 0.990000 0.250000
vt 0.625000 0.500000
vt 0.375000 0.500000
vt 0.718750 0.500000
vt 0.985388 0.203178
vt 0.812500 0.500000
vt 0.971731 0.341844
vt 0.625000 0.500000
vt 0.687500 0.500000
vt 0.971731 0.158156
vt 0.781250 0.500000
vt 0.985388 0.296822
vt 0.625000 0.500000
vt 0.656250 0.500000
vt 0.949553 0.116663
vt 0.225000 0.584375
vt 0.000000 0.000000
vt 0.750000 0.500000
vt 0.990000 0.250000
vt 0.625000 0.500000
vt 0.919706 0.080294
vt 0.146875 0.507812
vt 0.000000 0.000000
vt 0.353125 0.507812
vt 0.000000 0.000000
vt 0.593750 0.500000
vt 0.883337 0.050447
vt 0.275000 0.584375
vt 0.000000 0.000000
vt 0.562500 0.500000
vt 0.841844 0.028269
vt 0.718750 0.500000
vt 0.985388 0.203178
vt 0.853125 0.507812
vt 0.000000 0.000000
vt 0.531250 0.500000
vt 0.796822 0.014612
vt 0.646875 0.507812
vt 0.000000 0.000000
vt 0.687500 0.500000
vt 0.971731 0.158156
vt 0.500000 0.500000
vt 0.750000 0.010000
vt 0.725000 0.584375
vt 0.000000 0.000000
vt 0.775000 0.584375
vt 0.000000 0.000000
vt 0.468750 0.500000
vt 0.703178 0.014612
vt 0.656250 0.500000
vt 0.949553 0.116663
vt 0.290625 0.650000
vt 0.000000 0.000000
vt 0.437500 0.500000
vt 0.658156 0.028269
vt 0.290625 0.600000
vt 0.000000 0.000000
vt 0.625000 0.500000
vt 0.919706 0.080294
vt 0.367187 0.728125
vt 0.000000 0.000000
vt 0.406250 0.500000
vt 0.616663 0.050447
vt 0.593750 0.500000
vt 0.883337 0.050447
vt 0.367188 0.521875
vt 0.000000 0.000000
vt 0.375000 0.500000
vt 0.580294 0.080294
vt 0.709375 0.600000
vt 0.000000 0.000000
vt 0.343750 0.500000
vt 0.550447 0.116663
vt 0.709375 0.650000
vt 0.000000 0.000000
vt 0.562500 0.500000
vt 0.841844 0.028269
vt 0.312500 0.500000
vt 0.528269 0.158156
vt 0.632813 0.728125
vt 0.000000 0.000000
vt 0.632813 0.521875
vt 0.000000 0.000000
vt 0.281250 0.500000
vt 0.514612 0.203178
vt 0.531250 0.500000
vt 0.796822 0.014612
vt 0.132813 0.728125
vt 0.000000 0.000000
vt 0.132812 0.521875
vt 0.000000 0.000000
vt 0.250000 0.500000
vt 0.510000 0.250000
vt 0.500000 0.500000
vt 0.750000 0.010000
vt 0.209375 0.600000
vt 0.000000 0.000000
vt 0.218750 0.500000
vt 0.514612 0.296822
vt 0.209375 0.650000
vt 0.000000 0.000000
vt 0.468750 0.500000
vt 0.703178 0.014612
vt 0.187500 0.500000
vt 0.528269 0.341844
vt 0.867187 0.728125
vt 0.000000 0.000000
vt 0.437500 0.500000
vt 0.658156 0.028269
vt 0.156250 0.500000
vt 0.550447 0.383337
vt 0.867188 0.521875
vt 0.000000 0.000000
vt 0.125000 0.500000
vt 0.580294 0.419706
vt 0.790625 0.600000
vt 0.000000 0.000000
vt 0.790625 0.650000
vt 0.000000 0.000000
vt 0.093750 0.500000
vt 0.616663 0.449553
vt 0.406250 0.500000
vt 0.616663 0.050447
vt 0.353125 0.742187
vt 0.000000 0.000000
vt 0.062500 0.500000
vt 0.658156 0.471731
vt 0.375000 0.500000
vt 0.580294 0.080294
vt 0.146875 0.742188
vt 0.000000 0.000000
vt 0.275000 0.665625
vt 0.000000 0.000000
vt 0.031250 0.500000
vt 0.703178 0.485388
vt 0.343750 0.500000
vt 0.550447 0.116663
vt 0.225000 0.665625
vt 0.000000 0.000000
vt 0.853125 0.742188
vt 0.000000 0.000000
vt 0.312500 0.500000
vt 0.528269 0.158156
vt 0.725000 0.665625
vt 0.000000 0.000000
vt 0.646875 0.742188
vt 0.000000 0.000000
vt 0.281250 0.500000
vt 0.514612 0.203178
vt 0.775000 0.665625
vt 0.000000 0.000000
vt 0.220312 0.601562
vt 0.437500 0.250000
vt 0.279688 0.648438
vt 0.437500 0.750000
vt 0.250000 0.500000
vt 0.510000 0.250000
vt 0.279687 0.601562
vt 0.437500 0.500000
vt 0.220312 0.648438
vt 0.437500 0.000000
vt 0.437500 1.000000
vt 0.218750 0.500000
vt 0.514612 0.296822
vt 0.720312 0.648437
vt 0.562500 0.750000
vt 0.720313 0.601563
vt 0.562500 0.500000
vt 0.187500 0.500000
vt 0.528269 0.341844
vt 0.779688 0.648438
vt 0.562500 0.000000
vt 0.562500 1.000000
vt 0.625000 0.250000
vt 0.562000 0.083333
vt 0.875000 0.500000
vt 0.156250 0.500000
vt 0.550447 0.383337
vt 0.562000 0.000000
vt 0.562000 1.000000
vt 0.875000 0.750000
vt 0.499500 0.083333
vt 0.375000 0.250000
vt 0.125000 0.500000
vt 0.125000 0.500000
vt 0.580294 0.419706
vt 0.499500 0.000000
vt 0.499500 1.000000
vt 0.125000 0.750000
vt 0.499500 0.934211
vt 0.375000 0.750000
vt 0.093750 0.500000
vt 0.616663 0.449553
vt 0.562000 0.934211
vt 0.625000 0.750000
vt 0.764063 0.601563
vt 0.625000 0.500000
vt 0.062500 0.500000
vt 0.658156 0.471731
vt 0.764063 0.601563
vt 0.562500 0.315789
vt 0.625000 0.500000
vt 0.031250 0.500000
vt 0.703178 0.485388
vt 0.779688 0.601563
vt 0.625000 0.250000
vt 0.625000 0.000000
vt 0.779688 0.617188
vt 0.625000 1.000000
vt 0.779688 0.617188
vt 0.562500 0.166667
vt 0.625000 1.000000
vt 0.500000 0.166667
vt 0.375000 1.000000
vt 0.125000 0.750000
vt 0.500000 0.250000
vt 0.125000 0.500000
vt 0.500000 0.315789
vt 0.375000 0.500000
vt 0.202500 0.640000
vt 0.250000 0.958333
vt 0.203653 0.628295
vt 0.218750 0.958333
vt 0.203653 0.651705
vt 0.281250 0.958333
vt 0.212612 0.673334
vt 0.343750 0.958333
vt 0.213234 0.674092
vt 0.346354 0.958333
vt 0.212612 0.606666
vt 0.156250 0.958333
vt 0.220074 0.682426
vt 0.375000 0.958333
vt 0.207067 0.662961
vt 0.312500 0.958333
vt 0.207067 0.617039
vt 0.187500 0.958333
vt 0.220074 0.597574
vt 0.125000 0.958333
vt 0.229166 0.689888
vt 0.406250 0.958333
vt 0.262500 0.700000
vt 0.500000 0.958333
vt 0.250795 0.698847
vt 0.468750 0.958333
vt 0.239539 0.695433
vt 0.437500 0.958333
vt 0.285461 0.695433
vt 0.562500 0.958333
vt 0.304926 0.682426
vt 0.625000 0.958333
vt 0.274205 0.698847
vt 0.531250 0.958333
vt 0.295834 0.689888
vt 0.593750 0.958333
vt 0.229166 0.590112
vt 0.093750 0.958333
vt 0.239539 0.584567
vt 0.062500 0.958333
vt 0.250795 0.581153
vt 0.031250 0.958333
vt 0.262500 0.580000
vt 1.000000 0.958333
vt 0.000000 0.958333
vt 0.295834 0.590112
vt 0.906250 0.958333
vt 0.285461 0.584567
vt 0.937500 0.958333
vt 0.274205 0.581153
vt 0.968750 0.958333
vt 0.312388 0.673334
vt 0.656250 0.958333
vt 0.312388 0.606666
vt 0.843750 0.958333
vt 0.322500 0.640000
vt 0.750000 0.958333
vt 0.321347 0.651705
vt 0.718750 0.958333
vt 0.321347 0.628295
vt 0.781250 0.958333
vt 0.317933 0.662961
vt 0.687500 0.958333
vt 0.317933 0.617039
vt 0.812500 0.958333
vt 0.304926 0.597574
vt 0.875000 0.958333
vt 0.212612 0.576666
vt 0.156250 0.956667
vt 0.229166 0.560112
vt 0.093750 0.956667
vt 0.220074 0.567574
vt 0.125000 0.956667
vt 0.239539 0.554567
vt 0.062500 0.956667
vt 0.262500 0.550000
vt 1.000000 0.956667
vt 0.000000 0.956667
vt 0.250795 0.551153
vt 0.031250 0.956667
vt 0.285461 0.554567
vt 0.937500 0.956667
vt 0.274205 0.551153
vt 0.968750 0.956667
vt 0.312388 0.643334
vt 0.656250 0.956667
vt 0.312388 0.576666
vt 0.843750 0.956667
vt 0.304926 0.652426
vt 0.625000 0.956667
vt 0.304926 0.567574
vt 0.875000 0.956667
vt 0.322500 0.610000
vt 0.750000 0.956667
vt 0.321347 0.598295
vt 0.781250 0.956667
vt 0.317933 0.632961
vt 0.687500 0.956667
vt 0.321347 0.621705
vt 0.718750 0.956667
vt 0.317933 0.587039
vt 0.812500 0.956667
vt 0.295834 0.560112
vt 0.906250 0.956667
vt 0.295834 0.659888
vt 0.593750 0.956667
vt 0.203653 0.621705
vt 0.281250 0.956667
vt 0.202500 0.610000
vt 0.250000 0.956667
vt 0.203653 0.598295
vt 0.218750 0.956667
vt 0.212612 0.643334
vt 0.343750 0.956667
vt 0.207067 0.632961
vt 0.312500 0.956667
vt 0.207067 0.587039
vt 0.187500 0.956667
vt 0.229166 0.659888
vt 0.406250 0.956667
vt 0.250795 0.668847
vt 0.468750 0.956667
vt 0.239539 0.665433
vt 0.437500 0.956667
vt 0.274205 0.668847
vt 0.531250 0.956667
vt 0.285461 0.665433
vt 0.562500 0.956667
vt 0.262500 0.670000
vt 0.500000 0.956667
vt 0.220074 0.652426
vt 0.375000 0.956667
s 0
usemtl Material.009
f 2304/4565/366 2309/4577/366 2301/4556/366
f 2310/4579/367 2325/4605/367 2309/4577/367
f 2331/4614/368 2315/4589/368 2325/4605/368
f 2319/4595/369 2301/4557/369 2315/4589/369
f 2372/4694/370 2309/4578/370 2373/4696/370
f 2378/4706/370 2376/4702/370 2404/4758/370
f 2354/4658/370 2407/4764/370 2356/4662/370
f 2354/4658/370 2390/4730/370 2394/4738/370
f 2315/4589/370 2361/4672/370 2325/4605/370
f 2325/4605/370 2339/4628/370 2309/4578/370
f 2319/4595/371 2369/4688/371 2368/4686/371
f 2304/4567/371 2398/4746/371 2413/4777/371
f 2363/4676/371 2410/4771/371 2365/4680/371
f 2401/4752/371 2368/4686/371 2365/4680/371
f 2351/4652/371 2310/4580/371 2384/4718/371
f 2347/4644/371 2310/4580/371 2345/4640/371
f 2339/4629/372 2351/4653/372 2336/4623/372
f 2342/4635/373 2347/4645/373 2340/4631/373
f 2339/4629/369 2347/4645/369 2345/4641/369
f 2336/4623/367 2350/4651/367 2342/4635/367
f 2356/4663/374 2369/4689/374 2363/4677/374
f 2358/4667/375 2365/4681/375 2368/4687/375
f 2358/4667/366 2369/4689/366 2361/4673/366
f 2354/4659/368 2363/4677/368 2365/4681/368
f 2372/4695/376 2387/4725/376 2378/4707/376
f 2376/4703/377 2384/4719/377 2373/4697/377
f 2372/4695/368 2384/4719/368 2381/4713/368
f 2378/4707/366 2386/4723/366 2376/4703/366
f 2394/4739/378 2401/4753/378 2400/4751/378
f 2393/4737/379 2403/4757/379 2398/4747/379
f 2393/4737/367 2401/4753/367 2390/4731/367
f 2397/4745/369 2400/4751/369 2403/4757/369
f 2417/4788/368 2408/4767/368 2430/4819/368
f 2432/4824/369 2404/4759/369 2411/4774/369
f 2405/4761/366 2411/4774/366 2407/4765/366
f 2422/4800/367 2410/4772/367 2420/4796/367
f 2334/4619/367 2417/4789/367 2414/4780/367
f 2334/4619/368 2420/4797/368 2328/4609/368
f 2417/4790/370 2470/4901/370 2471/4904/370
f 2420/4797/370 2496/4954/370 2494/4950/370
f 2334/4619/371 2416/4787/371 2422/4801/371
f 2306/4570/366 2427/4812/366 2428/4813/366
f 2327/4608/367 2427/4812/367 2314/4587/367
f 2425/4808/368 2327/4608/368 2318/4594/368
f 2429/4818/369 2318/4594/369 2306/4571/369
f 2432/4825/370 2454/4868/370 2453/4866/370
f 2430/4821/370 2444/4848/370 2449/4858/370
f 2314/4588/371 2322/4600/371 2327/4608/371
f 2303/4563/380 2457/4876/380 2308/4575/380
f 2308/4575/381 2456/4874/381 2312/4583/381
f 2312/4583/382 2455/4872/382 2317/4592/382
f 2317/4592/383 2465/4892/383 2321/4598/383
f 2324/4603/384 2465/4892/384 2459/4880/384
f 2330/4612/385 2459/4880/385 2464/4890/385
f 2333/4617/386 2464/4890/386 2462/4886/386
f 2337/4624/387 2462/4886/387 2460/4882/387
f 2344/4638/388 2460/4882/388 2461/4884/388
f 2348/4646/389 2461/4884/389 2463/4888/389
f 2353/4656/390 2463/4888/390 2458/4878/390
f 2357/4664/391 2458/4878/391 2448/4857/391
f 2360/4670/392 2448/4857/392 2450/4861/392
f 2366/4682/393 2450/4861/393 2447/4855/393
f 2371/4692/394 2447/4855/394 2449/4859/394
f 2375/4700/395 2449/4859/395 2444/4849/395
f 2379/4708/396 2444/4849/396 2445/4851/396
f 2382/4714/397 2445/4851/397 2446/4853/397
f 2389/4728/398 2446/4853/398 2443/4847/398
f 2392/4734/399 2443/4847/399 2439/4839/399
f 2396/4742/400 2439/4839/400 2437/4835/400
f 2396/4742/401 2440/4841/401 2399/4748/401
f 2399/4748/402 2435/4831/402 2402/4754/402
f 2402/4754/403 2433/4827/403 2406/4762/403
f 2406/4762/404 2434/4829/404 2409/4769/404
f 2409/4769/405 2441/4843/405 2412/4775/405
f 2412/4775/406 2438/4837/406 2415/4783/406
f 2415/4783/407 2442/4845/407 2418/4791/407
f 2418/4791/408 2451/4863/408 2421/4798/408
f 2421/4798/409 2452/4865/409 2424/4804/409
f 2424/4804/410 2453/4867/410 2426/4809/410
f 2426/4809/411 2454/4870/411 2303/4562/411
f 2360/4671/370 2396/4743/370 2421/4799/370
f 2302/4560/380 2473/4909/380 2305/4568/380
f 2305/4568/381 2472/4907/381 2307/4573/381
f 2307/4573/382 2483/4929/382 2311/4581/382
f 2311/4581/383 2477/4917/383 2313/4585/383
f 2316/4590/384 2477/4917/384 2475/4913/384
f 2320/4596/385 2475/4913/385 2482/4927/385
f 2323/4601/386 2482/4927/386 2479/4921/386
f 2326/4606/387 2479/4921/387 2478/4919/387
f 2329/4610/388 2478/4919/388 2481/4925/388
f 2332/4615/389 2481/4925/389 2480/4923/389
f 2335/4620/390 2480/4923/390 2474/4911/390
f 2338/4626/391 2474/4911/391 2476/4915/391
f 2341/4632/392 2476/4915/392 2484/4931/392
f 2343/4636/393 2484/4931/393 2495/4953/393
f 2346/4642/394 2495/4953/394 2494/4951/394
f 2349/4648/395 2494/4951/395 2496/4955/395
f 2352/4654/396 2496/4955/396 2492/4947/396
f 2355/4660/397 2492/4947/397 2493/4949/397
f 2359/4668/398 2493/4949/398 2491/4945/398
f 2362/4674/399 2491/4945/399 2497/4957/399
f 2362/4674/400 2488/4939/400 2364/4678/400
f 2364/4678/401 2489/4941/401 2367/4684/401
f 2367/4684/402 2485/4933/402 2370/4690/402
f 2370/4690/403 2486/4935/403 2374/4698/403
f 2374/4698/404 2487/4937/404 2377/4704/404
f 2377/4704/405 2490/4943/405 2380/4710/405
f 2380/4710/406 2466/4894/406 2383/4716/406
f 2383/4716/407 2468/4898/407 2385/4720/407
f 2385/4720/408 2467/4896/408 2388/4726/408
f 2388/4726/409 2469/4900/409 2391/4732/409
f 2391/4732/410 2471/4905/410 2395/4740/410
f 2395/4740/411 2470/4903/411 2302/4559/411
f 2343/4637/370 2367/4685/370 2391/4733/370
f 2304/4565/366 2310/4579/366 2309/4577/366
f 2310/4579/367 2331/4614/367 2325/4605/367
f 2331/4614/368 2319/4595/368 2315/4589/368
f 2319/4595/369 2304/4566/369 2301/4557/369
f 2372/4694/370 2301/4558/370 2309/4578/370
f 2408/4766/370 2405/4760/370 2354/4658/370
f 2354/4658/370 2394/4738/370 2397/4744/370
f 2408/4766/370 2354/4658/370 2397/4744/370
f 2356/4662/370 2407/4764/370 2404/4758/370
f 2408/4766/370 2397/4744/370 2393/4736/370
f 2390/4730/370 2358/4666/370 2315/4589/370
f 2301/4558/370 2372/4694/370 2378/4706/370
f 2376/4702/370 2373/4696/370 2309/4578/370
f 2376/4702/370 2309/4578/370 2339/4628/370
f 2376/4702/370 2339/4628/370 2336/4622/370
f 2376/4702/370 2336/4622/370 2342/4634/370
f 2342/4634/370 2340/4630/370 2325/4605/370
f 2325/4605/370 2361/4672/370 2356/4662/370
f 2342/4634/370 2325/4605/370 2356/4662/370
f 2390/4730/370 2315/4589/370 2301/4558/370
f 2393/4736/370 2390/4730/370 2301/4558/370
f 2393/4736/370 2301/4558/370 2378/4706/370
f 2342/4634/370 2356/4662/370 2404/4758/370
f 2408/4766/370 2393/4736/370 2378/4706/370
f 2376/4702/370 2342/4634/370 2404/4758/370
f 2404/4758/370 2408/4766/370 2378/4706/370
f 2354/4658/370 2405/4760/370 2407/4764/370
f 2354/4658/370 2358/4666/370 2390/4730/370
f 2315/4589/370 2358/4666/370 2361/4672/370
f 2325/4605/370 2340/4630/370 2339/4628/370
f 2319/4595/371 2331/4614/371 2369/4688/371
f 2363/4676/371 2369/4688/371 2331/4614/371
f 2331/4614/371 2347/4644/371 2350/4650/371
f 2350/4650/371 2351/4652/371 2386/4722/371
f 2363/4676/371 2331/4614/371 2350/4650/371
f 2425/4806/371 2411/4773/371 2363/4676/371
f 2423/4802/371 2425/4806/371 2363/4676/371
f 2363/4676/371 2350/4650/371 2386/4722/371
f 2423/4802/371 2363/4676/371 2386/4722/371
f 2427/4811/371 2423/4802/371 2386/4722/371
f 2427/4811/371 2386/4722/371 2387/4724/371
f 2413/4777/371 2429/4816/371 2428/4814/371
f 2428/4814/371 2427/4811/371 2387/4724/371
f 2381/4712/371 2384/4718/371 2310/4580/371
f 2413/4777/371 2428/4814/371 2387/4724/371
f 2381/4712/371 2310/4580/371 2304/4567/371
f 2413/4777/371 2387/4724/371 2381/4712/371
f 2365/4680/371 2410/4771/371 2413/4777/371
f 2403/4756/371 2400/4750/371 2365/4680/371
f 2319/4595/371 2401/4752/371 2398/4746/371
f 2403/4756/371 2365/4680/371 2413/4777/371
f 2304/4567/371 2319/4595/371 2398/4746/371
f 2398/4746/371 2403/4756/371 2413/4777/371
f 2413/4777/371 2381/4712/371 2304/4567/371
f 2363/4676/371 2411/4773/371 2410/4771/371
f 2365/4680/371 2400/4750/371 2401/4752/371
f 2401/4752/371 2319/4595/371 2368/4686/371
f 2384/4718/371 2386/4722/371 2351/4652/371
f 2351/4652/371 2345/4640/371 2310/4580/371
f 2347/4644/371 2331/4614/371 2310/4580/371
f 2339/4629/372 2345/4641/372 2351/4653/372
f 2342/4635/373 2350/4651/373 2347/4645/373
f 2339/4629/369 2340/4631/369 2347/4645/369
f 2336/4623/367 2351/4653/367 2350/4651/367
f 2356/4663/374 2361/4673/374 2369/4689/374
f 2358/4667/375 2354/4659/375 2365/4681/375
f 2358/4667/366 2368/4687/366 2369/4689/366
f 2354/4659/368 2356/4663/368 2363/4677/368
f 2372/4695/376 2381/4713/376 2387/4725/376
f 2376/4703/377 2386/4723/377 2384/4719/377
f 2372/4695/368 2373/4697/368 2384/4719/368
f 2378/4707/366 2387/4725/366 2386/4723/366
f 2394/4739/378 2390/4731/378 2401/4753/378
f 2393/4737/379 2397/4745/379 2403/4757/379
f 2393/4737/367 2398/4747/367 2401/4753/367
f 2397/4745/369 2394/4739/369 2400/4751/369
f 2429/4817/368 2413/4778/368 2416/4785/368
f 2429/4817/368 2416/4785/368 2414/4781/368
f 2404/4759/368 2431/4822/368 2430/4819/368
f 2430/4819/368 2429/4817/368 2414/4781/368
f 2417/4788/368 2419/4793/368 2408/4767/368
f 2430/4819/368 2414/4781/368 2417/4788/368
f 2408/4767/368 2404/4759/368 2430/4819/368
f 2432/4824/369 2431/4822/369 2404/4759/369
f 2404/4759/369 2407/4765/369 2411/4774/369
f 2411/4774/369 2425/4807/369 2432/4824/369
f 2405/4761/366 2410/4772/366 2411/4774/366
f 2422/4800/367 2416/4786/367 2413/4779/367
f 2410/4772/367 2405/4761/367 2408/4768/367
f 2408/4768/367 2419/4794/367 2420/4796/367
f 2422/4800/367 2413/4779/367 2410/4772/367
f 2410/4772/367 2408/4768/367 2420/4796/367
f 2334/4619/367 2328/4609/367 2417/4789/367
f 2334/4619/368 2422/4801/368 2420/4797/368
f 2468/4897/370 2466/4893/370 2417/4790/370
f 2328/4609/370 2477/4916/370 2483/4928/370
f 2328/4609/370 2483/4928/370 2472/4906/370
f 2467/4895/370 2468/4897/370 2417/4790/370
f 2469/4899/370 2467/4895/370 2417/4790/370
f 2417/4790/370 2328/4609/370 2472/4906/370
f 2417/4790/370 2472/4906/370 2473/4908/370
f 2471/4904/370 2469/4899/370 2417/4790/370
f 2417/4790/370 2473/4908/370 2470/4901/370
f 2475/4912/370 2477/4916/370 2328/4609/370
f 2417/4790/370 2466/4893/370 2490/4942/370
f 2417/4790/370 2490/4942/370 2487/4936/370
f 2482/4926/370 2475/4912/370 2328/4609/370
f 2479/4920/370 2482/4926/370 2328/4609/370
f 2419/4795/370 2417/4790/370 2487/4936/370
f 2419/4795/370 2487/4936/370 2486/4934/370
f 2479/4920/370 2328/4609/370 2420/4797/370
f 2478/4918/370 2479/4920/370 2420/4797/370
f 2419/4795/370 2486/4934/370 2485/4932/370
f 2419/4795/370 2485/4932/370 2489/4940/370
f 2481/4924/370 2478/4918/370 2420/4797/370
f 2480/4922/370 2481/4924/370 2420/4797/370
f 2419/4795/370 2489/4940/370 2488/4938/370
f 2419/4795/370 2488/4938/370 2497/4956/370
f 2474/4910/370 2480/4922/370 2420/4797/370
f 2476/4914/370 2474/4910/370 2420/4797/370
f 2419/4795/370 2497/4956/370 2491/4944/370
f 2419/4795/370 2491/4944/370 2493/4948/370
f 2484/4930/370 2476/4914/370 2420/4797/370
f 2495/4952/370 2484/4930/370 2420/4797/370
f 2420/4797/370 2419/4795/370 2493/4948/370
f 2420/4797/370 2493/4948/370 2492/4946/370
f 2494/4950/370 2495/4952/370 2420/4797/370
f 2420/4797/370 2492/4946/370 2496/4954/370
f 2334/4619/371 2414/4782/371 2416/4787/371
f 2306/4570/366 2314/4587/366 2427/4812/366
f 2327/4608/367 2423/4803/367 2427/4812/367
f 2425/4808/368 2423/4803/368 2327/4608/368
f 2327/4608/368 2322/4600/368 2318/4594/368
f 2318/4594/368 2432/4825/368 2425/4808/368
f 2429/4818/369 2430/4820/369 2318/4594/369
f 2318/4594/369 2322/4600/369 2306/4571/369
f 2306/4571/369 2428/4815/369 2429/4818/369
f 2436/4832/370 2437/4834/370 2430/4821/370
f 2318/4594/370 2448/4856/370 2458/4877/370
f 2318/4594/370 2458/4877/370 2463/4887/370
f 2440/4840/370 2436/4832/370 2430/4821/370
f 2435/4830/370 2440/4840/370 2430/4821/370
f 2432/4825/370 2318/4594/370 2463/4887/370
f 2432/4825/370 2463/4887/370 2461/4883/370
f 2435/4830/370 2430/4821/370 2431/4823/370
f 2433/4826/370 2435/4830/370 2431/4823/370
f 2432/4825/370 2461/4883/370 2460/4881/370
f 2432/4825/370 2460/4881/370 2462/4885/370
f 2434/4828/370 2433/4826/370 2431/4823/370
f 2441/4842/370 2434/4828/370 2431/4823/370
f 2432/4825/370 2462/4885/370 2464/4889/370
f 2432/4825/370 2464/4889/370 2459/4879/370
f 2438/4836/370 2441/4842/370 2431/4823/370
f 2442/4844/370 2438/4836/370 2431/4823/370
f 2432/4825/370 2459/4879/370 2465/4891/370
f 2432/4825/370 2465/4891/370 2455/4871/370
f 2451/4862/370 2442/4844/370 2431/4823/370
f 2452/4864/370 2451/4862/370 2431/4823/370
f 2432/4825/370 2455/4871/370 2456/4873/370
f 2432/4825/370 2456/4873/370 2457/4875/370
f 2452/4864/370 2431/4823/370 2432/4825/370
f 2453/4866/370 2452/4864/370 2432/4825/370
f 2432/4825/370 2457/4875/370 2454/4868/370
f 2450/4860/370 2448/4856/370 2318/4594/370
f 2430/4821/370 2437/4834/370 2439/4838/370
f 2430/4821/370 2439/4838/370 2443/4846/370
f 2447/4854/370 2450/4860/370 2318/4594/370
f 2449/4858/370 2447/4854/370 2318/4594/370
f 2430/4821/370 2443/4846/370 2446/4852/370
f 2430/4821/370 2446/4852/370 2445/4850/370
f 2449/4858/370 2318/4594/370 2430/4821/370
f 2430/4821/370 2445/4850/370 2444/4848/370
f 2314/4588/371 2306/4572/371 2322/4600/371
f 2303/4563/380 2454/4869/380 2457/4876/380
f 2308/4575/381 2457/4876/381 2456/4874/381
f 2312/4583/382 2456/4874/382 2455/4872/382
f 2317/4592/383 2455/4872/383 2465/4892/383
f 2324/4603/384 2321/4598/384 2465/4892/384
f 2330/4612/385 2324/4603/385 2459/4880/385
f 2333/4617/386 2330/4612/386 2464/4890/386
f 2337/4624/387 2333/4617/387 2462/4886/387
f 2344/4638/388 2337/4624/388 2460/4882/388
f 2348/4646/389 2344/4638/389 2461/4884/389
f 2353/4656/390 2348/4646/390 2463/4888/390
f 2357/4664/391 2353/4656/391 2458/4878/391
f 2360/4670/392 2357/4664/392 2448/4857/392
f 2366/4682/393 2360/4670/393 2450/4861/393
f 2371/4692/394 2366/4682/394 2447/4855/394
f 2375/4700/395 2371/4692/395 2449/4859/395
f 2379/4708/396 2375/4700/396 2444/4849/396
f 2382/4714/397 2379/4708/397 2445/4851/397
f 2389/4728/398 2382/4714/398 2446/4853/398
f 2392/4734/399 2389/4728/399 2443/4847/399
f 2437/4835/400 2436/4833/400 2396/4742/400
f 2396/4742/400 2392/4734/400 2439/4839/400
f 2396/4742/401 2436/4833/401 2440/4841/401
f 2399/4748/402 2440/4841/402 2435/4831/402
f 2402/4754/403 2435/4831/403 2433/4827/403
f 2406/4762/404 2433/4827/404 2434/4829/404
f 2409/4769/405 2434/4829/405 2441/4843/405
f 2412/4775/406 2441/4843/406 2438/4837/406
f 2415/4783/407 2438/4837/407 2442/4845/407
f 2418/4791/408 2442/4845/408 2451/4863/408
f 2421/4798/409 2451/4863/409 2452/4865/409
f 2424/4804/410 2452/4865/410 2453/4867/410
f 2426/4809/411 2453/4867/411 2454/4870/411
f 2421/4799/370 2424/4805/370 2426/4810/370
f 2426/4810/370 2303/4564/370 2308/4576/370
f 2308/4576/370 2312/4584/370 2317/4593/370
f 2317/4593/370 2321/4599/370 2324/4604/370
f 2324/4604/370 2330/4613/370 2333/4618/370
f 2333/4618/370 2337/4625/370 2344/4639/370
f 2344/4639/370 2348/4647/370 2353/4657/370
f 2353/4657/370 2357/4665/370 2360/4671/370
f 2360/4671/370 2366/4683/370 2371/4693/370
f 2371/4693/370 2375/4701/370 2379/4709/370
f 2379/4709/370 2382/4715/370 2389/4729/370
f 2389/4729/370 2392/4735/370 2396/4743/370
f 2396/4743/370 2399/4749/370 2402/4755/370
f 2402/4755/370 2406/4763/370 2409/4770/370
f 2409/4770/370 2412/4776/370 2415/4784/370
f 2415/4784/370 2418/4792/370 2421/4799/370
f 2421/4799/370 2426/4810/370 2308/4576/370
f 2308/4576/370 2317/4593/370 2324/4604/370
f 2324/4604/370 2333/4618/370 2344/4639/370
f 2344/4639/370 2353/4657/370 2360/4671/370
f 2360/4671/370 2371/4693/370 2379/4709/370
f 2379/4709/370 2389/4729/370 2396/4743/370
f 2396/4743/370 2402/4755/370 2409/4770/370
f 2409/4770/370 2415/4784/370 2421/4799/370
f 2421/4799/370 2308/4576/370 2324/4604/370
f 2324/4604/370 2344/4639/370 2360/4671/370
f 2360/4671/370 2379/4709/370 2396/4743/370
f 2396/4743/370 2409/4770/370 2421/4799/370
f 2421/4799/370 2324/4604/370 2360/4671/370
f 2302/4560/380 2470/4902/380 2473/4909/380
f 2305/4568/381 2473/4909/381 2472/4907/381
f 2307/4573/382 2472/4907/382 2483/4929/382
f 2311/4581/383 2483/4929/383 2477/4917/383
f 2316/4590/384 2313/4585/384 2477/4917/384
f 2320/4596/385 2316/4590/385 2475/4913/385
f 2323/4601/386 2320/4596/386 2482/4927/386
f 2326/4606/387 2323/4601/387 2479/4921/387
f 2329/4610/388 2326/4606/388 2478/4919/388
f 2332/4615/389 2329/4610/389 2481/4925/389
f 2335/4620/390 2332/4615/390 2480/4923/390
f 2338/4626/391 2335/4620/391 2474/4911/391
f 2341/4632/392 2338/4626/392 2476/4915/392
f 2343/4636/393 2341/4632/393 2484/4931/393
f 2346/4642/394 2343/4636/394 2495/4953/394
f 2349/4648/395 2346/4642/395 2494/4951/395
f 2352/4654/396 2349/4648/396 2496/4955/396
f 2355/4660/397 2352/4654/397 2492/4947/397
f 2359/4668/398 2355/4660/398 2493/4949/398
f 2362/4674/399 2359/4668/399 2491/4945/399
f 2362/4674/400 2497/4957/400 2488/4939/400
f 2364/4678/401 2488/4939/401 2489/4941/401
f 2367/4684/402 2489/4941/402 2485/4933/402
f 2370/4690/403 2485/4933/403 2486/4935/403
f 2374/4698/404 2486/4935/404 2487/4937/404
f 2377/4704/405 2487/4937/405 2490/4943/405
f 2380/4710/406 2490/4943/406 2466/4894/406
f 2383/4716/407 2466/4894/407 2468/4898/407
f 2385/4720/408 2468/4898/408 2467/4896/408
f 2388/4726/409 2467/4896/409 2469/4900/409
f 2391/4732/410 2469/4900/410 2471/4905/410
f 2395/4740/411 2471/4905/411 2470/4903/411
f 2391/4733/370 2395/4741/370 2302/4561/370
f 2302/4561/370 2305/4569/370 2307/4574/370
f 2307/4574/370 2311/4582/370 2313/4586/370
f 2313/4586/370 2316/4591/370 2320/4597/370
f 2320/4597/370 2323/4602/370 2326/4607/370
f 2326/4607/370 2329/4611/370 2332/4616/370
f 2332/4616/370 2335/4621/370 2338/4627/370
f 2338/4627/370 2341/4633/370 2343/4637/370
f 2343/4637/370 2346/4643/370 2349/4649/370
f 2349/4649/370 2352/4655/370 2355/4661/370
f 2355/4661/370 2359/4669/370 2362/4675/370
f 2362/4675/370 2364/4679/370 2367/4685/370
f 2367/4685/370 2370/4691/370 2374/4699/370
f 2374/4699/370 2377/4705/370 2380/4711/370
f 2380/4711/370 2383/4717/370 2385/4721/370
f 2385/4721/370 2388/4727/370 2391/4733/370
f 2391/4733/370 2302/4561/370 2307/4574/370
f 2307/4574/370 2313/4586/370 2320/4597/370
f 2320/4597/370 2326/4607/370 2332/4616/370
f 2332/4616/370 2338/4627/370 2343/4637/370
f 2343/4637/370 2349/4649/370 2355/4661/370
f 2355/4661/370 2362/4675/370 2367/4685/370
f 2367/4685/370 2374/4699/370 2380/4711/370
f 2380/4711/370 2385/4721/370 2391/4733/370
f 2391/4733/370 2307/4574/370 2320/4597/370
f 2320/4597/370 2332/4616/370 2343/4637/370
f 2343/4637/370 2355/4661/370 2367/4685/370
f 2367/4685/370 2380/4711/370 2391/4733/370
f 2391/4733/370 2320/4597/370 2343/4637/370
o ESP32_S2_MINI
v 0.045000 0.067150 0.012700
v 0.040000 0.067150 0.012700
v 0.045000 0.032850 0.012700
v 0.040000 0.032850 0.012700
v 0.045000 0.067150 -0.012700
v 0.040000 0.067150 -0.012700
v 0.045000 0.032850 -0.012700
v 0.040000 0.032850 -0.012700
v 0.045000 0.064150 0.011200
v 0.045000 0.064345 0.011181
v 0.045000 0.063955 0.011181
v 0.045000 0.064533 0.011124
v 0.045000 0.063594 0.011031
v 0.045000 0.064706 0.011031
v 0.045000 0.063767 0.011124
v 0.045000 0.064857 0.010907
v 0.045000 0.063319 0.010756
v 0.045000 0.065131 0.010395
v 0.045000 0.065074 0.010583
v 0.045000 0.063169 0.010395
v 0.045000 0.064981 0.010756
v 0.045000 0.063226 0.010583
v 0.045000 0.063443 0.010907
v 0.045000 0.065131 0.010005
v 0.045000 0.063169 0.010005
v 0.045000 0.064981 0.009644
v 0.045000 0.063319 0.009644
v 0.045000 0.065074 0.009817
v 0.045000 0.063226 0.009817
v 0.045000 0.064706 0.009369
v 0.045000 0.063594 0.009369
v 0.045000 0.064150 0.009200
v 0.045000 0.063955 0.009219
v 0.045000 0.064345 0.009219
v 0.045000 0.063767 0.009276
v 0.045000 0.064533 0.009276
v 0.045000 0.064857 0.009493
v 0.045000 0.063443 0.009493
v 0.045000 0.065150 0.010200
v 0.045000 0.063150 0.010200
v 0.040000 0.064150 0.011200
v 0.040000 0.064345 0.011181
v 0.040000 0.063955 0.011181
v 0.040000 0.064706 0.011031
v 0.040000 0.063767 0.011124
v 0.040000 0.064533 0.011124
v 0.040000 0.063594 0.011031
v 0.040000 0.063443 0.010907
v 0.040000 0.063226 0.010583
v 0.040000 0.063319 0.010756
v 0.040000 0.063150 0.010200
v 0.040000 0.063226 0.009817
v 0.040000 0.063169 0.010005
v 0.040000 0.063169 0.010395
v 0.040000 0.064981 0.010756
v 0.040000 0.064857 0.010907
v 0.040000 0.065131 0.010395
v 0.040000 0.065074 0.010583
v 0.040000 0.065131 0.010005
v 0.040000 0.065074 0.009817
v 0.040000 0.064981 0.009644
v 0.040000 0.065150 0.010200
v 0.040000 0.064857 0.009493
v 0.040000 0.063594 0.009369
v 0.040000 0.064706 0.009369
v 0.040000 0.063443 0.009493
v 0.040000 0.064150 0.009200
v 0.040000 0.063955 0.009219
v 0.040000 0.064533 0.009276
v 0.040000 0.064345 0.009219
v 0.040000 0.063767 0.009276
v 0.040000 0.063319 0.009644
v 0.045000 0.063226 -0.009817
v 0.045000 0.063150 -0.010200
v 0.045000 0.063169 -0.010005
v 0.045000 0.063226 -0.010583
v 0.045000 0.063443 -0.010907
v 0.045000 0.063319 -0.010756
v 0.045000 0.063169 -0.010395
v 0.045000 0.064706 -0.011031
v 0.045000 0.064150 -0.011200
v 0.045000 0.064345 -0.011181
v 0.045000 0.063955 -0.011181
v 0.045000 0.064533 -0.011124
v 0.045000 0.063767 -0.011124
v 0.045000 0.063594 -0.011031
v 0.045000 0.064150 -0.009200
v 0.045000 0.064533 -0.009276
v 0.045000 0.064345 -0.009219
v 0.045000 0.063955 -0.009219
v 0.045000 0.063443 -0.009493
v 0.045000 0.064706 -0.009369
v 0.045000 0.063594 -0.009369
v 0.045000 0.064857 -0.009493
v 0.045000 0.063767 -0.009276
v 0.045000 0.064981 -0.009644
v 0.045000 0.065131 -0.010005
v 0.045000 0.065074 -0.009817
v 0.045000 0.065131 -0.010395
v 0.045000 0.064981 -0.010756
v 0.045000 0.064857 -0.010907
v 0.045000 0.065150 -0.010200
v 0.045000 0.065074 -0.010583
v 0.045000 0.063319 -0.009644
v 0.040000 0.063226 -0.009817
v 0.040000 0.063150 -0.010200
v 0.040000 0.063169 -0.010005
v 0.040000 0.063226 -0.010583
v 0.040000 0.063319 -0.010756
v 0.040000 0.063169 -0.010395
v 0.040000 0.064533 -0.011124
v 0.040000 0.063594 -0.011031
v 0.040000 0.064150 -0.011200
v 0.040000 0.064345 -0.011181
v 0.040000 0.063955 -0.011181
v 0.040000 0.064706 -0.011031
v 0.040000 0.063767 -0.011124
v 0.040000 0.063443 -0.010907
v 0.040000 0.064150 -0.009200
v 0.040000 0.064533 -0.009276
v 0.040000 0.064345 -0.009219
v 0.040000 0.063955 -0.009219
v 0.040000 0.064857 -0.009493
v 0.040000 0.063443 -0.009493
v 0.040000 0.064706 -0.009369
v 0.040000 0.063594 -0.009369
v 0.040000 0.063767 -0.009276
v 0.040000 0.065131 -0.010005
v 0.040000 0.065074 -0.009817
v 0.040000 0.065074 -0.010583
v 0.040000 0.065131 -0.010395
v 0.040000 0.064981 -0.010756
v 0.040000 0.064857 -0.010907
v 0.040000 0.064981 -0.009644
v 0.040000 0.065150 -0.010200
v 0.040000 0.063319 -0.009644
vn -0.0000 -0.0000 1.0000
vn -0.0000 -1.0000 -0.0000
vn -0.0000 -0.0000 -1.0000
vn -0.0000 1.0000 -0.0000
vn 1.0000 -0.0000 -0.0000
vn -1.0000 -0.0000 -0.0000
vn -0.0000 0.9952 0.0980
vn -0.0000 0.9569 0.2903
vn -0.0000 0.8819 0.4714
vn -0.0000 0.7730 0.6344
vn -0.0000 0.6344 0.7730
vn -0.0000 0.4714 0.8819
vn -0.0000 0.2903 0.9569
vn -0.0000 0.0980 0.9952
vn -0.0000 -0.0980 0.9952
vn -0.0000 -0.2903 0.9569
vn -0.0000 -0.4714 0.8819
vn -0.0000 -0.6344 0.7730
vn -0.0000 -0.7730 0.6344
vn -0.0000 -0.8819 0.4714
vn -0.0000 -0.9569 0.2903
vn -0.0000 -0.9952 0.0980
vn -0.0000 -0.9952 -0.0980
vn -0.0000 -0.9569 -0.2903
vn -0.0000 -0.8819 -0.4714
vn -0.0000 -0.7730 -0.6344
vn -0.0000 -0.6344 -0.7730
vn -0.0000 -0.4714 -0.8819
vn -0.0000 -0.2903 -0.9569
vn -0.0000 -0.0980 -0.9952
vn -0.0000 0.0980 -0.9952
vn -0.0000 0.2903 -0.9569
vn -0.0000 0.4714 -0.8819
vn -0.0000 0.6344 -0.7730
vn -0.0000 0.7730 -0.6344
vn -0.0000 0.8819 -0.4714
vn -0.0000 0.9569 -0.2903
vn -0.0000 0.9952 -0.0980
vt 0.000000 0.000000
vt 0.000000 0.000000
vt 0.000000 0.000000
vt 0.000000 0.000000
vt 0.000000 0.000000
vt 0.000000 0.000000
vt 0.000000 0.000000
vt 0.000000 0.000000
vt 0.000000 0.000000
vt 0.250000 0.687500
vt 0.000000 0.000000
vt 0.281250 0.687500
vt 0.000000 0.000000
vt 0.218750 0.687500
vt 0.000000 0.000000
vt 0.312500 0.687500
vt 0.000000 0.000000
vt 0.156250 0.687500
vt 0.000000 0.000000
vt 0.343750 0.687500
vt 0.000000 0.000000
vt 0.187500 0.687500
vt 0.000000 0.000000
vt 0.375000 0.687500
vt 0.000000 0.000000
vt 0.093750 0.687500
vt 0.000000 0.000000
vt 0.468750 0.687500
vt 0.000000 0.000000
vt 0.437500 0.687500
vt 0.000000 0.000000
vt 0.031250 0.687500
vt 0.000000 0.000000
vt 0.406250 0.687500
vt 0.000000 0.000000
vt 0.062500 0.687500
vt 0.000000 0.000000
vt 0.125000 0.687500
vt 0.000000 0.000000
vt 0.531250 0.687500
vt 0.000000 0.000000
vt 0.968750 0.687500
vt 0.000000 0.000000
vt 0.593750 0.687500
vt 0.000000 0.000000
vt 0.906250 0.687500
vt 0.000000 0.000000
vt 0.562500 0.687500
vt 0.000000 0.000000
vt 0.937500 0.687500
vt 0.000000 0.000000
vt 0.656250 0.687500
vt 0.000000 0.000000
vt 0.843750 0.687500
vt 0.000000 0.000000
vt 0.750000 0.687500
vt 0.000000 0.000000
vt 0.781250 0.687500
vt 0.000000 0.000000
vt 0.718750 0.687500
vt 0.000000 0.000000
vt 0.812500 0.687500
vt 0.000000 0.000000
vt 0.687500 0.687500
vt 0.000000 0.000000
vt 0.625000 0.687500
vt 0.000000 0.000000
vt 0.875000 0.687500
vt 0.000000 0.000000
vt 0.500000 0.687500
vt 0.000000 0.000000
vt 1.000000 0.687500
vt 0.000000 0.687500
vt 0.000000 0.000000
vt 0.250000 0.812500
vt 0.000000 0.000000
vt 0.281250 0.812500
vt 0.000000 0.000000
vt 0.218750 0.812500
vt 0.000000 0.000000
vt 0.343750 0.812500
vt 0.000000 0.000000
vt 0.187500 0.812500
vt 0.000000 0.000000
vt 0.312500 0.812500
vt 0.000000 0.000000
vt 0.156250 0.812500
vt 0.000000 0.000000
vt 0.125000 0.812500
vt 0.000000 0.000000
vt 0.062500 0.812500
vt 0.000000 0.000000
vt 0.093750 0.812500
vt 1.000000 0.812500
vt 0.000000 0.000000
vt 0.000000 0.812500
vt 0.000000 0.000000
vt 0.937500 0.812500
vt 0.000000 0.000000
vt 0.968750 0.812500
vt 0.000000 0.000000
vt 0.031250 0.812500
vt 0.000000 0.000000
vt 0.406250 0.812500
vt 0.000000 0.000000
vt 0.375000 0.812500
vt 0.000000 0.000000
vt 0.468750 0.812500
vt 0.000000 0.000000
vt 0.437500 0.812500
vt 0.000000 0.000000
vt 0.531250 0.812500
vt 0.000000 0.000000
vt 0.562500 0.812500
vt 0.000000 0.000000
vt 0.593750 0.812500
vt 0.000000 0.000000
vt 0.500000 0.812500
vt 0.000000 0.000000
vt 0.625000 0.812500
vt 0.000000 0.000000
vt 0.843750 0.812500
vt 0.000000 0.000000
vt 0.656250 0.812500
vt 0.000000 0.000000
vt 0.875000 0.812500
vt 0.000000 0.000000
vt 0.750000 0.812500
vt 0.000000 0.000000
vt 0.781250 0.812500
vt 0.000000 0.000000
vt 0.687500 0.812500
vt 0.000000 0.000000
vt 0.718750 0.812500
vt 0.000000 0.000000
vt 0.812500 0.812500
vt 0.000000 0.000000
vt 0.906250 0.812500
vt 0.000000 0.000000
vt 0.062500 0.687500
vt 0.000000 0.000000
vt 1.000000 0.687500
vt 0.000000 0.687500
vt 0.000000 0.000000
vt 0.031250 0.687500
vt 0.000000 0.000000
vt 0.937500 0.687500
vt 0.000000 0.000000
vt 0.875000 0.687500
vt 0.000000 0.000000
vt 0.906250 0.687500
vt 0.000000 0.000000
vt 0.968750 0.687500
vt 0.000000 0.000000
vt 0.656250 0.687500
vt 0.000000 0.000000
vt 0.750000 0.687500
vt 0.000000 0.000000
vt 0.718750 0.687500
vt 0.000000 0.000000
vt 0.781250 0.687500
vt 0.000000 0.000000
vt 0.687500 0.687500
vt 0.000000 0.000000
vt 0.812500 0.687500
vt 0.000000 0.000000
vt 0.843750 0.687500
vt 0.000000 0.000000
vt 0.250000 0.687500
vt 0.000000 0.000000
vt 0.312500 0.687500
vt 0.000000 0.000000
vt 0.281250 0.687500
vt 0.000000 0.000000
vt 0.218750 0.687500
vt 0.000000 0.000000
vt 0.125000 0.687500
vt 0.000000 0.000000
vt 0.343750 0.687500
vt 0.000000 0.000000
vt 0.156250 0.687500
vt 0.000000 0.000000
vt 0.375000 0.687500
vt 0.000000 0.000000
vt 0.187500 0.687500
vt 0.000000 0.000000
vt 0.406250 0.687500
vt 0.000000 0.000000
vt 0.468750 0.687500
vt 0.000000 0.000000
vt 0.437500 0.687500
vt 0.000000 0.000000
vt 0.531250 0.687500
vt 0.000000 0.000000
vt 0.593750 0.687500
vt 0.000000 0.000000
vt 0.625000 0.687500
vt 0.000000 0.000000
vt 0.500000 0.687500
vt 0.000000 0.000000
vt 0.562500 0.687500
vt 0.000000 0.000000
vt 0.093750 0.687500
vt 0.000000 0.000000
vt 0.062500 0.812500
vt 1.000000 0.812500
vt 0.000000 0.000000
vt 0.000000 0.812500
vt 0.000000 0.000000
vt 0.031250 0.812500
vt 0.000000 0.000000
vt 0.937500 0.812500
vt 0.000000 0.000000
vt 0.906250 0.812500
vt 0.000000 0.000000
vt 0.968750 0.812500
vt 0.000000 0.000000
vt 0.687500 0.812500
vt 0.000000 0.000000
vt 0.843750 0.812500
vt 0.000000 0.000000
vt 0.750000 0.812500
vt 0.000000 0.000000
vt 0.718750 0.812500
vt 0.000000 0.000000
vt 0.781250 0.812500
vt 0.000000 0.000000
vt 0.656250 0.812500
vt 0.000000 0.000000
vt 0.812500 0.812500
vt 0.000000 0.000000
vt 0.875000 0.812500
vt 0.000000 0.000000
vt 0.250000 0.812500
vt 0.000000 0.000000
vt 0.312500 0.812500
vt 0.000000 0.000000
vt 0.281250 0.812500
vt 0.000000 0.000000
vt 0.218750 0.812500
vt 0.000000 0.000000
vt 0.375000 0.812500
vt 0.000000 0.000000
vt 0.125000 0.812500
vt 0.000000 0.000000
vt 0.343750 0.812500
vt 0.000000 0.000000
vt 0.156250 0.812500
vt 0.000000 0.000000
vt 0.187500 0.812500
vt 0.000000 0.000000
vt 0.468750 0.812500
vt 0.000000 0.000000
vt 0.437500 0.812500
vt 0.000000 0.000000
vt 0.562500 0.812500
vt 0.000000 0.000000
vt 0.531250 0.812500
vt 0.000000 0.000000
vt 0.593750 0.812500
vt 0.000000 0.000000
vt 0.625000 0.812500
vt 0.000000 0.000000
vt 0.406250 0.812500
vt 0.000000 0.000000
vt 0.500000 0.812500
vt 0.000000 0.000000
vt 0.093750 0.812500
s 0
usemtl Material.001
f 2499/4959/412 2500/4960/412 2498/4958/412
f 2501/4961/413 2504/4964/413 2500/4960/413
f 2505/4965/414 2502/4962/414 2504/4964/414
f 2503/4963/415 2498/4958/415 2502/4962/415
f 2504/4964/416 2587/5131/416 2528/5010/416
f 2530/5014/416 2595/5147/416 2594/5145/416
f 2498/4958/416 2525/5004/416 2523/5000/416
f 2503/4963/417 2556/5068/417 2559/5074/417
f 2501/4961/417 2616/5190/417 2619/5196/417
f 2503/4963/417 2626/5210/417 2631/5220/417
f 2537/5029/418 2550/5057/418 2548/5051/418
f 2522/4999/419 2549/5055/419 2550/5057/419
f 2526/5007/420 2569/5095/420 2549/5055/420
f 2524/5003/421 2563/5083/421 2569/5095/421
f 2535/5025/422 2561/5079/422 2563/5083/422
f 2532/5019/423 2561/5079/423 2528/5011/423
f 2530/5015/424 2568/5093/424 2532/5019/424
f 2529/5013/425 2565/5087/425 2530/5015/425
f 2531/5017/426 2564/5085/426 2529/5013/426
f 2533/5021/427 2567/5091/427 2531/5017/427
f 2527/5009/428 2566/5089/428 2533/5021/428
f 2534/5023/429 2562/5081/429 2527/5009/429
f 2523/5001/430 2560/5077/430 2534/5023/430
f 2525/5005/431 2558/5073/431 2523/5001/431
f 2521/4997/432 2557/5071/432 2525/5005/432
f 2536/5027/433 2556/5069/433 2521/4997/433
f 2515/4985/434 2559/5075/434 2536/5027/434
f 2516/4987/435 2554/5065/435 2515/4985/435
f 2518/4991/436 2555/5067/436 2516/4987/436
f 2513/4981/437 2552/5061/437 2518/4991/437
f 2511/4977/438 2553/5063/438 2513/4981/438
f 2511/4977/439 2543/5042/439 2541/5038/439
f 2509/4973/440 2539/5034/440 2543/5042/440
f 2507/4969/441 2538/5032/441 2539/5034/441
f 2506/4967/442 2540/5036/442 2538/5032/442
f 2508/4971/443 2542/5040/443 2540/5036/443
f 2512/4979/444 2544/5044/444 2542/5040/444
f 2510/4975/445 2545/5046/445 2544/5044/445
f 2520/4995/446 2547/5050/446 2545/5046/446
f 2514/4983/447 2546/5048/447 2547/5050/447
f 2519/4993/448 2551/5059/448 2546/5048/448
f 2517/4989/449 2548/5053/449 2551/5059/449
f 2571/5099/418 2607/5173/418 2603/5163/418
f 2576/5110/419 2605/5169/419 2607/5173/419
f 2573/5104/420 2606/5171/420 2605/5169/420
f 2575/5108/421 2615/5189/421 2606/5171/421
f 2574/5106/422 2609/5177/422 2615/5189/422
f 2582/5122/423 2609/5177/423 2583/5124/423
f 2580/5118/424 2614/5187/424 2582/5122/424
f 2578/5114/425 2612/5183/425 2580/5118/425
f 2579/5116/426 2610/5179/426 2578/5114/426
f 2581/5120/427 2611/5181/427 2579/5116/427
f 2577/5112/428 2608/5175/428 2581/5120/428
f 2598/5154/429 2613/5185/429 2577/5112/429
f 2597/5152/430 2630/5219/430 2598/5154/430
f 2600/5158/431 2629/5217/431 2597/5152/431
f 2596/5150/432 2627/5213/432 2600/5158/432
f 2599/5156/433 2628/5215/433 2596/5150/433
f 2594/5146/434 2632/5223/434 2599/5156/434
f 2595/5148/435 2625/5209/435 2594/5146/435
f 2593/5144/436 2626/5211/436 2595/5148/436
f 2591/5140/437 2631/5221/437 2593/5144/437
f 2589/5136/438 2620/5199/438 2591/5140/438
f 2589/5136/439 2617/5193/439 2622/5203/439
f 2585/5128/440 2618/5195/440 2617/5193/440
f 2586/5130/441 2616/5191/441 2618/5195/441
f 2584/5126/442 2619/5197/442 2616/5191/442
f 2587/5132/443 2624/5207/443 2619/5197/443
f 2592/5142/444 2623/5205/444 2624/5207/444
f 2590/5138/445 2621/5201/445 2623/5205/445
f 2588/5134/446 2633/5225/446 2621/5201/446
f 2601/5160/447 2602/5162/447 2633/5225/447
f 2570/5097/448 2604/5167/448 2602/5162/448
f 2572/5102/449 2603/5165/449 2604/5167/449
f 2499/4959/412 2501/4961/412 2500/4960/412
f 2501/4961/413 2505/4965/413 2504/4964/413
f 2505/4965/414 2503/4963/414 2502/4962/414
f 2503/4963/415 2499/4959/415 2498/4958/415
f 2509/4972/416 2511/4976/416 2498/4958/416
f 2502/4962/416 2577/5111/416 2581/5119/416
f 2502/4962/416 2581/5119/416 2579/5115/416
f 2507/4968/416 2509/4972/416 2498/4958/416
f 2506/4966/416 2507/4968/416 2498/4958/416
f 2502/4962/416 2579/5115/416 2578/5113/416
f 2502/4962/416 2578/5113/416 2580/5117/416
f 2506/4966/416 2498/4958/416 2500/4960/416
f 2508/4970/416 2506/4966/416 2500/4960/416
f 2504/4964/416 2502/4962/416 2580/5117/416
f 2504/4964/416 2580/5117/416 2582/5121/416
f 2512/4978/416 2508/4970/416 2500/4960/416
f 2510/4974/416 2512/4978/416 2500/4960/416
f 2504/4964/416 2582/5121/416 2583/5123/416
f 2504/4964/416 2583/5123/416 2574/5105/416
f 2510/4974/416 2500/4960/416 2504/4964/416
f 2520/4994/416 2510/4974/416 2504/4964/416
f 2504/4964/416 2574/5105/416 2575/5107/416
f 2504/4964/416 2575/5107/416 2573/5103/416
f 2514/4982/416 2520/4994/416 2504/4964/416
f 2519/4992/416 2514/4982/416 2504/4964/416
f 2504/4964/416 2573/5103/416 2576/5109/416
f 2504/4964/416 2576/5109/416 2571/5098/416
f 2517/4988/416 2519/4992/416 2504/4964/416
f 2537/5028/416 2517/4988/416 2504/4964/416
f 2504/4964/416 2571/5098/416 2572/5101/416
f 2504/4964/416 2572/5101/416 2570/5096/416
f 2522/4998/416 2537/5028/416 2504/4964/416
f 2526/5006/416 2522/4998/416 2504/4964/416
f 2504/4964/416 2570/5096/416 2601/5159/416
f 2504/4964/416 2601/5159/416 2588/5133/416
f 2524/5002/416 2526/5006/416 2504/4964/416
f 2535/5024/416 2524/5002/416 2504/4964/416
f 2504/4964/416 2588/5133/416 2590/5137/416
f 2504/4964/416 2590/5137/416 2592/5141/416
f 2528/5010/416 2535/5024/416 2504/4964/416
f 2584/5125/416 2532/5018/416 2528/5010/416
f 2504/4964/416 2592/5141/416 2587/5131/416
f 2587/5131/416 2584/5125/416 2528/5010/416
f 2598/5153/416 2577/5111/416 2502/4962/416
f 2502/4962/416 2529/5012/416 2530/5014/416
f 2530/5014/416 2532/5018/416 2584/5125/416
f 2530/5014/416 2584/5125/416 2586/5129/416
f 2597/5151/416 2598/5153/416 2502/4962/416
f 2600/5157/416 2597/5151/416 2502/4962/416
f 2530/5014/416 2586/5129/416 2585/5127/416
f 2530/5014/416 2585/5127/416 2589/5135/416
f 2596/5149/416 2600/5157/416 2502/4962/416
f 2599/5155/416 2596/5149/416 2502/4962/416
f 2530/5014/416 2589/5135/416 2591/5139/416
f 2530/5014/416 2591/5139/416 2593/5143/416
f 2599/5155/416 2502/4962/416 2530/5014/416
f 2594/5145/416 2599/5155/416 2530/5014/416
f 2530/5014/416 2593/5143/416 2595/5147/416
f 2531/5016/416 2529/5012/416 2502/4962/416
f 2498/4958/416 2511/4976/416 2513/4980/416
f 2498/4958/416 2513/4980/416 2518/4990/416
f 2533/5020/416 2531/5016/416 2502/4962/416
f 2527/5008/416 2533/5020/416 2502/4962/416
f 2498/4958/416 2518/4990/416 2516/4986/416
f 2498/4958/416 2516/4986/416 2515/4984/416
f 2534/5022/416 2527/5008/416 2502/4962/416
f 2523/5000/416 2534/5022/416 2502/4962/416
f 2498/4958/416 2515/4984/416 2536/5026/416
f 2498/4958/416 2536/5026/416 2521/4996/416
f 2523/5000/416 2502/4962/416 2498/4958/416
f 2498/4958/416 2521/4996/416 2525/5004/416
f 2553/5062/417 2541/5037/417 2499/4959/417
f 2503/4963/417 2564/5084/417 2567/5090/417
f 2503/4963/417 2567/5090/417 2566/5088/417
f 2552/5060/417 2553/5062/417 2499/4959/417
f 2555/5066/417 2552/5060/417 2499/4959/417
f 2503/4963/417 2566/5088/417 2562/5080/417
f 2503/4963/417 2562/5080/417 2560/5076/417
f 2554/5064/417 2555/5066/417 2499/4959/417
f 2559/5074/417 2554/5064/417 2499/4959/417
f 2503/4963/417 2560/5076/417 2558/5072/417
f 2503/4963/417 2558/5072/417 2557/5070/417
f 2559/5074/417 2499/4959/417 2503/4963/417
f 2503/4963/417 2557/5070/417 2556/5068/417
f 2608/5174/417 2613/5184/417 2503/4963/417
f 2499/4959/417 2541/5037/417 2543/5041/417
f 2499/4959/417 2543/5041/417 2539/5033/417
f 2611/5180/417 2608/5174/417 2503/4963/417
f 2610/5178/417 2611/5180/417 2503/4963/417
f 2499/4959/417 2539/5033/417 2538/5031/417
f 2499/4959/417 2538/5031/417 2540/5035/417
f 2610/5178/417 2503/4963/417 2505/4965/417
f 2612/5182/417 2610/5178/417 2505/4965/417
f 2501/4961/417 2499/4959/417 2540/5035/417
f 2501/4961/417 2540/5035/417 2542/5039/417
f 2614/5186/417 2612/5182/417 2505/4965/417
f 2609/5176/417 2614/5186/417 2505/4965/417
f 2501/4961/417 2542/5039/417 2544/5043/417
f 2501/4961/417 2544/5043/417 2545/5045/417
f 2609/5176/417 2505/4965/417 2501/4961/417
f 2615/5188/417 2609/5176/417 2501/4961/417
f 2501/4961/417 2545/5045/417 2547/5049/417
f 2501/4961/417 2547/5049/417 2546/5047/417
f 2606/5170/417 2615/5188/417 2501/4961/417
f 2605/5168/417 2606/5170/417 2501/4961/417
f 2501/4961/417 2546/5047/417 2551/5058/417
f 2501/4961/417 2551/5058/417 2548/5052/417
f 2607/5172/417 2605/5168/417 2501/4961/417
f 2603/5164/417 2607/5172/417 2501/4961/417
f 2501/4961/417 2548/5052/417 2550/5056/417
f 2501/4961/417 2550/5056/417 2549/5054/417
f 2604/5166/417 2603/5164/417 2501/4961/417
f 2602/5161/417 2604/5166/417 2501/4961/417
f 2501/4961/417 2549/5054/417 2569/5094/417
f 2501/4961/417 2569/5094/417 2563/5082/417
f 2633/5224/417 2602/5161/417 2501/4961/417
f 2621/5200/417 2633/5224/417 2501/4961/417
f 2501/4961/417 2563/5082/417 2561/5078/417
f 2568/5092/417 2565/5086/417 2616/5190/417
f 2501/4961/417 2561/5078/417 2568/5092/417
f 2623/5204/417 2621/5200/417 2501/4961/417
f 2624/5206/417 2623/5204/417 2501/4961/417
f 2501/4961/417 2568/5092/417 2616/5190/417
f 2619/5196/417 2624/5206/417 2501/4961/417
f 2618/5194/417 2616/5190/417 2565/5086/417
f 2565/5086/417 2564/5084/417 2503/4963/417
f 2503/4963/417 2613/5184/417 2630/5218/417
f 2503/4963/417 2630/5218/417 2629/5216/417
f 2617/5192/417 2618/5194/417 2565/5086/417
f 2622/5202/417 2617/5192/417 2565/5086/417
f 2503/4963/417 2629/5216/417 2627/5212/417
f 2503/4963/417 2627/5212/417 2628/5214/417
f 2620/5198/417 2622/5202/417 2565/5086/417
f 2631/5220/417 2620/5198/417 2565/5086/417
f 2503/4963/417 2628/5214/417 2632/5222/417
f 2503/4963/417 2632/5222/417 2625/5208/417
f 2631/5220/417 2565/5086/417 2503/4963/417
f 2503/4963/417 2625/5208/417 2626/5210/417
f 2537/5029/418 2522/4999/418 2550/5057/418
f 2522/4999/419 2526/5007/419 2549/5055/419
f 2526/5007/420 2524/5003/420 2569/5095/420
f 2524/5003/421 2535/5025/421 2563/5083/421
f 2535/5025/422 2528/5011/422 2561/5079/422
f 2532/5019/423 2568/5093/423 2561/5079/423
f 2530/5015/424 2565/5087/424 2568/5093/424
f 2529/5013/425 2564/5085/425 2565/5087/425
f 2531/5017/426 2567/5091/426 2564/5085/426
f 2533/5021/427 2566/5089/427 2567/5091/427
f 2527/5009/428 2562/5081/428 2566/5089/428
f 2534/5023/429 2560/5077/429 2562/5081/429
f 2523/5001/430 2558/5073/430 2560/5077/430
f 2525/5005/431 2557/5071/431 2558/5073/431
f 2521/4997/432 2556/5069/432 2557/5071/432
f 2536/5027/433 2559/5075/433 2556/5069/433
f 2515/4985/434 2554/5065/434 2559/5075/434
f 2516/4987/435 2555/5067/435 2554/5065/435
f 2518/4991/436 2552/5061/436 2555/5067/436
f 2513/4981/437 2553/5063/437 2552/5061/437
f 2511/4977/438 2541/5038/438 2553/5063/438
f 2511/4977/439 2509/4973/439 2543/5042/439
f 2509/4973/440 2507/4969/440 2539/5034/440
f 2507/4969/441 2506/4967/441 2538/5032/441
f 2506/4967/442 2508/4971/442 2540/5036/442
f 2508/4971/443 2512/4979/443 2542/5040/443
f 2512/4979/444 2510/4975/444 2544/5044/444
f 2510/4975/445 2520/4995/445 2545/5046/445
f 2520/4995/446 2514/4983/446 2547/5050/446
f 2514/4983/447 2519/4993/447 2546/5048/447
f 2519/4993/448 2517/4989/448 2551/5059/448
f 2517/4989/449 2537/5030/449 2548/5053/449
f 2571/5099/418 2576/5110/418 2607/5173/418
f 2576/5110/419 2573/5104/419 2605/5169/419
f 2573/5104/420 2575/5108/420 2606/5171/420
f 2575/5108/421 2574/5106/421 2615/5189/421
f 2574/5106/422 2583/5124/422 2609/5177/422
f 2582/5122/423 2614/5187/423 2609/5177/423
f 2580/5118/424 2612/5183/424 2614/5187/424
f 2578/5114/425 2610/5179/425 2612/5183/425
f 2579/5116/426 2611/5181/426 2610/5179/426
f 2581/5120/427 2608/5175/427 2611/5181/427
f 2577/5112/428 2613/5185/428 2608/5175/428
f 2598/5154/429 2630/5219/429 2613/5185/429
f 2597/5152/430 2629/5217/430 2630/5219/430
f 2600/5158/431 2627/5213/431 2629/5217/431
f 2596/5150/432 2628/5215/432 2627/5213/432
f 2599/5156/433 2632/5223/433 2628/5215/433
f 2594/5146/434 2625/5209/434 2632/5223/434
f 2595/5148/435 2626/5211/435 2625/5209/435
f 2593/5144/436 2631/5221/436 2626/5211/436
f 2591/5140/437 2620/5199/437 2631/5221/437
f 2589/5136/438 2622/5203/438 2620/5199/438
f 2589/5136/439 2585/5128/439 2617/5193/439
f 2585/5128/440 2586/5130/440 2618/5195/440
f 2586/5130/441 2584/5126/441 2616/5191/441
f 2584/5126/442 2587/5132/442 2619/5197/442
f 2587/5132/443 2592/5142/443 2624/5207/443
f 2592/5142/444 2590/5138/444 2623/5205/444
f 2590/5138/445 2588/5134/445 2621/5201/445
f 2588/5134/446 2601/5160/446 2633/5225/446
f 2601/5160/447 2570/5097/447 2602/5162/447
f 2570/5097/448 2572/5102/448 2604/5167/448
f 2572/5102/449 2571/5100/449 2603/5165/449
o ESPWalll
v 0.042500 0.010000 0.040000
v 0.037490 0.064150 -0.011000
v 0.037490 0.064150 0.009400
v 0.045000 0.060500 -0.006500
v 0.037490 0.063994 -0.010985
v 0.037490 0.063994 0.009415
v 0.042500 0.090000 0.040000
v 0.037490 0.063844 -0.010939
v 0.045000 0.060500 0.006500
v 0.037490 0.063844 0.009461
v 0.037490 0.063706 -0.010865
v 0.045000 0.067500 -0.006500
v 0.037490 0.063584 -0.010766
v 0.045000 0.067500 0.006500
v 0.037490 0.063706 0.009535
v 0.037490 0.063485 -0.010644
v 0.042500 0.010000 -0.040000
v 0.047500 0.060500 0.013500
v 0.037490 0.063411 -0.010506
v 0.037490 0.063584 0.009634
v 0.047500 0.067500 0.013500
v 0.037490 0.063365 -0.010356
v 0.042500 0.090000 -0.040000
v 0.037490 0.063485 0.009756
v 0.037490 0.063350 -0.010200
v 0.047500 0.010000 0.040000
v 0.047500 0.060500 0.006500
v 0.037490 0.063411 0.009894
v 0.037490 0.063365 -0.010044
v 0.047500 0.067500 0.006500
v 0.047500 0.060500 -0.006500
v 0.037490 0.063411 -0.009894
v 0.037490 0.063365 0.010044
v 0.037490 0.063485 -0.009756
v 0.045222 0.039777 0.013000
v 0.047500 0.067500 -0.006500
v 0.037490 0.063584 -0.009634
v 0.037490 0.063350 0.010200
v 0.047500 0.090000 0.040000
v 0.037490 0.063706 -0.009535
v 0.047500 0.060500 -0.013500
v 0.037490 0.063365 0.010356
v 0.047500 0.010000 -0.040000
v 0.037490 0.063844 -0.009461
v 0.047500 0.067500 -0.013500
v 0.037490 0.063994 -0.009415
v 0.037490 0.063411 0.010506
v 0.047500 0.090000 -0.040000
v 0.037490 0.064150 -0.009400
v 0.045222 0.039777 -0.013500
v 0.042500 0.066700 -0.016000
v 0.037490 0.063485 0.010644
v 0.037490 0.064306 -0.009415
v 0.042500 0.033300 -0.016000
v 0.045222 0.034723 -0.013500
v 0.037490 0.064456 -0.009461
v 0.037490 0.063584 0.010766
v 0.037490 0.064594 -0.009535
v 0.042500 0.017000 -0.037500
v 0.037490 0.063706 0.010865
v 0.037490 0.064716 -0.009634
v 0.042500 0.083000 -0.037500
v 0.045222 0.034723 0.013000
v 0.047500 0.066700 -0.016000
v 0.037490 0.064815 -0.009756
v 0.037490 0.063844 0.010939
v 0.047500 0.017000 -0.037500
v 0.037490 0.064889 -0.009894
v 0.037490 0.063994 0.010985
v 0.047500 0.083000 -0.037500
v 0.037490 0.064935 -0.010044
v 0.047500 0.033300 -0.016000
v 0.037490 0.064950 -0.010200
v 0.042500 0.012500 -0.035000
v 0.037490 0.064150 0.011000
v 0.037490 0.064935 -0.010356
v 0.042500 0.030000 -0.010000
v 0.037490 0.064306 0.010985
v 0.042500 0.012500 0.035000
v 0.037490 0.064889 -0.010506
v 0.042500 0.030000 0.010000
v 0.037490 0.064456 0.010939
v 0.037490 0.064815 -0.010644
v 0.047500 0.012500 -0.035000
v 0.037490 0.064716 -0.010766
v 0.047500 0.030000 -0.010000
v 0.047500 0.012500 0.035000
v 0.037490 0.064594 0.010865
v 0.037490 0.064594 -0.010865
v 0.047500 0.030000 0.010000
v 0.037490 0.064456 -0.010939
v 0.042500 0.087500 -0.035000
v 0.037490 0.064716 0.010766
v 0.042500 0.070000 -0.010000
v 0.037490 0.064306 -0.010985
v 0.042500 0.087500 0.035000
v 0.037490 0.064815 0.010644
v 0.042500 0.070000 0.010000
v 0.047500 0.087500 -0.035000
v 0.037490 0.064889 0.010506
v 0.047500 0.070000 -0.010000
v 0.047500 0.087500 0.035000
v 0.037490 0.064935 0.010356
v 0.047500 0.070000 0.010000
v 0.042500 0.066700 0.016000
v 0.037490 0.064950 0.010200
v 0.042500 0.083000 0.037500
v 0.042500 0.017000 0.037500
v 0.037490 0.064935 0.010044
v 0.042500 0.033300 0.016000
v 0.047500 0.017000 0.037500
v 0.037490 0.064889 0.009894
v 0.047500 0.083000 0.037500
v 0.047500 0.033300 0.016000
v 0.037490 0.064815 0.009756
v 0.047500 0.066700 0.016000
v 0.042500 0.067500 0.013000
v 0.037490 0.064716 0.009634
v 0.042500 0.034723 0.016000
v 0.042500 0.039777 0.016000
v 0.037490 0.064594 0.009535
v 0.042500 0.034723 0.013000
v 0.042500 0.039777 0.013000
v 0.037490 0.064456 0.009461
v 0.042500 0.032500 0.013000
v 0.042500 0.032500 -0.006237
v 0.037490 0.064306 0.009415
v 0.042500 0.030000 -0.006237
v 0.042500 0.030000 0.006237
v 0.042500 0.032500 0.006237
v 0.042500 0.067500 -0.013500
v 0.042500 0.039777 -0.013500
v 0.042500 0.034723 -0.016000
v 0.042500 0.039777 -0.016000
v 0.042500 0.032500 -0.013500
v 0.042500 0.034723 -0.013500
v 0.047500 0.032500 0.013000
v 0.047500 0.030000 -0.006237
v 0.047500 0.030000 0.006237
v 0.047500 0.052995 0.013000
v 0.047500 0.067500 0.013000
v 0.047500 0.032500 0.006237
v 0.047500 0.032500 -0.013500
v 0.047500 0.032500 -0.006237
v 0.047500 0.033663 0.013000
v 0.047500 0.033663 -0.013500
v 0.047500 0.052995 -0.013500
v 0.047500 0.067500 -0.013500
v 0.045222 0.039777 -0.016000
v 0.045222 0.034723 -0.016000
v 0.045222 0.039777 0.016000
v 0.045222 0.034723 0.016000
v 0.047500 0.060500 -0.013500
v 0.047500 0.067500 -0.013500
v 0.047500 0.060500 -0.013500
v 0.047500 0.067500 -0.013500
v 0.045000 0.060500 -0.013500
v 0.045000 0.067500 -0.013500
v 0.047500 0.060500 0.013500
v 0.047500 0.060500 0.013000
v 0.047500 0.067500 0.013500
v 0.047500 0.067500 0.006500
v 0.045000 0.060500 0.013000
v 0.045000 0.067500 0.013000
v 0.045000 0.064935 0.010356
v 0.045000 0.064889 0.010506
v 0.045000 0.064935 0.010044
v 0.045000 0.064815 0.009756
v 0.045000 0.064889 0.009894
v 0.045000 0.064950 0.010200
v 0.045000 0.063844 0.009461
v 0.045000 0.064594 0.009535
v 0.045000 0.064150 0.009400
v 0.045000 0.063994 0.009415
v 0.045000 0.064306 0.009415
v 0.045000 0.064456 0.009461
v 0.045000 0.064716 0.009634
v 0.045000 0.064150 0.011000
v 0.045000 0.063844 0.010939
v 0.045000 0.063994 0.010985
v 0.045000 0.064306 0.010985
v 0.045000 0.063584 0.010766
v 0.045000 0.064716 0.010766
v 0.045000 0.063706 0.010865
v 0.045000 0.064594 0.010865
v 0.045000 0.064456 0.010939
v 0.045000 0.063365 0.010356
v 0.045000 0.063350 0.010200
v 0.045000 0.063411 0.010506
v 0.045000 0.063485 0.009756
v 0.045000 0.063411 0.009894
v 0.045000 0.063584 0.009634
v 0.045000 0.063706 0.009535
v 0.045000 0.063365 0.010044
v 0.045000 0.063485 0.010644
v 0.045000 0.064815 0.010644
v 0.045000 0.064150 -0.009400
v 0.045000 0.064306 -0.009415
v 0.045000 0.063994 -0.009415
v 0.045000 0.063706 -0.009535
v 0.045000 0.064594 -0.009535
v 0.045000 0.063844 -0.009461
v 0.045000 0.064456 -0.009461
v 0.045000 0.064815 -0.009756
v 0.045000 0.064935 -0.010044
v 0.045000 0.064889 -0.009894
v 0.045000 0.064935 -0.010356
v 0.045000 0.064815 -0.010644
v 0.045000 0.064889 -0.010506
v 0.045000 0.064950 -0.010200
v 0.045000 0.064716 -0.009634
v 0.045000 0.063584 -0.009634
v 0.045000 0.063411 -0.009894
v 0.045000 0.063365 -0.010044
v 0.045000 0.063485 -0.009756
v 0.045000 0.063365 -0.010356
v 0.045000 0.063350 -0.010200
v 0.045000 0.063485 -0.010644
v 0.045000 0.063411 -0.010506
v 0.045000 0.063706 -0.010865
v 0.045000 0.064594 -0.010865
v 0.045000 0.064150 -0.011000
v 0.045000 0.063994 -0.010985
v 0.045000 0.064306 -0.010985
v 0.045000 0.064456 -0.010939
v 0.045000 0.063584 -0.010766
v 0.045000 0.063844 -0.010939
v 0.045000 0.064716 -0.010766
vn -1.0000 -0.0000 -0.0000
vn -0.0000 -0.0000 -1.0000
vn 1.0000 -0.0000 -0.0000
vn -0.0000 -0.0000 1.0000
vn -0.0000 -1.0000 -0.0000
vn -0.0000 1.0000 -0.0000
vn -0.0000 0.7969 -0.6041
vn -0.0000 -0.7969 -0.6041
vn -0.0000 -0.8192 0.5735
vn -0.0000 -0.8192 -0.5735
vn -0.0000 0.8192 -0.5735
vn -0.0000 0.8192 0.5735
vn -0.0000 -0.7969 0.6041
vn -0.0000 0.7969 0.6041
vn 0.9439 -0.3304 -0.0000
vn -0.0000 -0.0980 -0.9952
vn -0.0000 -0.2903 -0.9569
vn -0.0000 -0.4714 -0.8819
vn -0.0000 -0.6344 -0.7730
vn -0.0000 -0.7730 -0.6344
vn -0.0000 -0.8819 -0.4714
vn -0.0000 -0.9569 -0.2903
vn -0.0000 -0.9952 -0.0980
vn -0.0000 -0.9952 0.0980
vn -0.0000 -0.9569 0.2903
vn -0.0000 -0.8819 0.4714
vn -0.0000 -0.7730 0.6344
vn -0.0000 -0.6344 0.7730
vn -0.0000 -0.4714 0.8819
vn -0.0000 -0.2903 0.9569
vn -0.0000 -0.0980 0.9952
vn -0.0000 0.0980 0.9952
vn -0.0000 0.2903 0.9569
vn -0.0000 0.4714 0.8819
vn -0.0000 0.6344 0.7730
vn -0.0000 0.7730 0.6344
vn -0.0000 0.8819 0.4714
vn -0.0000 0.9569 0.2903
vn -0.0000 0.9952 0.0980
vn -0.0000 0.9952 -0.0980
vn -0.0000 0.9569 -0.2903
vn -0.0000 0.8819 -0.4714
vn -0.0000 0.7730 -0.6344
vn -0.0000 0.6344 -0.7730
vn -0.0000 0.4714 -0.8819
vn -0.0000 0.2903 -0.9569
vn -0.0000 0.0980 -0.9952
vt 0.375000 0.000000
vt 0.375000 1.000000
vt 0.125000 0.750000
vt 1.000000 0.500000
vt 0.000000 0.500000
vt 0.750000 0.490000
vt 1.000000 0.500000
vt 0.000000 0.500000
vt 0.750000 0.490000
vt 0.375000 0.000000
vt 0.375000 1.000000
vt 0.125000 0.750000
vt 0.968750 0.500000
vt 0.703178 0.485388
vt 0.968750 0.500000
vt 0.703178 0.485388
vt 0.625000 0.000000
vt 0.625000 1.000000
vt 0.875000 0.750000
vt 0.937500 0.500000
vt 0.841844 0.471731
vt 0.375000 0.250000
vt 0.125000 0.500000
vt 0.937500 0.500000
vt 0.841844 0.471731
vt 0.906250 0.500000
vt 0.883337 0.449553
vt 0.625000 0.000000
vt 0.625000 1.000000
vt 0.875000 0.750000
vt 0.875000 0.500000
vt 0.919706 0.419706
vt 0.750000 0.688679
vt 0.625000 0.250000
vt 0.906250 0.500000
vt 0.883337 0.449553
vt 0.843750 0.500000
vt 0.949553 0.383337
vt 0.125000 0.500000
vt 0.375000 0.250000
vt 0.375000 0.750000
vt 0.812500 0.500000
vt 0.971731 0.341844
vt 0.875000 0.500000
vt 0.919706 0.419706
vt 0.625000 0.750000
vt 0.781250 0.500000
vt 0.985388 0.296822
vt 0.625000 0.250000
vt 0.875000 0.500000
vt 0.843750 0.500000
vt 0.949553 0.383337
vt 0.750000 0.500000
vt 0.990000 0.250000
vt 0.375000 0.750000
vt 0.375000 0.500000
vt 0.812500 0.500000
vt 0.971731 0.341844
vt 0.718750 0.500000
vt 0.985388 0.203178
vt 0.625000 0.500000
vt 0.375000 0.750000
vt 0.687500 0.500000
vt 0.971731 0.158156
vt 0.781250 0.500000
vt 0.985388 0.296822
vt 0.656250 0.500000
vt 0.949553 0.116663
vt 0.580549 0.794451
vt 0.625000 0.750000
vt 0.625000 0.500000
vt 0.919706 0.080294
vt 0.750000 0.500000
vt 0.990000 0.250000
vt 0.625000 0.750000
vt 0.593750 0.500000
vt 0.883337 0.050447
vt 0.375000 0.500000
vt 0.718750 0.500000
vt 0.985388 0.203178
vt 0.375000 0.500000
vt 0.562500 0.500000
vt 0.841844 0.028269
vt 0.625000 0.500000
vt 0.531250 0.500000
vt 0.796822 0.014612
vt 0.687500 0.500000
vt 0.971731 0.158156
vt 0.625000 0.500000
vt 0.500000 0.500000
vt 0.750000 0.010000
vt 0.580549 0.455549
vt 0.552187 0.175000
vt 0.625000 0.988636
vt 0.863636 0.750000
vt 0.656250 0.500000
vt 0.949553 0.116663
vt 0.468750 0.500000
vt 0.796822 0.014612
vt 0.447813 0.175000
vt 0.375000 0.988636
vt 0.136364 0.750000
vt 0.419451 0.455549
vt 0.437500 0.500000
vt 0.841844 0.028269
vt 0.625000 0.500000
vt 0.919706 0.080294
vt 0.406250 0.500000
vt 0.883337 0.050447
vt 0.136364 0.500000
vt 0.396875 0.242187
vt 0.375000 0.261364
vt 0.593750 0.500000
vt 0.883337 0.050447
vt 0.375000 0.500000
vt 0.919706 0.080294
vt 0.625000 0.261364
vt 0.863636 0.500000
vt 0.603125 0.242188
vt 0.419451 0.794451
vt 0.552187 0.575000
vt 0.625000 0.761364
vt 0.636364 0.750000
vt 0.343750 0.500000
vt 0.949553 0.116663
vt 0.562500 0.500000
vt 0.841844 0.028269
vt 0.396875 0.507812
vt 0.375000 0.488636
vt 0.363636 0.500000
vt 0.312500 0.500000
vt 0.971731 0.158156
vt 0.531250 0.500000
vt 0.796822 0.014612
vt 0.603125 0.507812
vt 0.625000 0.488636
vt 0.636364 0.500000
vt 0.281250 0.500000
vt 0.985388 0.203178
vt 0.447812 0.575000
vt 0.375000 0.761364
vt 0.363636 0.750000
vt 0.250000 0.500000
vt 0.990000 0.250000
vt 0.136364 0.500000
vt 0.382812 0.234375
vt 0.375000 0.261364
vt 0.500000 0.500000
vt 0.750000 0.010000
vt 0.218750 0.500000
vt 0.985388 0.296822
vt 0.863636 0.500000
vt 0.437500 0.156250
vt 0.625000 0.261364
vt 0.468750 0.500000
vt 0.796822 0.014612
vt 0.382813 0.015625
vt 0.375000 0.988636
vt 0.136364 0.750000
vt 0.187500 0.500000
vt 0.971731 0.341844
vt 0.437500 0.093750
vt 0.625000 0.988636
vt 0.863636 0.750000
vt 0.437500 0.500000
vt 0.841844 0.028269
vt 0.156250 0.500000
vt 0.949553 0.383337
vt 0.382812 0.515625
vt 0.375000 0.488636
vt 0.363636 0.500000
vt 0.125000 0.500000
vt 0.919706 0.419706
vt 0.625000 0.488636
vt 0.437500 0.593750
vt 0.636364 0.500000
vt 0.375000 0.761364
vt 0.382813 0.734375
vt 0.363636 0.750000
vt 0.406250 0.500000
vt 0.883337 0.050447
vt 0.093750 0.500000
vt 0.883337 0.449553
vt 0.636364 0.750000
vt 0.437500 0.656250
vt 0.625000 0.761364
vt 0.062500 0.500000
vt 0.841844 0.471731
vt 0.375000 0.988636
vt 0.136364 0.750000
vt 0.617187 0.234375
vt 0.375000 0.500000
vt 0.919706 0.080294
vt 0.863636 0.750000
vt 0.562500 0.156250
vt 0.625000 0.988636
vt 0.031250 0.500000
vt 0.703178 0.485388
vt 0.617188 0.015625
vt 0.375000 0.261364
vt 0.136364 0.500000
vt 0.343750 0.500000
vt 0.949553 0.116663
vt 0.625000 0.261364
vt 0.562500 0.093750
vt 0.863636 0.500000
vt 0.617188 0.515625
vt 0.375000 0.761364
vt 0.363636 0.750000
vt 0.312500 0.500000
vt 0.971731 0.158156
vt 0.562500 0.593750
vt 0.625000 0.761364
vt 0.636364 0.750000
vt 0.617188 0.734375
vt 0.375000 0.488636
vt 0.363636 0.500000
vt 0.281250 0.500000
vt 0.985388 0.203178
vt 0.562500 0.656250
vt 0.625000 0.488636
vt 0.636364 0.500000
vt 0.552188 0.075000
vt 0.375000 0.988636
vt 0.136364 0.750000
vt 0.250000 0.500000
vt 0.990000 0.250000
vt 0.603125 0.007812
vt 0.375000 0.261364
vt 0.136364 0.500000
vt 0.396875 0.007812
vt 0.625000 0.261364
vt 0.863636 0.500000
vt 0.218750 0.500000
vt 0.985388 0.296822
vt 0.863636 0.750000
vt 0.447813 0.075000
vt 0.625000 0.988636
vt 0.625000 0.488636
vt 0.396875 0.742188
vt 0.636364 0.500000
vt 0.187500 0.500000
vt 0.971731 0.341844
vt 0.363636 0.500000
vt 0.603125 0.742188
vt 0.375000 0.488636
vt 0.447812 0.675000
vt 0.625000 0.761364
vt 0.636364 0.750000
vt 0.156250 0.500000
vt 0.949553 0.383337
vt 0.552188 0.675000
vt 0.375000 0.761364
vt 0.363636 0.750000
vt 0.554688 0.084375
vt 0.812500 0.750000
vt 0.625000 0.937500
vt 0.125000 0.500000
vt 0.919706 0.419706
vt 0.452260 0.075000
vt 0.614347 0.988636
vt 0.419451 0.921778
vt 0.468053 0.075000
vt 0.576521 0.988636
vt 0.580549 0.921778
vt 0.093750 0.500000
vt 0.883337 0.449553
vt 0.452260 0.084375
vt 0.419451 0.921778
vt 0.468053 0.084375
vt 0.580549 0.921778
vt 0.062500 0.500000
vt 0.841844 0.471731
vt 0.445313 0.084375
vt 0.187500 0.750000
vt 0.375000 0.937500
vt 0.445313 0.144491
vt 0.187500 0.545037
vt 0.031250 0.500000
vt 0.703178 0.485388
vt 0.437500 0.144491
vt 0.863636 0.547036
vt 0.187500 0.545037
vt 0.437500 0.105509
vt 0.863636 0.702964
vt 0.187500 0.704963
vt 0.187500 0.704963
vt 0.445312 0.105509
vt 0.554688 0.167188
vt 0.812500 0.500000
vt 0.625000 0.312500
vt 0.468053 0.167187
vt 0.580549 0.328222
vt 0.419451 0.328222
vt 0.452260 0.175000
vt 0.385653 0.988636
vt 0.468053 0.175000
vt 0.423479 0.988636
vt 0.580549 0.328222
vt 0.187500 0.500000
vt 0.445313 0.167188
vt 0.375000 0.312500
vt 0.452260 0.167188
vt 0.419451 0.328222
vt 0.445312 0.665625
vt 0.312500 0.750000
vt 0.375000 0.812500
vt 0.312500 0.545037
vt 0.437500 0.605509
vt 0.636364 0.547036
vt 0.437500 0.644491
vt 0.636364 0.702964
vt 0.312500 0.704963
vt 0.509358 0.665625
vt 0.601742 0.773258
vt 0.554688 0.665625
vt 0.445313 0.644491
vt 0.312500 0.704963
vt 0.445313 0.582812
vt 0.312500 0.500000
vt 0.375000 0.437500
vt 0.445312 0.605509
vt 0.312500 0.545037
vt 0.448948 0.665625
vt 0.398258 0.773258
vt 0.448948 0.582813
vt 0.398258 0.476742
vt 0.509358 0.582813
vt 0.601742 0.476742
vt 0.554688 0.582813
vt 0.687500 0.500000
vt 0.625000 0.437500
vt 0.423479 0.864912
vt 0.580549 0.455549
vt 0.385653 0.864912
vt 0.419451 0.455549
vt 0.576521 0.864912
vt 0.580549 0.794451
vt 0.614347 0.864912
vt 0.419451 0.794451
vt 0.532812 0.582813
vt 0.375000 0.500000
vt 0.554688 0.582813
vt 0.625000 0.500000
vt 0.532812 0.582813
vt 0.613776 0.456437
vt 0.375000 0.500000
vt 0.554688 0.582813
vt 0.625000 0.437500
vt 0.625000 0.500000
vt 0.613776 0.390485
vt 0.375000 0.250000
vt 0.125000 0.500000
vt 0.625000 0.375000
vt 0.625000 0.250000
vt 0.875000 0.500000
vt 0.532813 0.667188
vt 0.375000 0.750000
vt 0.532813 0.665625
vt 0.613776 0.793563
vt 0.375000 0.732143
vt 0.554688 0.667188
vt 0.625000 0.750000
vt 0.554688 0.645312
vt 0.687500 0.688679
vt 0.625000 0.500000
vt 0.613776 0.859515
vt 0.375000 0.017857
vt 0.125000 0.732143
vt 0.750000 0.750000
vt 0.625000 0.875000
vt 0.625000 0.017857
vt 0.533380 0.112283
vt 0.281250 0.875500
vt 0.531754 0.106923
vt 0.312500 0.875500
vt 0.533380 0.123431
vt 0.218750 0.875500
vt 0.529114 0.133731
vt 0.156250 0.875500
vt 0.531754 0.128791
vt 0.187500 0.875500
vt 0.533929 0.117857
vt 0.250000 0.875500
vt 0.494424 0.144254
vt 0.937500 0.875500
vt 0.521231 0.141613
vt 0.093750 0.875500
vt 0.000000 0.875500
vt 0.505357 0.146429
vt 1.000000 0.875500
vt 0.499783 0.145880
vt 0.968750 0.875500
vt 0.510931 0.145880
vt 0.031250 0.875500
vt 0.516291 0.144254
vt 0.062500 0.875500
vt 0.525560 0.138060
vt 0.125000 0.875500
vt 0.505357 0.089286
vt 0.500000 0.875500
vt 0.494424 0.091461
vt 0.562500 0.875500
vt 0.499783 0.089835
vt 0.531250 0.875500
vt 0.510931 0.089835
vt 0.468750 0.875500
vt 0.485154 0.097654
vt 0.625000 0.875500
vt 0.525560 0.097654
vt 0.375000 0.875500
vt 0.489484 0.094101
vt 0.593750 0.875500
vt 0.521231 0.094101
vt 0.406250 0.875500
vt 0.516291 0.091461
vt 0.437500 0.875500
vt 0.477335 0.112283
vt 0.718750 0.875500
vt 0.476786 0.117857
vt 0.750000 0.875500
vt 0.478961 0.106923
vt 0.687500 0.875500
vt 0.481601 0.133731
vt 0.843750 0.875500
vt 0.478961 0.128791
vt 0.812500 0.875500
vt 0.485154 0.138060
vt 0.875000 0.875500
vt 0.489484 0.141613
vt 0.906250 0.875500
vt 0.477335 0.123431
vt 0.781250 0.875500
vt 0.481601 0.101984
vt 0.656250 0.875500
vt 0.529114 0.101984
vt 0.343750 0.875500
vt 0.505357 0.103572
vt 0.500000 0.875500
vt 0.510931 0.104120
vt 0.468750 0.875500
vt 0.499783 0.104120
vt 0.531250 0.875500
vt 0.489484 0.108387
vt 0.593750 0.875500
vt 0.521231 0.108387
vt 0.406250 0.875500
vt 0.494424 0.105746
vt 0.562500 0.875500
vt 0.516291 0.105746
vt 0.437500 0.875500
vt 0.529114 0.116269
vt 0.343750 0.875500
vt 0.533380 0.126569
vt 0.281250 0.875500
vt 0.531754 0.121209
vt 0.312500 0.875500
vt 0.533380 0.137717
vt 0.218750 0.875500
vt 0.529114 0.148016
vt 0.156250 0.875500
vt 0.531754 0.143077
vt 0.187500 0.875500
vt 0.533929 0.132143
vt 0.250000 0.875500
vt 0.525560 0.111940
vt 0.375000 0.875500
vt 0.485154 0.111940
vt 0.625000 0.875500
vt 0.478961 0.121209
vt 0.687500 0.875500
vt 0.477335 0.126569
vt 0.718750 0.875500
vt 0.481601 0.116269
vt 0.656250 0.875500
vt 0.477335 0.137717
vt 0.781250 0.875500
vt 0.476786 0.132143
vt 0.750000 0.875500
vt 0.481601 0.148016
vt 0.843750 0.875500
vt 0.478961 0.143077
vt 0.812500 0.875500
vt 0.489484 0.155899
vt 0.906250 0.875500
vt 0.521231 0.155899
vt 0.093750 0.875500
vt 0.000000 0.875500
vt 0.505357 0.160714
vt 1.000000 0.875500
vt 0.499783 0.160165
vt 0.968750 0.875500
vt 0.510931 0.160165
vt 0.031250 0.875500
vt 0.516291 0.158540
vt 0.062500 0.875500
vt 0.485154 0.152346
vt 0.875000 0.875500
vt 0.494424 0.158540
vt 0.937500 0.875500
vt 0.525560 0.152346
vt 0.125000 0.875500
s 0
usemtl Material.009
f 2634/5226/450 2707/5371/450 2650/5265/450
f 2731/5430/450 2727/5420/450 2764/5514/450
f 2743/5462/450 2755/5493/450 2758/5499/450
f 2768/5526/450 2650/5265/450 2710/5378/450
f 2634/5226/450 2640/5242/450 2740/5453/450
f 2725/5416/450 2640/5242/450 2656/5274/450
f 2650/5265/450 2695/5344/450 2656/5274/450
f 2656/5274/451 2676/5306/451 2650/5265/451
f 2676/5306/452 2703/5360/452 2700/5353/452
f 2749/5477/452 2747/5472/452 2794/5587/452
f 2672/5300/452 2659/5280/452 2744/5465/452
f 2681/5314/452 2735/5440/452 2732/5432/452
f 2717/5394/452 2659/5280/452 2676/5306/452
f 2672/5300/453 2634/5227/453 2659/5280/453
f 2676/5306/454 2634/5228/454 2650/5264/454
f 2656/5275/455 2672/5300/455 2681/5314/455
f 2692/5337/453 2703/5361/453 2695/5342/453
f 2782/5558/451 2705/5366/451 2783/5560/451
f 2687/5327/456 2700/5355/456 2692/5335/456
f 2703/5362/457 2684/5320/457 2695/5343/457
f 2710/5379/458 2717/5395/458 2719/5399/458
f 2712/5383/459 2723/5411/459 2720/5402/459
f 2712/5384/455 2717/5396/455 2707/5370/455
f 2719/5401/454 2761/5507/454 2710/5377/454
f 2714/5389/454 2772/5537/454 2723/5409/454
f 2729/5425/460 2737/5446/460 2731/5429/460
f 2727/5421/461 2732/5433/461 2725/5414/461
f 2732/5434/454 2729/5426/454 2725/5415/454
f 2731/5431/455 2734/5439/455 2727/5419/455
f 2741/5457/451 2746/5471/451 2744/5464/451
f 2785/5564/453 2747/5473/453 2784/5562/453
f 2740/5455/462 2749/5479/462 2746/5469/462
f 2741/5458/463 2747/5474/463 2743/5461/463
f 2683/5317/454 2767/5524/454 2782/5559/454
f 2696/5345/455 2752/5487/455 2785/5565/455
f 2781/5556/454 2647/5258/454 2750/5481/454
f 2759/5503/455 2776/5545/455 2768/5525/455
f 2758/5500/455 2775/5543/455 2763/5512/455
f 2775/5543/451 2762/5511/451 2763/5512/451
f 2777/5548/453 2761/5508/453 2771/5533/453
f 2688/5328/453 2768/5527/453 2776/5546/453
f 2764/5516/453 2790/5576/453 2791/5579/453
f 2683/5317/453 2779/5552/453 2780/5554/453
f 2778/5550/451 2668/5294/451 2773/5540/451
f 2758/5501/451 2696/5345/451 2778/5550/451
f 2796/5592/451 2756/5496/451 2797/5596/451
f 2688/5328/450 2782/5559/450 2783/5561/450
f 2769/5529/455 2783/5561/455 2766/5519/455
f 2668/5294/454 2753/5490/454 2756/5496/454
f 2696/5345/450 2784/5563/450 2668/5294/450
f 2790/5577/450 2855/5714/450 2857/5718/450
f 2637/5235/450 2831/5665/450 2830/5663/450
f 2678/5309/451 2786/5567/451 2787/5569/451
f 2678/5309/452 2664/5287/452 2674/5303/452
f 2669/5295/453 2637/5236/453 2664/5287/453
f 2664/5287/454 2790/5578/454 2788/5572/454
f 2789/5575/455 2645/5255/455 2678/5309/455
f 2647/5259/450 2806/5615/450 2808/5619/450
f 2796/5593/450 2811/5625/450 2813/5629/450
f 2663/5286/451 2642/5247/451 2647/5259/451
f 2663/5286/452 2651/5266/452 2660/5281/452
f 2651/5266/453 2794/5588/453 2792/5583/453
f 2660/5281/464 2792/5583/464 2793/5586/464
f 2794/5588/455 2663/5286/455 2795/5591/455
f 2639/5240/465 2806/5616/465 2807/5618/465
f 2643/5249/466 2807/5618/466 2804/5611/466
f 2648/5260/467 2804/5611/467 2826/5656/467
f 2653/5269/468 2826/5656/468 2825/5654/468
f 2657/5276/469 2825/5654/469 2823/5650/469
f 2661/5282/470 2823/5650/470 2824/5652/470
f 2666/5290/471 2824/5652/471 2827/5658/471
f 2671/5298/472 2827/5658/472 2821/5646/472
f 2675/5304/473 2821/5646/473 2820/5644/473
f 2680/5312/474 2820/5644/474 2822/5648/474
f 2685/5321/475 2822/5648/475 2828/5660/475
f 2690/5331/476 2828/5660/476 2815/5634/476
f 2693/5338/477 2815/5634/477 2817/5638/477
f 2699/5351/478 2817/5638/478 2812/5628/478
f 2702/5358/479 2812/5628/479 2813/5630/479
f 2708/5373/480 2813/5630/480 2811/5626/480
f 2711/5380/481 2811/5626/481 2814/5632/481
f 2715/5390/482 2814/5632/482 2819/5642/482
f 2721/5405/483 2819/5642/483 2818/5640/483
f 2726/5417/484 2818/5640/484 2816/5636/484
f 2730/5427/485 2816/5636/485 2829/5662/485
f 2733/5435/486 2829/5662/486 2799/5601/486
f 2736/5443/487 2799/5601/487 2798/5599/487
f 2739/5451/488 2798/5599/488 2803/5609/488
f 2742/5459/489 2803/5609/489 2800/5603/489
f 2745/5467/490 2800/5603/490 2802/5607/490
f 2748/5475/491 2802/5607/491 2801/5605/491
f 2751/5483/492 2801/5605/492 2810/5624/492
f 2754/5491/493 2810/5624/493 2805/5613/493
f 2757/5497/494 2805/5613/494 2809/5622/494
f 2760/5504/495 2809/5622/495 2808/5620/495
f 2636/5233/496 2808/5620/496 2806/5614/496
f 2693/5339/450 2730/5428/450 2754/5492/450
f 2638/5238/465 2855/5715/465 2856/5717/465
f 2641/5245/466 2856/5717/466 2860/5725/466
f 2644/5251/467 2860/5725/467 2853/5710/467
f 2646/5256/468 2853/5710/468 2859/5723/468
f 2649/5262/469 2859/5723/469 2851/5706/469
f 2652/5267/470 2851/5706/470 2852/5708/470
f 2655/5272/471 2852/5708/471 2849/5702/471
f 2658/5278/472 2849/5702/472 2850/5704/472
f 2662/5284/473 2850/5704/473 2847/5698/473
f 2665/5288/474 2847/5698/474 2846/5696/474
f 2667/5292/475 2846/5696/475 2848/5700/475
f 2670/5296/476 2848/5700/476 2845/5694/476
f 2673/5301/477 2845/5694/477 2833/5670/477
f 2677/5307/478 2833/5670/478 2835/5674/478
f 2679/5310/479 2835/5674/479 2832/5668/479
f 2682/5315/480 2832/5668/480 2830/5664/480
f 2686/5323/481 2830/5664/481 2831/5666/481
f 2689/5329/482 2831/5666/482 2836/5676/482
f 2691/5333/483 2836/5676/483 2834/5672/483
f 2694/5340/484 2834/5672/484 2844/5692/484
f 2698/5349/485 2844/5692/485 2837/5678/485
f 2701/5356/486 2837/5678/486 2839/5682/486
f 2704/5363/487 2839/5682/487 2838/5680/487
f 2706/5368/488 2838/5680/488 2843/5690/488
f 2709/5375/489 2843/5690/489 2840/5684/489
f 2713/5385/490 2840/5684/490 2842/5688/490
f 2716/5392/491 2842/5688/491 2841/5686/491
f 2718/5397/492 2841/5686/492 2861/5727/492
f 2722/5407/493 2861/5727/493 2854/5712/493
f 2724/5412/494 2854/5712/494 2858/5721/494
f 2728/5422/495 2858/5721/495 2857/5719/495
f 2635/5230/496 2857/5719/496 2855/5713/496
f 2677/5308/450 2701/5357/450 2724/5413/450
f 2634/5226/450 2712/5382/450 2707/5371/450
f 2750/5480/450 2756/5495/450 2753/5488/450
f 2727/5420/450 2725/5416/450 2695/5344/450
f 2684/5318/450 2767/5522/450 2765/5517/450
f 2727/5420/450 2695/5344/450 2684/5318/450
f 2750/5480/450 2753/5488/450 2738/5448/450
f 2684/5318/450 2765/5517/450 2764/5514/450
f 2750/5480/450 2738/5448/450 2731/5430/450
f 2727/5420/450 2684/5318/450 2764/5514/450
f 2764/5514/450 2750/5480/450 2731/5430/450
f 2758/5499/450 2763/5513/450 2762/5509/450
f 2762/5509/450 2714/5387/450 2743/5462/450
f 2743/5462/450 2752/5485/450 2755/5493/450
f 2758/5499/450 2762/5509/450 2743/5462/450
f 2768/5526/450 2769/5528/450 2766/5520/450
f 2687/5325/450 2692/5336/450 2650/5265/450
f 2768/5526/450 2766/5520/450 2687/5325/450
f 2761/5506/450 2759/5502/450 2768/5526/450
f 2650/5265/450 2707/5371/450 2710/5378/450
f 2710/5378/450 2761/5506/450 2768/5526/450
f 2768/5526/450 2687/5325/450 2650/5265/450
f 2741/5456/450 2743/5462/450 2714/5387/450
f 2714/5387/450 2712/5382/450 2634/5226/450
f 2640/5242/450 2729/5424/450 2731/5430/450
f 2731/5430/450 2738/5448/450 2740/5453/450
f 2741/5456/450 2714/5387/450 2634/5226/450
f 2640/5242/450 2731/5430/450 2740/5453/450
f 2740/5453/450 2741/5456/450 2634/5226/450
f 2725/5416/450 2729/5424/450 2640/5242/450
f 2656/5274/450 2695/5344/450 2725/5416/450
f 2650/5265/450 2692/5336/450 2695/5344/450
f 2656/5274/451 2681/5314/451 2676/5306/451
f 2676/5306/452 2681/5314/452 2703/5360/452
f 2776/5544/452 2777/5547/452 2771/5534/452
f 2719/5400/452 2717/5394/452 2700/5353/452
f 2776/5544/452 2771/5534/452 2719/5400/452
f 2788/5570/455 2780/5553/455 2779/5551/455
f 2776/5544/452 2719/5400/452 2700/5353/452
f 2786/5566/452 2788/5570/452 2779/5551/452
f 2779/5551/452 2776/5544/452 2700/5353/452
f 2779/5551/452 2700/5353/452 2705/5365/452
f 2786/5566/452 2779/5551/452 2705/5365/452
f 2697/5346/452 2703/5360/452 2681/5314/452
f 2786/5566/452 2705/5365/452 2697/5346/452
f 2781/5555/452 2789/5573/452 2787/5568/452
f 2787/5568/452 2786/5566/452 2697/5346/452
f 2697/5346/452 2681/5314/452 2732/5432/452
f 2697/5346/452 2732/5432/452 2734/5437/452
f 2781/5555/452 2787/5568/452 2697/5346/452
f 2794/5587/452 2774/5541/452 2795/5589/452
f 2781/5555/452 2697/5346/452 2734/5437/452
f 2794/5587/455 2795/5589/455 2781/5555/455
f 2781/5555/452 2734/5437/452 2737/5445/452
f 2747/5472/452 2723/5410/452 2772/5536/452
f 2772/5536/452 2775/5542/452 2770/5530/452
f 2778/5549/451 2773/5539/451 2793/5584/451
f 2747/5472/452 2772/5536/452 2770/5530/452
f 2778/5549/452 2793/5584/452 2792/5582/452
f 2747/5472/452 2770/5530/452 2778/5549/452
f 2794/5587/452 2781/5555/452 2737/5445/452
f 2747/5472/452 2778/5549/452 2792/5582/452
f 2794/5587/452 2737/5445/452 2749/5477/452
f 2747/5472/452 2792/5582/452 2794/5587/452
f 2746/5470/452 2749/5477/452 2737/5445/452
f 2737/5445/452 2735/5440/452 2672/5300/452
f 2659/5280/452 2720/5403/452 2723/5410/452
f 2723/5410/452 2747/5472/452 2744/5465/452
f 2746/5470/452 2737/5445/452 2672/5300/452
f 2659/5280/452 2723/5410/452 2744/5465/452
f 2744/5465/452 2746/5470/452 2672/5300/452
f 2681/5314/452 2672/5300/452 2735/5440/452
f 2717/5394/452 2720/5403/452 2659/5280/452
f 2676/5306/452 2700/5353/452 2717/5394/452
f 2672/5300/453 2640/5243/453 2634/5227/453
f 2676/5306/454 2659/5280/454 2634/5228/454
f 2656/5275/455 2640/5244/455 2672/5300/455
f 2692/5337/453 2700/5354/453 2703/5361/453
f 2782/5558/451 2767/5523/451 2684/5319/451
f 2684/5319/451 2697/5347/451 2705/5366/451
f 2705/5366/451 2687/5326/451 2766/5521/451
f 2705/5366/451 2766/5521/451 2783/5560/451
f 2782/5558/451 2684/5319/451 2705/5366/451
f 2687/5327/456 2705/5367/456 2700/5355/456
f 2703/5362/457 2697/5348/457 2684/5320/457
f 2710/5379/458 2707/5372/458 2717/5395/458
f 2712/5383/459 2714/5388/459 2723/5411/459
f 2712/5384/455 2720/5404/455 2717/5396/455
f 2719/5401/454 2771/5535/454 2761/5507/454
f 2714/5389/454 2762/5510/454 2772/5537/454
f 2729/5425/460 2735/5441/460 2737/5446/460
f 2727/5421/461 2734/5438/461 2732/5433/461
f 2732/5434/454 2735/5442/454 2729/5426/454
f 2731/5431/455 2737/5447/455 2734/5439/455
f 2741/5457/451 2740/5454/451 2746/5471/451
f 2785/5564/453 2752/5486/453 2743/5463/453
f 2747/5473/453 2749/5478/453 2738/5449/453
f 2738/5449/453 2753/5489/453 2784/5562/453
f 2785/5564/453 2743/5463/453 2747/5473/453
f 2747/5473/453 2738/5449/453 2784/5562/453
f 2740/5455/462 2738/5450/462 2749/5479/462
f 2741/5458/463 2744/5466/463 2747/5474/463
f 2683/5317/454 2765/5518/454 2767/5524/454
f 2696/5345/455 2755/5494/455 2752/5487/455
f 2750/5481/454 2764/5515/454 2781/5556/454
f 2781/5556/454 2795/5590/454 2647/5258/454
f 2647/5258/454 2797/5595/454 2750/5481/454
f 2759/5503/455 2777/5548/455 2776/5545/455
f 2758/5500/455 2770/5531/455 2775/5543/455
f 2775/5543/451 2772/5538/451 2762/5511/451
f 2777/5548/453 2759/5503/453 2761/5508/453
f 2776/5546/453 2779/5552/453 2688/5328/453
f 2688/5328/453 2769/5529/453 2768/5527/453
f 2791/5579/453 2789/5574/453 2781/5557/453
f 2764/5516/453 2765/5518/453 2683/5317/453
f 2683/5317/453 2780/5554/453 2788/5571/453
f 2683/5317/453 2788/5571/453 2790/5576/453
f 2791/5579/453 2781/5557/453 2764/5516/453
f 2764/5516/453 2683/5317/453 2790/5576/453
f 2683/5317/453 2688/5328/453 2779/5552/453
f 2778/5550/451 2696/5345/451 2668/5294/451
f 2778/5550/451 2770/5532/451 2758/5501/451
f 2758/5501/451 2755/5494/451 2696/5345/451
f 2796/5592/451 2793/5585/451 2773/5540/451
f 2773/5540/451 2668/5294/451 2756/5496/451
f 2756/5496/451 2750/5482/451 2797/5596/451
f 2796/5592/451 2773/5540/451 2756/5496/451
f 2688/5328/450 2683/5317/450 2782/5559/450
f 2769/5529/455 2688/5328/455 2783/5561/455
f 2668/5294/454 2784/5563/454 2753/5490/454
f 2696/5345/450 2785/5565/450 2784/5563/450
f 2854/5711/450 2861/5726/450 2791/5580/450
f 2790/5577/450 2859/5722/450 2853/5709/450
f 2790/5577/450 2853/5709/450 2860/5724/450
f 2854/5711/450 2791/5580/450 2790/5577/450
f 2858/5720/450 2854/5711/450 2790/5577/450
f 2790/5577/450 2860/5724/450 2856/5716/450
f 2790/5577/450 2856/5716/450 2855/5714/450
f 2857/5718/450 2858/5720/450 2790/5577/450
f 2791/5580/450 2861/5726/450 2841/5685/450
f 2791/5580/450 2841/5685/450 2842/5687/450
f 2851/5705/450 2859/5722/450 2790/5577/450
f 2852/5707/450 2851/5705/450 2790/5577/450
f 2645/5253/450 2791/5580/450 2842/5687/450
f 2645/5253/450 2842/5687/450 2840/5683/450
f 2852/5707/450 2790/5577/450 2637/5235/450
f 2849/5701/450 2852/5707/450 2637/5235/450
f 2645/5253/450 2840/5683/450 2843/5689/450
f 2645/5253/450 2843/5689/450 2838/5679/450
f 2850/5703/450 2849/5701/450 2637/5235/450
f 2847/5697/450 2850/5703/450 2637/5235/450
f 2645/5253/450 2838/5679/450 2839/5681/450
f 2645/5253/450 2839/5681/450 2837/5677/450
f 2846/5695/450 2847/5697/450 2637/5235/450
f 2848/5699/450 2846/5695/450 2637/5235/450
f 2645/5253/450 2837/5677/450 2844/5691/450
f 2645/5253/450 2844/5691/450 2834/5671/450
f 2845/5693/450 2848/5699/450 2637/5235/450
f 2833/5669/450 2845/5693/450 2637/5235/450
f 2637/5235/450 2645/5253/450 2834/5671/450
f 2637/5235/450 2834/5671/450 2836/5675/450
f 2835/5673/450 2833/5669/450 2637/5235/450
f 2832/5667/450 2835/5673/450 2637/5235/450
f 2637/5235/450 2836/5675/450 2831/5665/450
f 2830/5663/450 2832/5667/450 2637/5235/450
f 2678/5309/451 2674/5303/451 2786/5567/451
f 2678/5309/452 2669/5295/452 2664/5287/452
f 2669/5295/453 2645/5254/453 2637/5236/453
f 2786/5567/454 2674/5303/454 2664/5287/454
f 2664/5287/454 2637/5237/454 2790/5578/454
f 2788/5572/455 2786/5567/455 2664/5287/455
f 2789/5575/455 2791/5581/455 2645/5255/455
f 2645/5255/455 2669/5295/455 2678/5309/455
f 2678/5309/455 2787/5569/455 2789/5575/455
f 2829/5661/450 2816/5635/450 2797/5597/450
f 2642/5247/450 2796/5593/450 2828/5659/450
f 2642/5247/450 2828/5659/450 2822/5647/450
f 2829/5661/450 2797/5597/450 2647/5259/450
f 2799/5600/450 2829/5661/450 2647/5259/450
f 2642/5247/450 2822/5647/450 2820/5643/450
f 2642/5247/450 2820/5643/450 2821/5645/450
f 2798/5598/450 2799/5600/450 2647/5259/450
f 2803/5608/450 2798/5598/450 2647/5259/450
f 2642/5247/450 2821/5645/450 2827/5657/450
f 2642/5247/450 2827/5657/450 2824/5651/450
f 2800/5602/450 2803/5608/450 2647/5259/450
f 2802/5606/450 2800/5602/450 2647/5259/450
f 2642/5247/450 2824/5651/450 2823/5649/450
f 2642/5247/450 2823/5649/450 2825/5653/450
f 2801/5604/450 2802/5606/450 2647/5259/450
f 2810/5623/450 2801/5604/450 2647/5259/450
f 2642/5247/450 2825/5653/450 2826/5655/450
f 2642/5247/450 2826/5655/450 2804/5610/450
f 2805/5612/450 2810/5623/450 2647/5259/450
f 2809/5621/450 2805/5612/450 2647/5259/450
f 2647/5259/450 2642/5247/450 2804/5610/450
f 2647/5259/450 2804/5610/450 2807/5617/450
f 2808/5619/450 2809/5621/450 2647/5259/450
f 2647/5259/450 2807/5617/450 2806/5615/450
f 2815/5633/450 2828/5659/450 2796/5593/450
f 2797/5597/450 2816/5635/450 2818/5639/450
f 2797/5597/450 2818/5639/450 2819/5641/450
f 2817/5637/450 2815/5633/450 2796/5593/450
f 2812/5627/450 2817/5637/450 2796/5593/450
f 2796/5593/450 2797/5597/450 2819/5641/450
f 2796/5593/450 2819/5641/450 2814/5631/450
f 2813/5629/450 2812/5627/450 2796/5593/450
f 2796/5593/450 2814/5631/450 2811/5625/450
f 2647/5259/454 2795/5591/454 2663/5286/454
f 2663/5286/451 2660/5281/451 2642/5247/451
f 2663/5286/452 2654/5271/452 2651/5266/452
f 2651/5266/453 2654/5271/453 2794/5588/453
f 2796/5594/454 2642/5248/454 2660/5281/454
f 2660/5281/454 2651/5266/454 2792/5583/454
f 2793/5586/454 2796/5594/454 2660/5281/454
f 2794/5588/455 2654/5271/455 2663/5286/455
f 2639/5240/465 2636/5232/465 2806/5616/465
f 2643/5249/466 2639/5240/466 2807/5618/466
f 2648/5260/467 2643/5249/467 2804/5611/467
f 2653/5269/468 2648/5260/468 2826/5656/468
f 2657/5276/469 2653/5269/469 2825/5654/469
f 2661/5282/470 2657/5276/470 2823/5650/470
f 2666/5290/471 2661/5282/471 2824/5652/471
f 2671/5298/472 2666/5290/472 2827/5658/472
f 2675/5304/473 2671/5298/473 2821/5646/473
f 2680/5312/474 2675/5304/474 2820/5644/474
f 2685/5321/475 2680/5312/475 2822/5648/475
f 2690/5331/476 2685/5321/476 2828/5660/476
f 2693/5338/477 2690/5331/477 2815/5634/477
f 2699/5351/478 2693/5338/478 2817/5638/478
f 2702/5358/479 2699/5351/479 2812/5628/479
f 2708/5373/480 2702/5358/480 2813/5630/480
f 2711/5380/481 2708/5373/481 2811/5626/481
f 2715/5390/482 2711/5380/482 2814/5632/482
f 2721/5405/483 2715/5390/483 2819/5642/483
f 2726/5417/484 2721/5405/484 2818/5640/484
f 2730/5427/485 2726/5417/485 2816/5636/485
f 2733/5435/486 2730/5427/486 2829/5662/486
f 2736/5443/487 2733/5435/487 2799/5601/487
f 2739/5451/488 2736/5443/488 2798/5599/488
f 2742/5459/489 2739/5451/489 2803/5609/489
f 2745/5467/490 2742/5459/490 2800/5603/490
f 2748/5475/491 2745/5467/491 2802/5607/491
f 2751/5483/492 2748/5475/492 2801/5605/492
f 2754/5491/493 2751/5483/493 2810/5624/493
f 2757/5497/494 2754/5491/494 2805/5613/494
f 2760/5504/495 2757/5497/495 2809/5622/495
f 2636/5233/496 2760/5504/496 2808/5620/496
f 2754/5492/450 2757/5498/450 2760/5505/450
f 2760/5505/450 2636/5234/450 2639/5241/450
f 2639/5241/450 2643/5250/450 2648/5261/450
f 2648/5261/450 2653/5270/450 2657/5277/450
f 2657/5277/450 2661/5283/450 2666/5291/450
f 2666/5291/450 2671/5299/450 2675/5305/450
f 2675/5305/450 2680/5313/450 2685/5322/450
f 2685/5322/450 2690/5332/450 2693/5339/450
f 2693/5339/450 2699/5352/450 2702/5359/450
f 2702/5359/450 2708/5374/450 2711/5381/450
f 2711/5381/450 2715/5391/450 2721/5406/450
f 2721/5406/450 2726/5418/450 2730/5428/450
f 2730/5428/450 2733/5436/450 2736/5444/450
f 2736/5444/450 2739/5452/450 2742/5460/450
f 2742/5460/450 2745/5468/450 2748/5476/450
f 2748/5476/450 2751/5484/450 2754/5492/450
f 2754/5492/450 2760/5505/450 2639/5241/450
f 2639/5241/450 2648/5261/450 2657/5277/450
f 2657/5277/450 2666/5291/450 2675/5305/450
f 2675/5305/450 2685/5322/450 2693/5339/450
f 2693/5339/450 2702/5359/450 2711/5381/450
f 2711/5381/450 2721/5406/450 2730/5428/450
f 2730/5428/450 2736/5444/450 2742/5460/450
f 2742/5460/450 2748/5476/450 2754/5492/450
f 2754/5492/450 2639/5241/450 2657/5277/450
f 2657/5277/450 2675/5305/450 2693/5339/450
f 2693/5339/450 2711/5381/450 2730/5428/450
f 2730/5428/450 2742/5460/450 2754/5492/450
f 2754/5492/450 2657/5277/450 2693/5339/450
f 2638/5238/465 2635/5229/465 2855/5715/465
f 2641/5245/466 2638/5238/466 2856/5717/466
f 2644/5251/467 2641/5245/467 2860/5725/467
f 2646/5256/468 2644/5251/468 2853/5710/468
f 2649/5262/469 2646/5256/469 2859/5723/469
f 2652/5267/470 2649/5262/470 2851/5706/470
f 2655/5272/471 2652/5267/471 2852/5708/471
f 2658/5278/472 2655/5272/472 2849/5702/472
f 2662/5284/473 2658/5278/473 2850/5704/473
f 2665/5288/474 2662/5284/474 2847/5698/474
f 2667/5292/475 2665/5288/475 2846/5696/475
f 2670/5296/476 2667/5292/476 2848/5700/476
f 2673/5301/477 2670/5296/477 2845/5694/477
f 2677/5307/478 2673/5301/478 2833/5670/478
f 2679/5310/479 2677/5307/479 2835/5674/479
f 2682/5315/480 2679/5310/480 2832/5668/480
f 2686/5323/481 2682/5315/481 2830/5664/481
f 2689/5329/482 2686/5323/482 2831/5666/482
f 2691/5333/483 2689/5329/483 2836/5676/483
f 2694/5340/484 2691/5333/484 2834/5672/484
f 2698/5349/485 2694/5340/485 2844/5692/485
f 2701/5356/486 2698/5349/486 2837/5678/486
f 2704/5363/487 2701/5356/487 2839/5682/487
f 2706/5368/488 2704/5363/488 2838/5680/488
f 2709/5375/489 2706/5368/489 2843/5690/489
f 2713/5385/490 2709/5375/490 2840/5684/490
f 2716/5392/491 2713/5385/491 2842/5688/491
f 2718/5397/492 2716/5392/492 2841/5686/492
f 2722/5407/493 2718/5397/493 2861/5727/493
f 2724/5412/494 2722/5407/494 2854/5712/494
f 2728/5422/495 2724/5412/495 2858/5721/495
f 2635/5230/496 2728/5422/496 2857/5719/496
f 2724/5413/450 2728/5423/450 2635/5231/450
f 2635/5231/450 2638/5239/450 2641/5246/450
f 2641/5246/450 2644/5252/450 2646/5257/450
f 2646/5257/450 2649/5263/450 2652/5268/450
f 2652/5268/450 2655/5273/450 2658/5279/450
f 2658/5279/450 2662/5285/450 2665/5289/450
f 2665/5289/450 2667/5293/450 2670/5297/450
f 2670/5297/450 2673/5302/450 2677/5308/450
f 2677/5308/450 2679/5311/450 2682/5316/450
f 2682/5316/450 2686/5324/450 2689/5330/450
f 2689/5330/450 2691/5334/450 2694/5341/450
f 2694/5341/450 2698/5350/450 2701/5357/450
f 2701/5357/450 2704/5364/450 2706/5369/450
f 2706/5369/450 2709/5376/450 2713/5386/450
f 2713/5386/450 2716/5393/450 2718/5398/450
f 2718/5398/450 2722/5408/450 2724/5413/450
f 2724/5413/450 2635/5231/450 2641/5246/450
f 2641/5246/450 2646/5257/450 2652/5268/450
f 2652/5268/450 2658/5279/450 2665/5289/450
f 2665/5289/450 2670/5297/450 2677/5308/450
f 2677/5308/450 2682/5316/450 2689/5330/450
f 2689/5330/450 2694/5341/450 2701/5357/450
f 2701/5357/450 2706/5369/450 2713/5386/450
f 2713/5386/450 2718/5398/450 2724/5413/450
f 2724/5413/450 2641/5246/450 2652/5268/450
f 2652/5268/450 2665/5289/450 2677/5308/450
f 2677/5308/450 2689/5330/450 2701/5357/450
f 2701/5357/450 2713/5386/450 2724/5413/450
f 2724/5413/450 2652/5268/450 2677/5308/450
o BMp280-M
v -0.043060 0.044500 0.007400
v -0.043060 0.055500 0.007400
v -0.043060 0.044500 -0.007400
v -0.043060 0.055500 -0.007400
v -0.041940 0.044500 0.007400
v -0.033500 0.044750 0.005050
v -0.041940 0.055500 0.007400
v -0.033500 0.047250 0.005050
v -0.041940 0.044500 -0.007400
v -0.033500 0.044750 -0.005050
v -0.041940 0.055500 -0.007400
v -0.033500 0.047250 -0.005050
v -0.043060 0.052940 0.006080
v -0.043060 0.052655 0.006052
v -0.043060 0.053225 0.006052
v -0.043060 0.052381 0.005969
v -0.043060 0.053751 0.005834
v -0.043060 0.052129 0.005834
v -0.043060 0.053499 0.005969
v -0.043060 0.051908 0.005652
v -0.043060 0.054154 0.005431
v -0.043060 0.051508 0.004905
v -0.043060 0.051591 0.005179
v -0.043060 0.054372 0.004905
v -0.043060 0.051726 0.005431
v -0.043060 0.054289 0.005179
v -0.043060 0.053972 0.005652
v -0.043060 0.051508 0.004335
v -0.043060 0.054372 0.004335
v -0.043060 0.051726 0.003809
v -0.043060 0.054154 0.003809
v -0.043060 0.051591 0.004061
v -0.043060 0.054289 0.004061
v -0.043060 0.052129 0.003406
v -0.043060 0.053751 0.003406
v -0.043060 0.052940 0.003160
v -0.043060 0.053225 0.003188
v -0.043060 0.052655 0.003188
v -0.043060 0.053499 0.003271
v -0.043060 0.052381 0.003271
v -0.043060 0.053972 0.003588
v -0.043060 0.051908 0.003588
v -0.043060 0.051480 0.004620
v -0.043060 0.054400 0.004620
v -0.041940 0.054154 0.005431
v -0.041940 0.054289 0.005179
v -0.041940 0.054372 0.004905
v -0.041940 0.054400 0.004620
v -0.041940 0.054289 0.004061
v -0.041940 0.054372 0.004335
v -0.041940 0.053972 0.003588
v -0.041940 0.053751 0.003406
v -0.041940 0.052940 0.003160
v -0.041940 0.052655 0.003188
v -0.041940 0.053225 0.003188
v -0.041940 0.053499 0.003271
v -0.041940 0.054154 0.003809
v -0.041940 0.052940 0.006080
v -0.041940 0.052381 0.005969
v -0.041940 0.052655 0.006052
v -0.041940 0.053225 0.006052
v -0.041940 0.051908 0.005652
v -0.041940 0.053972 0.005652
v -0.041940 0.052129 0.005834
v -0.041940 0.053751 0.005834
v -0.041940 0.053499 0.005969
v -0.041940 0.051591 0.005179
v -0.041940 0.051508 0.004335
v -0.041940 0.051480 0.004620
v -0.041940 0.051508 0.004905
v -0.041940 0.051726 0.003809
v -0.041940 0.052129 0.003406
v -0.041940 0.052381 0.003271
v -0.041940 0.051591 0.004061
v -0.041940 0.051908 0.003588
v -0.041940 0.051726 0.005431
v -0.043060 0.052129 -0.003406
v -0.043060 0.052381 -0.003271
v -0.043060 0.051726 -0.003809
v -0.043060 0.051908 -0.003588
v -0.043060 0.051508 -0.004335
v -0.043060 0.051508 -0.004905
v -0.043060 0.051591 -0.005179
v -0.043060 0.051480 -0.004620
v -0.043060 0.051591 -0.004061
v -0.043060 0.052129 -0.005834
v -0.043060 0.053751 -0.005834
v -0.043060 0.051908 -0.005652
v -0.043060 0.053972 -0.005652
v -0.043060 0.052940 -0.006080
v -0.043060 0.053225 -0.006052
v -0.043060 0.052381 -0.005969
v -0.043060 0.052655 -0.006052
v -0.043060 0.053499 -0.005969
v -0.043060 0.051726 -0.005431
v -0.043060 0.052655 -0.003188
v -0.043060 0.052940 -0.003160
v -0.043060 0.053225 -0.003188
v -0.043060 0.053751 -0.003406
v -0.043060 0.053499 -0.003271
v -0.043060 0.053972 -0.003588
v -0.043060 0.054154 -0.003809
v -0.043060 0.054372 -0.004335
v -0.043060 0.054289 -0.004061
v -0.043060 0.054372 -0.004905
v -0.043060 0.054154 -0.005431
v -0.043060 0.054289 -0.005179
v -0.043060 0.054400 -0.004620
v -0.041940 0.052129 -0.003406
v -0.041940 0.052381 -0.003271
v -0.041940 0.051726 -0.003809
v -0.041940 0.051908 -0.003588
v -0.041940 0.051508 -0.004335
v -0.041940 0.051508 -0.004905
v -0.041940 0.051591 -0.005179
v -0.041940 0.051480 -0.004620
v -0.041940 0.051591 -0.004061
v -0.041940 0.052129 -0.005834
v -0.041940 0.053751 -0.005834
v -0.041940 0.051908 -0.005652
v -0.041940 0.053972 -0.005652
v -0.041940 0.052940 -0.006080
v -0.041940 0.053225 -0.006052
v -0.041940 0.052381 -0.005969
v -0.041940 0.052655 -0.006052
v -0.041940 0.053499 -0.005969
v -0.041940 0.051726 -0.005431
v -0.041940 0.052655 -0.003188
v -0.041940 0.052940 -0.003160
v -0.041940 0.053225 -0.003188
v -0.041940 0.053751 -0.003406
v -0.041940 0.053499 -0.003271
v -0.041940 0.053972 -0.003588
v -0.041940 0.054154 -0.003809
v -0.041940 0.054372 -0.004335
v -0.041940 0.054289 -0.004061
v -0.041940 0.054372 -0.004905
v -0.041940 0.054154 -0.005431
v -0.041940 0.054289 -0.005179
v -0.041940 0.054400 -0.004620
v -0.041940 0.044750 0.005050
v -0.041940 0.047250 0.005050
v -0.041940 0.044750 -0.005050
v -0.041940 0.047250 -0.005050
vn -1.0000 -0.0000 -0.0000
vn -0.0000 -0.0000 -1.0000
vn 1.0000 -0.0000 -0.0000
vn -0.0000 -0.0000 1.0000
vn -0.0000 -1.0000 -0.0000
vn -0.0000 1.0000 -0.0000
vn -0.0000 0.0980 0.9952
vn -0.0000 0.2903 0.9569
vn -0.0000 0.4714 0.8819
vn -0.0000 0.6344 0.7730
vn -0.0000 0.7730 0.6344
vn -0.0000 0.8819 0.4714
vn -0.0000 0.9569 0.2903
vn -0.0000 0.9952 0.0980
vn -0.0000 0.9952 -0.0980
vn -0.0000 0.9569 -0.2903
vn -0.0000 0.8819 -0.4714
vn -0.0000 0.7730 -0.6344
vn -0.0000 0.6344 -0.7730
vn -0.0000 0.4714 -0.8819
vn -0.0000 0.2903 -0.9569
vn -0.0000 0.0980 -0.9952
vn -0.0000 -0.0980 -0.9952
vn -0.0000 -0.2903 -0.9569
vn -0.0000 -0.4714 -0.8819
vn -0.0000 -0.6344 -0.7730
vn -0.0000 -0.7730 -0.6344
vn -0.0000 -0.8819 -0.4714
vn -0.0000 -0.9569 -0.2903
vn -0.0000 -0.9952 -0.0980
vn -0.0000 -0.9952 0.0980
vn -0.0000 -0.9569 0.2903
vn -0.0000 -0.8819 0.4714
vn -0.0000 -0.7730 0.6344
vn -0.0000 -0.6344 0.7730
vn -0.0000 -0.4714 0.8819
vn -0.0000 -0.2903 0.9569
vn -0.0000 -0.0980 0.9952
vt 0.375000 0.000000
vt 0.375000 1.000000
vt 0.125000 0.750000
vt 0.625000 0.000000
vt 0.625000 1.000000
vt 0.875000 0.750000
vt 0.125000 0.500000
vt 0.375000 0.250000
vt 0.625000 0.250000
vt 0.875000 0.500000
vt 0.375000 0.750000
vt 0.375000 0.750000
vt 0.625000 0.750000
vt 0.625000 0.750000
vt 0.375000 0.500000
vt 0.375000 0.500000
vt 0.625000 0.500000
vt 0.625000 0.500000
vt 0.566818 0.022297
vt 0.500000 0.722000
vt 0.560345 0.022771
vt 0.531250 0.722000
vt 0.573292 0.022771
vt 0.468750 0.722000
vt 0.554120 0.024175
vt 0.562500 0.722000
vt 0.585253 0.026454
vt 0.406250 0.722000
vt 0.548383 0.026454
vt 0.593750 0.722000
vt 0.579516 0.024175
vt 0.437500 0.722000
vt 0.543355 0.029521
vt 0.625000 0.722000
vt 0.594408 0.033258
vt 0.343750 0.722000
vt 0.534274 0.042148
vt 0.718750 0.722000
vt 0.536162 0.037522
vt 0.687500 0.722000
vt 0.599362 0.042148
vt 0.281250 0.722000
vt 0.539228 0.033258
vt 0.656250 0.722000
vt 0.597474 0.037522
vt 0.312500 0.722000
vt 0.590281 0.029521
vt 0.375000 0.722000
vt 0.534274 0.051771
vt 0.781250 0.722000
vt 0.599362 0.051771
vt 0.218750 0.722000
vt 0.539228 0.060661
vt 0.843750 0.722000
vt 0.156250 0.722000
vt 0.594408 0.060661
vt 0.536162 0.056397
vt 0.812500 0.722000
vt 0.597474 0.056397
vt 0.187500 0.722000
vt 0.548383 0.067465
vt 0.906250 0.722000
vt 0.585253 0.067465
vt 0.093750 0.722000
vt 1.000000 0.722000
vt 0.566818 0.071622
vt 0.000000 0.722000
vt 0.573292 0.071148
vt 0.031250 0.722000
vt 0.560345 0.071148
vt 0.968750 0.722000
vt 0.579516 0.069744
vt 0.062500 0.722000
vt 0.554120 0.069744
vt 0.937500 0.722000
vt 0.590281 0.064398
vt 0.125000 0.722000
vt 0.543355 0.064398
vt 0.875000 0.722000
vt 0.533636 0.046959
vt 0.750000 0.722000
vt 0.600000 0.046959
vt 0.250000 0.722000
vt 0.594408 0.716742
vt 0.343750 0.778000
vt 0.597474 0.712478
vt 0.312500 0.778000
vt 0.599362 0.707852
vt 0.281250 0.778000
vt 0.600000 0.703041
vt 0.250000 0.778000
vt 0.597474 0.693603
vt 0.187500 0.778000
vt 0.599362 0.698229
vt 0.218750 0.778000
vt 0.590281 0.685602
vt 0.125000 0.778000
vt 0.585253 0.682535
vt 0.093750 0.778000
vt 0.566818 0.678378
vt 1.000000 0.778000
vt 0.000000 0.778000
vt 0.560345 0.678852
vt 0.968750 0.778000
vt 0.573292 0.678852
vt 0.031250 0.778000
vt 0.579516 0.680256
vt 0.062500 0.778000
vt 0.594408 0.689339
vt 0.156250 0.778000
vt 0.566818 0.727703
vt 0.500000 0.778000
vt 0.554120 0.725825
vt 0.562500 0.778000
vt 0.560345 0.727229
vt 0.531250 0.778000
vt 0.573292 0.727229
vt 0.468750 0.778000
vt 0.543355 0.720479
vt 0.625000 0.778000
vt 0.590281 0.720479
vt 0.375000 0.778000
vt 0.548383 0.723546
vt 0.593750 0.778000
vt 0.585253 0.723546
vt 0.406250 0.778000
vt 0.579516 0.725825
vt 0.437500 0.778000
vt 0.536162 0.712478
vt 0.687500 0.778000
vt 0.534274 0.698229
vt 0.781250 0.778000
vt 0.533636 0.703041
vt 0.750000 0.778000
vt 0.534274 0.707852
vt 0.718750 0.778000
vt 0.539228 0.689339
vt 0.843750 0.778000
vt 0.548383 0.682535
vt 0.906250 0.778000
vt 0.554120 0.680256
vt 0.937500 0.778000
vt 0.536162 0.693603
vt 0.812500 0.778000
vt 0.543355 0.685602
vt 0.875000 0.778000
vt 0.539228 0.716742
vt 0.656250 0.778000
vt 0.548383 0.182535
vt 0.593750 0.722000
vt 0.554120 0.180256
vt 0.562500 0.722000
vt 0.539228 0.189339
vt 0.656250 0.722000
vt 0.543355 0.185602
vt 0.625000 0.722000
vt 0.534274 0.198229
vt 0.718750 0.722000
vt 0.534274 0.207852
vt 0.781250 0.722000
vt 0.536162 0.212478
vt 0.812500 0.722000
vt 0.533636 0.203041
vt 0.750000 0.722000
vt 0.536162 0.193603
vt 0.687500 0.722000
vt 0.548383 0.223546
vt 0.906250 0.722000
vt 0.585253 0.223546
vt 0.093750 0.722000
vt 0.543355 0.220479
vt 0.875000 0.722000
vt 0.590281 0.220479
vt 0.125000 0.722000
vt 1.000000 0.722000
vt 0.566818 0.227703
vt 0.000000 0.722000
vt 0.573292 0.227229
vt 0.031250 0.722000
vt 0.554120 0.225825
vt 0.937500 0.722000
vt 0.560345 0.227229
vt 0.968750 0.722000
vt 0.579516 0.225825
vt 0.062500 0.722000
vt 0.539229 0.216742
vt 0.843750 0.722000
vt 0.560345 0.178852
vt 0.531250 0.722000
vt 0.566818 0.178378
vt 0.500000 0.722000
vt 0.573292 0.178852
vt 0.468750 0.722000
vt 0.585253 0.182535
vt 0.406250 0.722000
vt 0.579516 0.180256
vt 0.437500 0.722000
vt 0.590281 0.185602
vt 0.375000 0.722000
vt 0.594408 0.189339
vt 0.343750 0.722000
vt 0.599362 0.198229
vt 0.281250 0.722000
vt 0.597474 0.193603
vt 0.312500 0.722000
vt 0.599362 0.207852
vt 0.218750 0.722000
vt 0.594408 0.216742
vt 0.156250 0.722000
vt 0.597474 0.212478
vt 0.187500 0.722000
vt 0.600000 0.203040
vt 0.250000 0.722000
vt 0.548383 0.567465
vt 0.593750 0.778000
vt 0.554120 0.569744
vt 0.562500 0.778000
vt 0.539228 0.560661
vt 0.656250 0.778000
vt 0.543355 0.564398
vt 0.625000 0.778000
vt 0.534274 0.551771
vt 0.718750 0.778000
vt 0.534274 0.542148
vt 0.781250 0.778000
vt 0.536162 0.537522
vt 0.812500 0.778000
vt 0.533636 0.546959
vt 0.750000 0.778000
vt 0.536162 0.556397
vt 0.687500 0.778000
vt 0.548383 0.526453
vt 0.906250 0.778000
vt 0.585253 0.526454
vt 0.093750 0.778000
vt 0.543355 0.529521
vt 0.875000 0.778000
vt 0.590281 0.529521
vt 0.125000 0.778000
vt 0.566818 0.522297
vt 1.000000 0.778000
vt 0.000000 0.778000
vt 0.573292 0.522771
vt 0.031250 0.778000
vt 0.554120 0.524175
vt 0.937500 0.778000
vt 0.560345 0.522771
vt 0.968750 0.778000
vt 0.579516 0.524175
vt 0.062500 0.778000
vt 0.539229 0.533258
vt 0.843750 0.778000
vt 0.560345 0.571148
vt 0.531250 0.778000
vt 0.566818 0.571622
vt 0.500000 0.778000
vt 0.573292 0.571148
vt 0.468750 0.778000
vt 0.585253 0.567465
vt 0.406250 0.778000
vt 0.579516 0.569744
vt 0.437500 0.778000
vt 0.590281 0.564398
vt 0.375000 0.778000
vt 0.594408 0.560661
vt 0.343750 0.778000
vt 0.599362 0.551771
vt 0.281250 0.778000
vt 0.597474 0.556397
vt 0.312500 0.778000
vt 0.599362 0.542148
vt 0.218750 0.778000
vt 0.594408 0.533258
vt 0.156250 0.778000
vt 0.597474 0.537522
vt 0.187500 0.778000
vt 0.600000 0.546960
vt 0.250000 0.778000
vt 0.375000 0.984444
vt 0.380682 0.710304
vt 0.140556 0.750000
vt 0.437500 0.710304
vt 0.625000 0.984444
vt 0.859444 0.750000
vt 0.380682 0.539696
vt 0.375000 0.265556
vt 0.140556 0.500000
vt 0.625000 0.265556
vt 0.437500 0.539696
vt 0.859444 0.500000
s 0
usemtl Material.001
f 2862/5728/497 2874/5746/497 2875/5748/497
f 2958/5917/497 2901/5801/497 2899/5797/497
f 2864/5735/497 2943/5886/497 2944/5888/497
f 2865/5736/498 2870/5742/498 2864/5735/498
f 2868/5740/499 2866/5738/499 2921/5842/499
f 2977/5955/499 2974/5949/499 3005/6016/499
f 3002/6007/499 2870/5742/499 3004/6012/499
f 2934/5868/499 2933/5866/499 2990/5982/499
f 2868/5740/500 2862/5729/500 2866/5738/500
f 2870/5742/501 2862/5730/501 2864/5734/501
f 2865/5737/502 2868/5740/502 2872/5744/502
f 2899/5798/503 2914/5828/503 2897/5792/503
f 2901/5802/504 2915/5831/504 2899/5798/504
f 2895/5789/505 2934/5869/505 2901/5802/505
f 2903/5806/506 2933/5867/506 2895/5789/506
f 2891/5781/507 2936/5873/507 2903/5806/507
f 2893/5785/508 2932/5865/508 2891/5781/508
f 2889/5777/509 2935/5871/509 2893/5785/509
f 2904/5808/510 2929/5859/510 2889/5777/510
f 2883/5765/511 2930/5861/511 2904/5808/511
f 2884/5767/512 2931/5863/512 2883/5765/512
f 2886/5771/513 2928/5857/513 2884/5767/513
f 2923/5847/514 2886/5771/514 2881/5761/514
f 2925/5851/515 2881/5761/515 2879/5757/515
f 2920/5841/516 2879/5757/516 2877/5753/516
f 2921/5843/517 2877/5753/517 2875/5749/517
f 2919/5839/518 2875/5749/518 2874/5747/518
f 2922/5845/519 2874/5747/519 2876/5751/519
f 2927/5855/520 2876/5751/520 2880/5759/520
f 2926/5853/521 2880/5759/521 2878/5755/521
f 2924/5849/522 2878/5755/522 2888/5775/522
f 2906/5812/523 2888/5775/523 2882/5763/523
f 2907/5814/524 2882/5763/524 2887/5773/524
f 2908/5816/525 2887/5773/525 2885/5769/525
f 2909/5818/526 2885/5769/526 2905/5810/526
f 2911/5822/527 2905/5810/527 2890/5779/527
f 2910/5820/528 2890/5779/528 2894/5787/528
f 2918/5837/529 2894/5787/529 2892/5782/529
f 2902/5804/530 2918/5837/530 2892/5782/530
f 2896/5791/531 2912/5824/531 2902/5804/531
f 2900/5800/532 2913/5826/532 2896/5791/532
f 2898/5796/533 2917/5835/533 2900/5800/533
f 2897/5794/534 2916/5833/534 2898/5796/534
f 2954/5910/503 2983/5968/503 2951/5902/503
f 2953/5908/504 2986/5975/504 2954/5910/504
f 2947/5895/505 2985/5973/505 2953/5908/505
f 2949/5899/506 2979/5960/506 2947/5895/506
f 2956/5914/507 2981/5964/507 2949/5899/507
f 2944/5889/508 2988/5979/508 2956/5914/508
f 2943/5887/509 2976/5954/509 2944/5889/509
f 2945/5891/510 2975/5952/510 2943/5887/510
f 2942/5885/511 2977/5956/511 2945/5891/511
f 2946/5893/512 2974/5950/512 2942/5885/512
f 2940/5881/513 2978/5958/513 2946/5893/513
f 2973/5948/514 2940/5881/514 2941/5883/514
f 2970/5942/515 2941/5883/515 2938/5877/515
f 2971/5944/516 2938/5877/516 2939/5879/516
f 2989/5981/517 2939/5879/517 2957/5916/517
f 2990/5983/518 2957/5916/518 2958/5918/518
f 2991/5985/519 2958/5918/519 2959/5920/519
f 2993/5989/520 2959/5920/520 2961/5924/520
f 2992/5987/521 2961/5924/521 2960/5922/521
f 2994/5991/522 2960/5922/522 2962/5926/522
f 2995/5993/523 2962/5926/523 2963/5928/523
f 2997/5997/524 2963/5928/524 2965/5932/524
f 2996/5995/525 2965/5932/525 2964/5930/525
f 3001/6005/526 2964/5930/526 2969/5940/526
f 2998/5999/527 2969/5940/527 2966/5934/527
f 3000/6003/528 2966/5934/528 2968/5938/528
f 2999/6001/529 2968/5938/529 2967/5936/529
f 2967/5936/530 2982/5966/530 2999/6001/530
f 2948/5897/531 2982/5966/531 2950/5901/531
f 2955/5912/532 2980/5962/532 2948/5897/532
f 2952/5906/533 2987/5977/533 2955/5912/533
f 2951/5904/534 2984/5971/534 2952/5906/534
f 2884/5766/497 2883/5764/497 2862/5728/497
f 2863/5731/497 2882/5762/497 2888/5774/497
f 2863/5731/497 2888/5774/497 2878/5754/497
f 2886/5770/497 2884/5766/497 2862/5728/497
f 2881/5760/497 2886/5770/497 2862/5728/497
f 2863/5731/497 2878/5754/497 2880/5758/497
f 2863/5731/497 2880/5758/497 2876/5750/497
f 2879/5756/497 2881/5760/497 2862/5728/497
f 2877/5752/497 2879/5756/497 2862/5728/497
f 2862/5728/497 2863/5731/497 2876/5750/497
f 2862/5728/497 2876/5750/497 2874/5746/497
f 2875/5748/497 2877/5752/497 2862/5728/497
f 2887/5772/497 2882/5762/497 2863/5731/497
f 2865/5736/497 2967/5935/497 2968/5937/497
f 2865/5736/497 2968/5937/497 2966/5933/497
f 2885/5768/497 2887/5772/497 2863/5731/497
f 2905/5809/497 2885/5768/497 2863/5731/497
f 2865/5736/497 2966/5933/497 2969/5939/497
f 2865/5736/497 2969/5939/497 2964/5929/497
f 2905/5809/497 2863/5731/497 2865/5736/497
f 2890/5778/497 2905/5809/497 2865/5736/497
f 2865/5736/497 2964/5929/497 2965/5931/497
f 2890/5778/497 2865/5736/497 2965/5931/497
f 2894/5786/497 2890/5778/497 2965/5931/497
f 2894/5786/497 2965/5931/497 2963/5927/497
f 2892/5783/497 2894/5786/497 2963/5927/497
f 2892/5783/497 2963/5927/497 2962/5925/497
f 2902/5803/497 2892/5783/497 2962/5925/497
f 2902/5803/497 2962/5925/497 2960/5921/497
f 2896/5790/497 2902/5803/497 2960/5921/497
f 2896/5790/497 2960/5921/497 2961/5923/497
f 2900/5799/497 2896/5790/497 2961/5923/497
f 2900/5799/497 2961/5923/497 2959/5919/497
f 2898/5795/497 2900/5799/497 2959/5919/497
f 2958/5917/497 2957/5915/497 2891/5780/497
f 2898/5795/497 2959/5919/497 2958/5917/497
f 2897/5793/497 2898/5795/497 2958/5917/497
f 2958/5917/497 2891/5780/497 2903/5805/497
f 2958/5917/497 2903/5805/497 2895/5788/497
f 2899/5797/497 2897/5793/497 2958/5917/497
f 2958/5917/497 2895/5788/497 2901/5801/497
f 2950/5900/497 2967/5935/497 2865/5736/497
f 2864/5735/497 2862/5728/497 2883/5764/497
f 2864/5735/497 2883/5764/497 2904/5807/497
f 2948/5896/497 2950/5900/497 2865/5736/497
f 2955/5911/497 2948/5896/497 2865/5736/497
f 2864/5735/497 2904/5807/497 2889/5776/497
f 2893/5784/497 2891/5780/497 2957/5915/497
f 2864/5735/497 2889/5776/497 2893/5784/497
f 2952/5905/497 2955/5911/497 2865/5736/497
f 2951/5903/497 2952/5905/497 2865/5736/497
f 2893/5784/497 2957/5915/497 2939/5878/497
f 2893/5784/497 2939/5878/497 2938/5876/497
f 2951/5903/497 2865/5736/497 2864/5735/497
f 2954/5909/497 2951/5903/497 2864/5735/497
f 2864/5735/497 2893/5784/497 2938/5876/497
f 2864/5735/497 2938/5876/497 2941/5882/497
f 2953/5907/497 2954/5909/497 2864/5735/497
f 2947/5894/497 2953/5907/497 2864/5735/497
f 2864/5735/497 2941/5882/497 2940/5880/497
f 2864/5735/497 2940/5880/497 2946/5892/497
f 2949/5898/497 2947/5894/497 2864/5735/497
f 2956/5913/497 2949/5898/497 2864/5735/497
f 2864/5735/497 2946/5892/497 2942/5884/497
f 2864/5735/497 2942/5884/497 2945/5890/497
f 2944/5888/497 2956/5913/497 2864/5735/497
f 2864/5735/497 2945/5890/497 2943/5886/497
f 2865/5736/498 2872/5744/498 2870/5742/498
f 2924/5848/499 2906/5811/499 2868/5740/499
f 2866/5738/499 2931/5862/499 2928/5856/499
f 2866/5738/499 2928/5856/499 2937/5874/499
f 2926/5852/499 2924/5848/499 2868/5740/499
f 2927/5854/499 2926/5852/499 2868/5740/499
f 2866/5738/499 2937/5874/499 2923/5846/499
f 2866/5738/499 2923/5846/499 2925/5850/499
f 2922/5844/499 2927/5854/499 2868/5740/499
f 2919/5838/499 2922/5844/499 2868/5740/499
f 2866/5738/499 2925/5850/499 2920/5840/499
f 2921/5842/499 2919/5838/499 2868/5740/499
f 2866/5738/499 2920/5840/499 2921/5842/499
f 3004/6012/499 2870/5742/499 2872/5744/499
f 2872/5744/499 2999/6000/499 2982/5965/499
f 2872/5744/499 2982/5965/499 2980/5961/499
f 3005/6016/499 3004/6012/499 2872/5744/499
f 2866/5738/499 3002/6007/499 3003/6009/499
f 2872/5744/499 2980/5961/499 2987/5976/499
f 2872/5744/499 2987/5976/499 2984/5970/499
f 2931/5862/499 2866/5738/499 3003/6009/499
f 2930/5860/499 2931/5862/499 3003/6009/499
f 2872/5744/499 2984/5970/499 2983/5967/499
f 2872/5744/499 2983/5967/499 2986/5974/499
f 2930/5860/499 3003/6009/499 3005/6016/499
f 2989/5980/499 2935/5870/499 2929/5858/499
f 2929/5858/499 2930/5860/499 3005/6016/499
f 3005/6016/499 2872/5744/499 2986/5974/499
f 3005/6016/499 2986/5974/499 2985/5972/499
f 2971/5943/499 2989/5980/499 2929/5858/499
f 2970/5941/499 2971/5943/499 2929/5858/499
f 3005/6016/499 2985/5972/499 2979/5959/499
f 3005/6016/499 2979/5959/499 2981/5963/499
f 2970/5941/499 2929/5858/499 3005/6016/499
f 2973/5947/499 2970/5941/499 3005/6016/499
f 3005/6016/499 2981/5963/499 2988/5978/499
f 3005/6016/499 2988/5978/499 2976/5953/499
f 2972/5945/499 2973/5947/499 3005/6016/499
f 2978/5957/499 2972/5945/499 3005/6016/499
f 3005/6016/499 2976/5953/499 2975/5951/499
f 3005/6016/499 2975/5951/499 2977/5955/499
f 2974/5949/499 2978/5957/499 3005/6016/499
f 3002/6007/499 2866/5738/499 2870/5742/499
f 3000/6002/499 2999/6000/499 2872/5744/499
f 2868/5740/499 2906/5811/499 2907/5813/499
f 2868/5740/499 2907/5813/499 2908/5815/499
f 2998/5998/499 3000/6002/499 2872/5744/499
f 3001/6004/499 2998/5998/499 2872/5744/499
f 2868/5740/499 2908/5815/499 2909/5817/499
f 2868/5740/499 2909/5817/499 2911/5821/499
f 3001/6004/499 2872/5744/499 2868/5740/499
f 2996/5994/499 3001/6004/499 2868/5740/499
f 2868/5740/499 2911/5821/499 2910/5819/499
f 2996/5994/499 2868/5740/499 2910/5819/499
f 2997/5996/499 2996/5994/499 2910/5819/499
f 2997/5996/499 2910/5819/499 2918/5836/499
f 2995/5992/499 2997/5996/499 2918/5836/499
f 2995/5992/499 2918/5836/499 2912/5823/499
f 2994/5990/499 2995/5992/499 2912/5823/499
f 2994/5990/499 2912/5823/499 2913/5825/499
f 2992/5986/499 2994/5990/499 2913/5825/499
f 2992/5986/499 2913/5825/499 2917/5834/499
f 2993/5988/499 2992/5986/499 2917/5834/499
f 2993/5988/499 2917/5834/499 2916/5832/499
f 2991/5984/499 2993/5988/499 2916/5832/499
f 2991/5984/499 2916/5832/499 2914/5827/499
f 2935/5870/499 2989/5980/499 2990/5982/499
f 2990/5982/499 2991/5984/499 2914/5827/499
f 2990/5982/499 2914/5827/499 2915/5830/499
f 2932/5864/499 2935/5870/499 2990/5982/499
f 2936/5872/499 2932/5864/499 2990/5982/499
f 2990/5982/499 2915/5830/499 2934/5868/499
f 2933/5866/499 2936/5872/499 2990/5982/499
f 2868/5740/500 2863/5732/500 2862/5729/500
f 2870/5742/501 2866/5738/501 2862/5730/501
f 2865/5737/502 2863/5733/502 2868/5740/502
f 2899/5798/503 2915/5831/503 2914/5828/503
f 2901/5802/504 2934/5869/504 2915/5831/504
f 2895/5789/505 2933/5867/505 2934/5869/505
f 2903/5806/506 2936/5873/506 2933/5867/506
f 2891/5781/507 2932/5865/507 2936/5873/507
f 2893/5785/508 2935/5871/508 2932/5865/508
f 2889/5777/509 2929/5859/509 2935/5871/509
f 2904/5808/510 2930/5861/510 2929/5859/510
f 2883/5765/511 2931/5863/511 2930/5861/511
f 2884/5767/512 2928/5857/512 2931/5863/512
f 2886/5771/513 2937/5875/513 2928/5857/513
f 2923/5847/514 2937/5875/514 2886/5771/514
f 2925/5851/515 2923/5847/515 2881/5761/515
f 2920/5841/516 2925/5851/516 2879/5757/516
f 2921/5843/517 2920/5841/517 2877/5753/517
f 2919/5839/518 2921/5843/518 2875/5749/518
f 2922/5845/519 2919/5839/519 2874/5747/519
f 2927/5855/520 2922/5845/520 2876/5751/520
f 2926/5853/521 2927/5855/521 2880/5759/521
f 2924/5849/522 2926/5853/522 2878/5755/522
f 2906/5812/523 2924/5849/523 2888/5775/523
f 2907/5814/524 2906/5812/524 2882/5763/524
f 2908/5816/525 2907/5814/525 2887/5773/525
f 2909/5818/526 2908/5816/526 2885/5769/526
f 2911/5822/527 2909/5818/527 2905/5810/527
f 2910/5820/528 2911/5822/528 2890/5779/528
f 2918/5837/529 2910/5820/529 2894/5787/529
f 2902/5804/530 2912/5824/530 2918/5837/530
f 2896/5791/531 2913/5826/531 2912/5824/531
f 2900/5800/532 2917/5835/532 2913/5826/532
f 2898/5796/533 2916/5833/533 2917/5835/533
f 2897/5794/534 2914/5829/534 2916/5833/534
f 2954/5910/503 2986/5975/503 2983/5968/503
f 2953/5908/504 2985/5973/504 2986/5975/504
f 2947/5895/505 2979/5960/505 2985/5973/505
f 2949/5899/506 2981/5964/506 2979/5960/506
f 2956/5914/507 2988/5979/507 2981/5964/507
f 2944/5889/508 2976/5954/508 2988/5979/508
f 2943/5887/509 2975/5952/509 2976/5954/509
f 2945/5891/510 2977/5956/510 2975/5952/510
f 2942/5885/511 2974/5950/511 2977/5956/511
f 2946/5893/512 2978/5958/512 2974/5950/512
f 2940/5881/513 2972/5946/513 2978/5958/513
f 2973/5948/514 2972/5946/514 2940/5881/514
f 2970/5942/515 2973/5948/515 2941/5883/515
f 2971/5944/516 2970/5942/516 2938/5877/516
f 2989/5981/517 2971/5944/517 2939/5879/517
f 2990/5983/518 2989/5981/518 2957/5916/518
f 2991/5985/519 2990/5983/519 2958/5918/519
f 2993/5989/520 2991/5985/520 2959/5920/520
f 2992/5987/521 2993/5989/521 2961/5924/521
f 2994/5991/522 2992/5987/522 2960/5922/522
f 2995/5993/523 2994/5991/523 2962/5926/523
f 2997/5997/524 2995/5993/524 2963/5928/524
f 2996/5995/525 2997/5997/525 2965/5932/525
f 3001/6005/526 2996/5995/526 2964/5930/526
f 2998/5999/527 3001/6005/527 2969/5940/527
f 3000/6003/528 2998/5999/528 2966/5934/528
f 2999/6001/529 3000/6003/529 2968/5938/529
f 2967/5936/530 2950/5901/530 2982/5966/530
f 2948/5897/531 2980/5962/531 2982/5966/531
f 2955/5912/532 2987/5977/532 2980/5962/532
f 2952/5906/533 2984/5971/533 2987/5977/533
f 2951/5904/534 2983/5969/534 2984/5971/534
usemtl Material.004
f 2873/5745/498 3004/6013/498 3005/6015/498
f 2873/5745/499 2867/5739/499 2871/5743/499
f 2867/5739/500 3003/6010/500 3002/6006/500
f 2867/5739/501 3004/6014/501 2871/5743/501
f 2873/5745/502 3003/6011/502 2869/5741/502
f 2873/5745/498 2871/5743/498 3004/6013/498
f 2873/5745/499 2869/5741/499 2867/5739/499
f 2867/5739/500 2869/5741/500 3003/6010/500
f 2867/5739/501 3002/6008/501 3004/6014/501
f 2873/5745/502 3005/6017/502 3003/6011/502
o Cube.022
v -0.047500 0.050500 0.008000
v -0.047500 0.010000 0.040000
v -0.038750 0.052940 0.003420
v -0.038750 0.052940 -0.005820
v -0.038750 0.052706 0.003443
v -0.047500 0.050500 -0.002000
v -0.047500 0.055500 0.008000
v -0.038750 0.052706 -0.005797
v -0.038750 0.052481 0.003511
v -0.047500 0.090000 0.040000
v -0.038750 0.052273 0.003622
v -0.038750 0.052481 -0.005729
v -0.047500 0.050500 0.002000
v -0.047500 0.055500 -0.002000
v -0.038750 0.052091 0.003771
v -0.038750 0.052273 -0.005618
v -0.038750 0.051942 0.003953
v -0.047500 0.055500 0.002000
v -0.047500 0.010000 -0.040000
v -0.038750 0.052091 -0.005469
v -0.038750 0.051831 0.004161
v -0.047500 0.050500 -0.008000
v -0.047500 0.090000 -0.040000
v -0.038750 0.051763 0.004386
v -0.038750 0.051942 -0.005287
v -0.038750 0.051740 0.004620
v -0.045000 0.050500 0.002000
v -0.047500 0.055500 -0.008000
v -0.038750 0.051763 0.004854
v -0.038750 0.051831 -0.005079
v -0.045000 0.055500 0.002000
v -0.038750 0.051831 0.005079
v -0.045000 0.050500 -0.002000
v -0.042500 0.010000 0.040000
v -0.038750 0.051763 -0.004854
v -0.038750 0.051942 0.005287
v -0.045000 0.055500 -0.002000
v -0.038750 0.052091 0.005469
v -0.042500 0.090000 0.040000
v -0.038750 0.051740 -0.004620
v -0.042500 0.010000 -0.040000
v -0.038750 0.052273 0.005618
v -0.038750 0.051763 -0.004386
v -0.042500 0.090000 -0.040000
v -0.038750 0.052481 0.005729
v -0.047500 0.087500 0.032500
v -0.047500 0.087500 -0.032500
v -0.038750 0.052706 0.005797
v -0.038750 0.051831 -0.004161
v -0.038750 0.052940 0.005820
v -0.047500 0.060000 -0.005500
v -0.047500 0.060000 0.005500
v -0.038750 0.051942 -0.003953
v -0.038750 0.053174 0.005797
v -0.042500 0.060000 0.005500
v -0.042500 0.087500 0.032500
v -0.038750 0.053399 0.005729
v -0.038750 0.052091 -0.003771
v -0.038750 0.053607 0.005618
v -0.042500 0.060000 -0.005500
v -0.042500 0.087500 -0.032500
v -0.038750 0.052273 -0.003622
v -0.038750 0.053789 0.005469
v -0.047500 0.055500 -0.010000
v -0.038750 0.053938 0.005287
v -0.047500 0.044500 -0.010000
v -0.038750 0.052481 -0.003511
v -0.047500 0.017500 -0.037500
v -0.038750 0.054049 0.005079
v -0.047500 0.082500 -0.037500
v -0.038750 0.052706 -0.003443
v -0.038750 0.054117 0.004854
v -0.042500 0.082500 -0.037500
v -0.042500 0.055500 -0.010000
v -0.038750 0.054140 0.004620
v -0.038750 0.052940 -0.003420
v -0.042500 0.017500 -0.037500
v -0.038750 0.054117 0.004386
v -0.042500 0.044500 -0.010000
v -0.038750 0.053174 -0.003443
v -0.038750 0.054049 0.004161
v -0.047500 0.012500 0.032500
v -0.047500 0.012500 -0.032500
v -0.038750 0.053938 0.003953
v -0.038750 0.053399 -0.003511
v -0.038750 0.053789 0.003771
v -0.047500 0.040000 -0.005500
v -0.047500 0.040000 0.005500
v -0.038750 0.053607 0.003622
v -0.038750 0.053607 -0.003622
v -0.042500 0.012500 0.032500
v -0.038750 0.053789 -0.003771
v -0.038750 0.053399 0.003511
v -0.042500 0.012500 -0.032500
v -0.042500 0.040000 0.005500
v -0.038750 0.053174 0.003443
v -0.038750 0.053938 -0.003953
v -0.042500 0.040000 -0.005500
v -0.047500 0.082500 0.037500
v -0.038750 0.054049 -0.004161
v -0.047500 0.017500 0.037500
v -0.047500 0.055500 0.010000
v -0.038750 0.054117 -0.004386
v -0.047500 0.044500 0.010000
v -0.042500 0.017500 0.037500
v -0.042500 0.082500 0.037500
v -0.038750 0.054140 -0.004620
v -0.042500 0.044500 0.010000
v -0.042500 0.055500 0.010000
v -0.038750 0.054117 -0.004854
v -0.047500 0.056081 0.008000
v -0.047500 0.056500 0.008000
v -0.038750 0.054049 -0.005079
v -0.047500 0.043500 -0.008000
v -0.047500 0.056500 -0.008000
v -0.038750 0.053938 -0.005287
v -0.047500 0.043500 0.008000
v -0.038750 0.053789 -0.005469
v -0.042500 0.043500 0.008000
v -0.042500 0.054903 0.008000
v -0.038750 0.053607 -0.005618
v -0.042500 0.056500 -0.008000
v -0.042500 0.056081 -0.008000
v -0.038750 0.053399 -0.005729
v -0.042500 0.056500 0.008000
v -0.042500 0.043500 -0.008000
v -0.047500 0.050500 -0.008000
v -0.038750 0.053174 -0.005797
v -0.047500 0.055500 -0.008000
v -0.047500 0.050500 -0.008000
v -0.047500 0.055500 -0.008000
v -0.045000 0.055500 -0.008000
v -0.045000 0.050500 -0.008000
v -0.047500 0.050500 0.008000
v -0.047500 0.055500 0.008000
v -0.047500 0.050500 0.008000
v -0.047500 0.055500 0.008000
v -0.045000 0.050500 0.008000
v -0.045000 0.055500 0.008000
v -0.045000 0.052940 -0.003420
v -0.045000 0.052481 -0.003511
v -0.045000 0.052706 -0.003443
v -0.045000 0.053174 -0.003443
v -0.045000 0.053789 -0.003771
v -0.045000 0.052273 -0.003622
v -0.045000 0.053607 -0.003622
v -0.045000 0.052091 -0.003771
v -0.045000 0.053399 -0.003511
v -0.045000 0.051942 -0.003953
v -0.045000 0.051740 -0.004620
v -0.045000 0.051763 -0.004386
v -0.045000 0.051831 -0.004161
v -0.045000 0.051831 -0.005079
v -0.045000 0.052091 -0.005469
v -0.045000 0.052273 -0.005618
v -0.045000 0.051763 -0.004854
v -0.045000 0.051942 -0.005287
v -0.045000 0.053938 -0.003953
v -0.045000 0.054117 -0.004386
v -0.045000 0.054049 -0.004161
v -0.045000 0.054117 -0.004854
v -0.045000 0.053938 -0.005287
v -0.045000 0.054049 -0.005079
v -0.045000 0.054140 -0.004620
v -0.045000 0.053607 -0.005618
v -0.045000 0.052940 -0.005820
v -0.045000 0.052706 -0.005797
v -0.045000 0.053174 -0.005797
v -0.045000 0.052481 -0.005729
v -0.045000 0.053399 -0.005729
v -0.045000 0.053789 -0.005469
v -0.045000 0.053607 0.005618
v -0.045000 0.053789 0.005469
v -0.045000 0.054049 0.005079
v -0.045000 0.053938 0.005287
v -0.045000 0.054140 0.004620
v -0.045000 0.053938 0.003953
v -0.045000 0.054049 0.004161
v -0.045000 0.054117 0.004386
v -0.045000 0.054117 0.004854
v -0.045000 0.052273 0.003622
v -0.045000 0.052091 0.003771
v -0.045000 0.053607 0.003622
v -0.045000 0.052940 0.003420
v -0.045000 0.053174 0.003443
v -0.045000 0.052481 0.003511
v -0.045000 0.052706 0.003443
v -0.045000 0.053399 0.003511
v -0.045000 0.053789 0.003771
v -0.045000 0.052940 0.005820
v -0.045000 0.052706 0.005797
v -0.045000 0.053174 0.005797
v -0.045000 0.052273 0.005618
v -0.045000 0.052481 0.005729
v -0.045000 0.053399 0.005729
v -0.045000 0.051942 0.005287
v -0.045000 0.051763 0.004854
v -0.045000 0.051831 0.005079
v -0.045000 0.051763 0.004386
v -0.045000 0.051942 0.003953
v -0.045000 0.051831 0.004161
v -0.045000 0.051740 0.004620
v -0.045000 0.052091 0.005469
vn -1.0000 -0.0000 -0.0000
vn -0.0000 -0.0000 -1.0000
vn 1.0000 -0.0000 -0.0000
vn -0.0000 -0.0000 1.0000
vn -0.0000 -1.0000 -0.0000
vn -0.0000 1.0000 -0.0000
vn -0.0000 0.7006 -0.7136
vn -0.0000 0.7006 0.7136
vn -0.0000 -0.7136 -0.7006
vn -0.0000 0.7136 -0.7006
vn -0.0000 -0.7006 0.7136
vn -0.0000 -0.7006 -0.7136
vn -0.0000 0.7136 0.7006
vn -0.0000 -0.7136 0.7006
vn 0.8944 0.4472 -0.0000
vn -0.0000 -0.0980 -0.9952
vn -0.0000 -0.2903 -0.9569
vn -0.0000 -0.4714 -0.8819
vn -0.0000 -0.6344 -0.7730
vn -0.0000 -0.7730 -0.6344
vn -0.0000 -0.8819 -0.4714
vn -0.0000 -0.9569 -0.2903
vn -0.0000 -0.9952 -0.0980
vn -0.0000 -0.9952 0.0980
vn -0.0000 -0.9569 0.2903
vn -0.0000 -0.8819 0.4714
vn -0.0000 -0.7730 0.6344
vn -0.0000 -0.6344 0.7730
vn -0.0000 -0.4714 0.8819
vn -0.0000 -0.2903 0.9569
vn -0.0000 -0.0980 0.9952
vn -0.0000 0.0980 0.9952
vn -0.0000 0.2903 0.9569
vn -0.0000 0.4714 0.8819
vn -0.0000 0.6344 0.7730
vn -0.0000 0.7730 0.6344
vn -0.0000 0.8819 0.4714
vn -0.0000 0.9569 0.2903
vn -0.0000 0.9952 0.0980
vn -0.0000 0.9952 -0.0980
vn -0.0000 0.9569 -0.2903
vn -0.0000 0.8819 -0.4714
vn -0.0000 0.7730 -0.6344
vn -0.0000 0.6344 -0.7730
vn -0.0000 0.4714 -0.8819
vn -0.0000 0.2903 -0.9569
vn -0.0000 0.0980 -0.9952
vt 0.375000 0.000000
vt 0.375000 1.000000
vt 0.125000 0.750000
vt 0.375000 0.000000
vt 0.375000 1.000000
vt 0.125000 0.750000
vt 1.000000 1.000000
vt 0.250000 0.490000
vt 0.000000 1.000000
vt 1.000000 1.000000
vt 0.250000 0.490000
vt 0.000000 1.000000
vt 0.968750 1.000000
vt 0.296822 0.485388
vt 0.375000 0.000000
vt 0.375000 1.000000
vt 0.125000 0.750000
vt 0.625000 1.000000
vt 0.625000 0.000000
vt 0.875000 0.750000
vt 0.968750 1.000000
vt 0.296822 0.485388
vt 0.937500 1.000000
vt 0.341844 0.471731
vt 0.625000 0.000000
vt 0.625000 1.000000
vt 0.875000 0.750000
vt 0.906250 1.000000
vt 0.116663 0.449553
vt 0.937500 1.000000
vt 0.341844 0.471731
vt 0.375000 0.250000
vt 0.125000 0.500000
vt 0.625000 0.000000
vt 0.625000 1.000000
vt 0.875000 0.750000
vt 0.875000 1.000000
vt 0.080294 0.419706
vt 0.906250 1.000000
vt 0.116663 0.449553
vt 0.843750 1.000000
vt 0.050447 0.383337
vt 0.625000 0.250000
vt 0.875000 0.500000
vt 0.125000 0.500000
vt 0.375000 0.250000
vt 0.875000 1.000000
vt 0.080294 0.419706
vt 0.812500 1.000000
vt 0.028269 0.341844
vt 0.375000 0.250000
vt 0.125000 0.500000
vt 0.625000 0.250000
vt 0.875000 0.500000
vt 0.781250 1.000000
vt 0.014612 0.296822
vt 0.843750 1.000000
vt 0.050447 0.383337
vt 0.750000 1.000000
vt 0.010000 0.250000
vt 0.375000 0.500000
vt 0.625000 0.250000
vt 0.875000 0.500000
vt 0.718750 1.000000
vt 0.014612 0.203178
vt 0.812500 1.000000
vt 0.028269 0.341844
vt 0.625000 0.500000
vt 0.687500 1.000000
vt 0.028269 0.158156
vt 0.375000 0.750000
vt 0.375000 0.750000
vt 0.781250 1.000000
vt 0.014612 0.296822
vt 0.656250 1.000000
vt 0.050447 0.116663
vt 0.625000 0.750000
vt 0.625000 1.000000
vt 0.080294 0.080294
vt 0.625000 0.750000
vt 0.750000 1.000000
vt 0.010000 0.250000
vt 0.375000 0.500000
vt 0.593750 1.000000
vt 0.116663 0.050447
vt 0.718750 1.000000
vt 0.014612 0.203178
vt 0.625000 0.500000
vt 0.562500 1.000000
vt 0.158156 0.028269
vt 0.617188 0.023438
vt 0.375000 0.261364
vt 0.136364 0.500000
vt 0.375000 0.988636
vt 0.136364 0.750000
vt 0.617188 0.226562
vt 0.531250 1.000000
vt 0.203178 0.014612
vt 0.687500 1.000000
vt 0.028269 0.158156
vt 0.500000 1.000000
vt 0.250000 0.010000
vt 0.863636 0.750000
vt 0.531250 0.142187
vt 0.625000 0.988636
vt 0.531250 0.107813
vt 0.625000 0.261364
vt 0.863636 0.500000
vt 0.656250 1.000000
vt 0.050447 0.116663
vt 0.468750 1.000000
vt 0.203178 0.014612
vt 0.625000 0.488636
vt 0.531250 0.642187
vt 0.636364 0.500000
vt 0.617188 0.726562
vt 0.375000 0.488636
vt 0.363636 0.500000
vt 0.437500 1.000000
vt 0.158156 0.028269
vt 0.625000 1.000000
vt 0.080294 0.080294
vt 0.406250 1.000000
vt 0.116663 0.050447
vt 0.531250 0.607813
vt 0.625000 0.761364
vt 0.636364 0.750000
vt 0.617188 0.523438
vt 0.375000 0.761364
vt 0.363636 0.750000
vt 0.593750 1.000000
vt 0.116663 0.050447
vt 0.375000 1.000000
vt 0.080294 0.080294
vt 0.517188 0.156250
vt 0.375000 0.261364
vt 0.863636 0.500000
vt 0.343750 1.000000
vt 0.050447 0.116663
vt 0.482812 0.156250
vt 0.375000 0.988636
vt 0.863636 0.500000
vt 0.562500 1.000000
vt 0.158156 0.028269
vt 0.375000 0.988636
vt 0.398438 0.242188
vt 0.136364 0.500000
vt 0.312500 1.000000
vt 0.028269 0.158156
vt 0.136364 0.500000
vt 0.601562 0.242187
vt 0.375000 0.261364
vt 0.531250 1.000000
vt 0.203178 0.014612
vt 0.281250 1.000000
vt 0.014612 0.203178
vt 0.601562 0.507812
vt 0.375000 0.488636
vt 0.363636 0.500000
vt 0.375000 0.488636
vt 0.517187 0.593750
vt 0.636364 0.500000
vt 0.250000 1.000000
vt 0.010000 0.250000
vt 0.500000 1.000000
vt 0.250000 0.010000
vt 0.398438 0.507812
vt 0.375000 0.761364
vt 0.363636 0.500000
vt 0.218750 1.000000
vt 0.014612 0.296822
vt 0.636364 0.500000
vt 0.482812 0.593750
vt 0.375000 0.761364
vt 0.468750 1.000000
vt 0.203178 0.014612
vt 0.187500 1.000000
vt 0.028269 0.341844
vt 0.382812 0.023437
vt 0.375000 0.988636
vt 0.136364 0.750000
vt 0.136364 0.500000
vt 0.382812 0.226562
vt 0.375000 0.261364
vt 0.156250 1.000000
vt 0.050447 0.383337
vt 0.437500 1.000000
vt 0.158156 0.028269
vt 0.125000 1.000000
vt 0.080294 0.419706
vt 0.625000 0.261364
vt 0.863636 0.500000
vt 0.468750 0.142187
vt 0.468750 0.107813
vt 0.625000 0.988636
vt 0.863636 0.750000
vt 0.093750 1.000000
vt 0.116663 0.449553
vt 0.406250 1.000000
vt 0.116663 0.050447
vt 0.375000 0.761364
vt 0.382813 0.726563
vt 0.363636 0.750000
vt 0.375000 1.000000
vt 0.080294 0.080294
vt 0.062500 1.000000
vt 0.341844 0.471731
vt 0.382812 0.523438
vt 0.375000 0.488636
vt 0.363636 0.500000
vt 0.468750 0.642188
vt 0.625000 0.761364
vt 0.636364 0.750000
vt 0.296822 0.485388
vt 0.031250 1.000000
vt 0.343750 1.000000
vt 0.050447 0.116663
vt 0.468750 0.607812
vt 0.625000 0.488636
vt 0.636364 0.500000
vt 0.601563 0.007812
vt 0.375000 0.988636
vt 0.136364 0.500000
vt 0.312500 1.000000
vt 0.028269 0.158156
vt 0.398437 0.007812
vt 0.375000 0.261364
vt 0.136364 0.500000
vt 0.863636 0.500000
vt 0.517187 0.093750
vt 0.375000 0.988636
vt 0.281250 1.000000
vt 0.014612 0.203178
vt 0.375000 0.261364
vt 0.482812 0.093750
vt 0.863636 0.500000
vt 0.363636 0.500000
vt 0.398438 0.742188
vt 0.375000 0.488636
vt 0.375000 0.761364
vt 0.601563 0.742188
vt 0.363636 0.500000
vt 0.250000 1.000000
vt 0.010000 0.250000
vt 0.482813 0.656250
vt 0.375000 0.488636
vt 0.636364 0.500000
vt 0.517187 0.656250
vt 0.375000 0.761364
vt 0.636364 0.500000
vt 0.218750 1.000000
vt 0.014612 0.296822
vt 0.519002 0.100000
vt 0.616935 0.906250
vt 0.520312 0.100000
vt 0.625000 0.906250
vt 0.781250 0.750000
vt 0.187500 1.000000
vt 0.028269 0.341844
vt 0.218750 0.500000
vt 0.479687 0.150000
vt 0.375000 0.343750
vt 0.520313 0.150000
vt 0.625000 0.343750
vt 0.781250 0.500000
vt 0.156250 1.000000
vt 0.050447 0.383337
vt 0.479688 0.100000
vt 0.375000 0.906250
vt 0.218750 0.750000
vt 0.125000 1.000000
vt 0.080294 0.419706
vt 0.479688 0.650000
vt 0.375000 0.843750
vt 0.281250 0.750000
vt 0.515323 0.650000
vt 0.594293 0.843750
vt 0.093750 1.000000
vt 0.116663 0.449553
vt 0.520313 0.600000
vt 0.625000 0.406250
vt 0.718750 0.500000
vt 0.519002 0.600000
vt 0.616935 0.406250
vt 0.062500 1.000000
vt 0.341844 0.471731
vt 0.718750 0.750000
vt 0.520312 0.650000
vt 0.625000 0.843750
vt 0.479687 0.600000
vt 0.375000 0.406250
vt 0.281250 0.500000
vt 0.501562 0.150000
vt 0.375000 0.250000
vt 0.125000 0.500000
vt 0.296822 0.485388
vt 0.031250 1.000000
vt 0.517188 0.150000
vt 0.625000 0.250000
vt 0.875000 0.500000
vt 0.501562 0.150000
vt 0.509615 0.343750
vt 0.125000 0.500000
vt 0.517188 0.150000
vt 0.605769 0.343750
vt 0.875000 0.500000
vt 0.605769 0.375000
vt 0.625000 0.500000
vt 0.509615 0.375000
vt 0.375000 0.500000
vt 0.501563 0.100000
vt 0.375000 1.000000
vt 0.125000 0.750000
vt 0.517188 0.100000
vt 0.625000 1.000000
vt 0.875000 0.750000
vt 0.501563 0.100000
vt 0.509615 0.906250
vt 0.125000 0.750000
vt 0.517188 0.100000
vt 0.605769 0.906250
vt 0.875000 0.750000
vt 0.509615 0.875000
vt 0.375000 0.750000
vt 0.605769 0.875000
vt 0.625000 0.750000
vt 0.497000 0.690833
vt 0.500000 0.583333
vt 0.474039 0.687027
vt 0.562500 0.583333
vt 0.485295 0.689873
vt 0.531250 0.583333
vt 0.508705 0.689873
vt 0.468750 0.583333
vt 0.539426 0.676189
vt 0.375000 0.583333
vt 0.463666 0.682407
vt 0.593750 0.583333
vt 0.530334 0.682407
vt 0.406250 0.583333
vt 0.454574 0.676189
vt 0.625000 0.583333
vt 0.519961 0.687027
vt 0.437500 0.583333
vt 0.447112 0.668612
vt 0.656250 0.583333
vt 0.437000 0.640833
vt 0.750000 0.583333
vt 0.438153 0.650588
vt 0.718750 0.583333
vt 0.441567 0.659967
vt 0.687500 0.583333
vt 0.441567 0.621699
vt 0.812500 0.583333
vt 0.454574 0.605478
vt 0.875000 0.583333
vt 0.463666 0.599260
vt 0.906250 0.583333
vt 0.438153 0.631079
vt 0.781250 0.583333
vt 0.447112 0.613055
vt 0.843750 0.583333
vt 0.546888 0.668612
vt 0.343750 0.583333
vt 0.555847 0.650588
vt 0.281250 0.583333
vt 0.552433 0.659967
vt 0.312500 0.583333
vt 0.555847 0.631079
vt 0.218750 0.583333
vt 0.546888 0.613055
vt 0.156250 0.583333
vt 0.552433 0.621699
vt 0.187500 0.583333
vt 0.557000 0.640833
vt 0.250000 0.583333
vt 0.530334 0.599260
vt 0.093750 0.583333
vt 0.497000 0.590833
vt 1.000000 0.583333
vt 0.000000 0.583333
vt 0.485295 0.591794
vt 0.968750 0.583333
vt 0.508705 0.591794
vt 0.031250 0.583333
vt 0.474039 0.594639
vt 0.937500 0.583333
vt 0.519961 0.594639
vt 0.062500 0.583333
vt 0.539426 0.605478
vt 0.125000 0.583333
vt 0.530334 0.650740
vt 0.406250 0.583333
vt 0.539426 0.644522
vt 0.375000 0.583333
vt 0.552433 0.628301
vt 0.312500 0.583333
vt 0.546888 0.636945
vt 0.343750 0.583333
vt 0.557000 0.609167
vt 0.250000 0.583333
vt 0.546888 0.581388
vt 0.156250 0.583333
vt 0.552433 0.590033
vt 0.187500 0.583333
vt 0.555847 0.599412
vt 0.218750 0.583333
vt 0.555847 0.618921
vt 0.281250 0.583333
vt 0.463666 0.567593
vt 0.906250 0.583333
vt 0.454574 0.573811
vt 0.875000 0.583333
vt 0.530334 0.567593
vt 0.093750 0.583333
vt 0.497000 0.559167
vt 1.000000 0.583333
vt 0.000000 0.583333
vt 0.508705 0.560127
vt 0.031250 0.583333
vt 0.474039 0.562973
vt 0.937500 0.583333
vt 0.485295 0.560127
vt 0.968750 0.583333
vt 0.519961 0.562973
vt 0.062500 0.583333
vt 0.539426 0.573811
vt 0.125000 0.583333
vt 0.497000 0.659167
vt 0.500000 0.583333
vt 0.485295 0.658206
vt 0.531250 0.583333
vt 0.508705 0.658206
vt 0.468750 0.583333
vt 0.463666 0.650740
vt 0.593750 0.583333
vt 0.474039 0.655361
vt 0.562500 0.583333
vt 0.519961 0.655361
vt 0.437500 0.583333
vt 0.447112 0.636945
vt 0.656250 0.583333
vt 0.438153 0.618921
vt 0.718750 0.583333
vt 0.441567 0.628301
vt 0.687500 0.583333
vt 0.438153 0.599412
vt 0.781250 0.583333
vt 0.447112 0.581388
vt 0.843750 0.583333
vt 0.441567 0.590033
vt 0.812500 0.583333
vt 0.437000 0.609167
vt 0.750000 0.583333
vt 0.454574 0.644522
vt 0.625000 0.583333
s 0
usemtl Material.009
f 3015/6042/535 3052/6113/535 3051/6108/535
f 3051/6108/535 3107/6247/535 3104/6238/535
f 3134/6315/535 3069/6152/535 3132/6310/535
f 3109/6252/535 3140/6331/535 3139/6328/535
f 3092/6210/535 3073/6163/535 3024/6063/535
f 3024/6063/535 3075/6168/535 3028/6070/535
f 3028/6070/536 3046/6100/536 3024/6063/536
f 3065/6142/537 3078/6174/537 3066/6145/537
f 3096/6219/537 3113/6262/537 3110/6255/537
f 3046/6100/537 3082/6184/537 3131/6307/537
f 3060/6131/537 3044/6097/537 3111/6258/537
f 3039/6089/537 3099/6225/537 3096/6219/537
f 3049/6105/537 3061/6133/537 3066/6145/537
f 3044/6097/538 3007/6022/538 3039/6089/538
f 3046/6100/539 3007/6023/539 3024/6062/539
f 3028/6071/540 3044/6097/540 3049/6105/540
f 3057/6124/541 3061/6134/541 3060/6130/541
f 3056/6122/542 3066/6146/542 3052/6111/542
f 3066/6147/539 3051/6110/539 3052/6112/539
f 3057/6125/540 3065/6144/540 3056/6120/540
f 3069/6153/543 3078/6175/543 3079/6177/543
f 3071/6158/544 3082/6185/544 3073/6162/544
f 3073/6164/538 3078/6176/538 3075/6167/538
f 3071/6159/536 3079/6179/536 3084/6189/536
f 3088/6201/545 3103/6236/545 3092/6208/545
f 3087/6197/546 3100/6229/546 3096/6218/546
f 3087/6198/540 3099/6227/540 3088/6199/540
f 3103/6237/539 3093/6213/539 3092/6209/539
f 3106/6244/547 3113/6263/547 3109/6251/547
f 3104/6239/548 3114/6266/548 3111/6257/548
f 3106/6245/536 3111/6259/536 3110/6254/536
f 3109/6253/538 3114/6267/538 3107/6246/538
f 3138/6326/538 3128/6301/538 3137/6324/538
f 3125/6294/536 3143/6340/536 3144/6342/536
f 3122/6287/540 3131/6309/540 3119/6277/540
f 3117/6274/539 3127/6299/539 3130/6304/539
f 3019/6051/535 3027/6068/535 3011/6032/535
f 3033/6079/536 3132/6311/536 3027/6068/536
f 3042/6094/537 3147/6348/537 3145/6344/537
f 3138/6327/537 3173/6401/537 3171/6396/537
f 3042/6094/538 3011/6033/538 3038/6088/538
f 3011/6034/537 3132/6312/537 3135/6320/537
f 3019/6053/540 3137/6325/540 3136/6323/540
f 3012/6036/535 3018/6049/535 3006/6018/535
f 3023/6060/536 3032/6078/536 3018/6049/536
f 3032/6078/537 3190/6436/537 3189/6433/537
f 3144/6343/537 3196/6448/537 3195/6446/537
f 3006/6019/538 3140/6332/538 3012/6035/538
f 3018/6050/539 3143/6341/539 3141/6336/539
f 3142/6339/549 3036/6085/549 3012/6037/549
f 3013/6038/550 3171/6397/550 3009/6027/550
f 3017/6047/551 3172/6400/551 3013/6038/551
f 3021/6056/552 3174/6404/552 3017/6047/552
f 3025/6064/553 3160/6375/553 3021/6056/553
f 3030/6074/554 3159/6373/554 3025/6064/554
f 3035/6083/555 3162/6379/555 3030/6074/555
f 3040/6090/556 3158/6371/556 3035/6083/556
f 3045/6098/557 3161/6377/557 3040/6090/557
f 3048/6103/558 3155/6365/558 3045/6098/558
f 3054/6116/559 3156/6367/559 3048/6103/559
f 3058/6126/560 3157/6369/560 3054/6116/560
f 3063/6138/561 3154/6363/561 3058/6126/561
f 3067/6148/562 3152/6359/562 3063/6138/562
f 3072/6160/563 3150/6355/563 3067/6148/563
f 3076/6170/564 3146/6347/564 3072/6160/564
f 3081/6182/565 3147/6349/565 3076/6170/565
f 3085/6192/566 3145/6345/566 3081/6182/566
f 3090/6204/567 3148/6351/567 3085/6192/567
f 3095/6216/568 3153/6361/568 3090/6204/568
f 3097/6221/569 3151/6357/569 3095/6216/569
f 3102/6233/570 3149/6353/570 3097/6221/570
f 3105/6241/571 3163/6381/571 3102/6233/571
f 3108/6249/572 3165/6385/572 3105/6241/572
f 3112/6260/573 3164/6383/573 3108/6249/573
f 3115/6268/574 3169/6393/574 3112/6260/574
f 3118/6275/575 3166/6387/575 3115/6268/575
f 3121/6283/576 3168/6391/576 3118/6275/576
f 3123/6288/577 3167/6389/577 3121/6283/577
f 3126/6295/578 3176/6408/578 3123/6288/578
f 3129/6302/579 3170/6395/579 3126/6295/579
f 3072/6161/537 3035/6084/537 3129/6303/537
f 3133/6314/580 3175/6406/580 3129/6302/580
f 3009/6029/581 3173/6402/581 3133/6314/581
f 3010/6030/550 3189/6434/550 3008/6024/550
f 3014/6040/551 3192/6441/551 3010/6030/551
f 3016/6045/552 3191/6439/552 3014/6040/552
f 3020/6054/553 3186/6428/553 3016/6045/553
f 3022/6058/554 3187/6430/554 3020/6054/554
f 3026/6066/555 3205/6467/555 3022/6058/555
f 3029/6072/556 3206/6469/556 3026/6066/556
f 3031/6076/557 3204/6465/557 3029/6072/557
f 3034/6081/558 3207/6471/558 3031/6076/558
f 3037/6086/559 3202/6461/559 3034/6081/559
f 3041/6092/560 3203/6463/560 3037/6086/560
f 3043/6095/561 3201/6459/561 3041/6092/561
f 3047/6101/562 3208/6473/562 3043/6095/562
f 3050/6106/563 3198/6453/563 3047/6101/563
f 3053/6114/564 3199/6455/564 3050/6106/564
f 3055/6118/565 3196/6449/565 3053/6114/565
f 3059/6128/566 3195/6447/566 3055/6118/566
f 3062/6136/567 3197/6451/567 3059/6128/567
f 3064/6140/568 3200/6457/568 3062/6136/568
f 3068/6150/569 3177/6410/569 3064/6140/569
f 3070/6155/570 3178/6412/570 3068/6150/570
f 3074/6165/571 3180/6416/571 3070/6155/571
f 3077/6172/572 3179/6414/572 3074/6165/572
f 3080/6180/573 3185/6426/573 3077/6172/573
f 3083/6187/574 3181/6418/574 3080/6180/574
f 3086/6194/575 3184/6424/575 3083/6187/575
f 3089/6202/576 3183/6422/576 3086/6194/576
f 3091/6206/577 3182/6420/577 3089/6202/577
f 3094/6214/578 3194/6445/578 3091/6206/578
f 3098/6223/579 3188/6432/579 3094/6214/579
f 3089/6203/537 3064/6141/537 3041/6093/537
f 3101/6232/580 3193/6443/580 3098/6223/580
f 3008/6026/581 3190/6437/581 3101/6232/581
f 3015/6042/535 3028/6070/535 3052/6113/535
f 3051/6108/535 3057/6123/535 3107/6247/535
f 3134/6315/535 3136/6321/535 3120/6280/535
f 3117/6272/535 3116/6270/535 3107/6247/535
f 3117/6272/535 3107/6247/535 3057/6123/535
f 3056/6121/535 3052/6113/535 3028/6070/535
f 3117/6272/535 3057/6123/535 3056/6121/535
f 3120/6280/535 3117/6272/535 3056/6121/535
f 3056/6121/535 3028/6070/535 3075/6168/535
f 3069/6152/535 3071/6157/535 3119/6278/535
f 3056/6121/535 3075/6168/535 3069/6152/535
f 3120/6280/535 3056/6121/535 3069/6152/535
f 3119/6278/535 3135/6318/535 3132/6310/535
f 3134/6315/535 3120/6280/535 3069/6152/535
f 3069/6152/535 3119/6278/535 3132/6310/535
f 3119/6278/535 3071/6157/535 3092/6210/535
f 3119/6278/535 3092/6210/535 3093/6211/535
f 3139/6328/535 3141/6334/535 3122/6285/535
f 3122/6285/535 3119/6278/535 3093/6211/535
f 3087/6196/535 3088/6200/535 3024/6063/535
f 3122/6285/535 3093/6211/535 3087/6196/535
f 3087/6196/535 3024/6063/535 3007/6021/535
f 3015/6042/535 3051/6108/535 3104/6238/535
f 3015/6042/535 3104/6238/535 3106/6243/535
f 3122/6285/535 3087/6196/535 3007/6021/535
f 3007/6021/535 3015/6042/535 3106/6243/535
f 3109/6252/535 3107/6247/535 3116/6270/535
f 3007/6021/535 3106/6243/535 3109/6252/535
f 3116/6270/535 3142/6337/535 3140/6331/535
f 3122/6285/535 3007/6021/535 3109/6252/535
f 3109/6252/535 3116/6270/535 3140/6331/535
f 3139/6328/535 3122/6285/535 3109/6252/535
f 3024/6063/535 3088/6200/535 3092/6210/535
f 3092/6210/535 3071/6157/535 3073/6163/535
f 3024/6063/535 3073/6163/535 3075/6168/535
f 3028/6070/536 3049/6105/536 3046/6100/536
f 3065/6142/537 3079/6178/537 3078/6174/537
f 3096/6219/537 3100/6228/537 3113/6262/537
f 3124/6290/537 3125/6293/537 3114/6265/537
f 3103/6235/537 3099/6225/537 3046/6100/537
f 3049/6105/537 3066/6145/537 3078/6174/537
f 3049/6105/537 3078/6174/537 3082/6184/537
f 3124/6290/537 3114/6265/537 3113/6262/537
f 3079/6178/537 3128/6300/537 3131/6307/537
f 3124/6290/537 3113/6262/537 3100/6228/537
f 3084/6190/537 3079/6178/537 3131/6307/537
f 3131/6307/537 3124/6290/537 3100/6228/537
f 3131/6307/537 3100/6228/537 3103/6235/537
f 3082/6184/537 3084/6190/537 3131/6307/537
f 3046/6100/537 3049/6105/537 3082/6184/537
f 3131/6307/537 3103/6235/537 3046/6100/537
f 3127/6297/537 3128/6300/537 3079/6178/537
f 3060/6131/537 3061/6133/537 3044/6097/537
f 3039/6089/537 3096/6219/537 3110/6255/537
f 3111/6258/537 3114/6265/537 3125/6293/537
f 3039/6089/537 3110/6255/537 3111/6258/537
f 3127/6297/537 3079/6178/537 3065/6142/537
f 3111/6258/537 3125/6293/537 3130/6305/537
f 3130/6305/537 3127/6297/537 3065/6142/537
f 3130/6305/537 3065/6142/537 3060/6131/537
f 3044/6097/537 3039/6089/537 3111/6258/537
f 3111/6258/537 3130/6305/537 3060/6131/537
f 3039/6089/537 3046/6100/537 3099/6225/537
f 3049/6105/537 3044/6097/537 3061/6133/537
f 3044/6097/538 3015/6043/538 3007/6022/538
f 3046/6100/539 3039/6089/539 3007/6023/539
f 3028/6071/540 3015/6044/540 3044/6097/540
f 3057/6124/541 3051/6109/541 3061/6134/541
f 3056/6122/542 3065/6143/542 3066/6146/542
f 3066/6147/539 3061/6135/539 3051/6110/539
f 3057/6125/540 3060/6132/540 3065/6144/540
f 3069/6153/543 3075/6169/543 3078/6175/543
f 3071/6158/544 3084/6191/544 3082/6185/544
f 3073/6164/538 3082/6186/538 3078/6176/538
f 3071/6159/536 3069/6154/536 3079/6179/536
f 3088/6201/545 3099/6226/545 3103/6236/545
f 3087/6197/546 3093/6212/546 3100/6229/546
f 3087/6198/540 3096/6220/540 3099/6227/540
f 3103/6237/539 3100/6230/539 3093/6213/539
f 3106/6244/547 3110/6256/547 3113/6263/547
f 3104/6239/548 3107/6248/548 3114/6266/548
f 3106/6245/536 3104/6240/536 3111/6259/536
f 3109/6253/538 3113/6264/538 3114/6267/538
f 3138/6326/538 3135/6319/538 3119/6279/538
f 3119/6279/538 3131/6308/538 3128/6301/538
f 3128/6301/538 3127/6298/538 3120/6281/538
f 3120/6281/538 3136/6322/538 3137/6324/538
f 3138/6326/538 3119/6279/538 3128/6301/538
f 3128/6301/538 3120/6281/538 3137/6324/538
f 3142/6338/540 3116/6271/540 3117/6273/540
f 3117/6273/536 3130/6306/536 3125/6294/536
f 3125/6294/536 3124/6291/536 3122/6286/536
f 3122/6286/536 3141/6335/536 3143/6340/536
f 3144/6342/536 3142/6338/536 3117/6273/536
f 3125/6294/536 3122/6286/536 3143/6340/536
f 3144/6342/536 3117/6273/536 3125/6294/536
f 3122/6287/540 3124/6292/540 3131/6309/540
f 3117/6274/539 3120/6282/539 3127/6299/539
f 3019/6051/535 3033/6079/535 3027/6068/535
f 3033/6079/536 3134/6316/536 3132/6311/536
f 3151/6356/537 3149/6352/537 3042/6094/537
f 3038/6088/537 3152/6358/537 3150/6354/537
f 3038/6088/537 3150/6354/537 3146/6346/537
f 3153/6360/537 3151/6356/537 3042/6094/537
f 3148/6350/537 3153/6360/537 3042/6094/537
f 3042/6094/537 3038/6088/537 3146/6346/537
f 3042/6094/537 3146/6346/537 3147/6348/537
f 3145/6344/537 3148/6350/537 3042/6094/537
f 3154/6362/537 3152/6358/537 3038/6088/537
f 3042/6094/537 3149/6352/537 3163/6380/537
f 3042/6094/537 3163/6380/537 3165/6384/537
f 3157/6368/537 3154/6362/537 3038/6088/537
f 3156/6366/537 3157/6368/537 3038/6088/537
f 3137/6325/537 3042/6094/537 3165/6384/537
f 3137/6325/537 3165/6384/537 3164/6382/537
f 3156/6366/537 3038/6088/537 3138/6327/537
f 3155/6364/537 3156/6366/537 3138/6327/537
f 3137/6325/537 3164/6382/537 3169/6392/537
f 3137/6325/537 3169/6392/537 3166/6386/537
f 3161/6376/537 3155/6364/537 3138/6327/537
f 3158/6370/537 3161/6376/537 3138/6327/537
f 3137/6325/537 3166/6386/537 3168/6390/537
f 3137/6325/537 3168/6390/537 3167/6388/537
f 3162/6378/537 3158/6370/537 3138/6327/537
f 3159/6372/537 3162/6378/537 3138/6327/537
f 3137/6325/537 3167/6388/537 3176/6407/537
f 3137/6325/537 3176/6407/537 3170/6394/537
f 3160/6374/537 3159/6372/537 3138/6327/537
f 3174/6403/537 3160/6374/537 3138/6327/537
f 3138/6327/537 3137/6325/537 3170/6394/537
f 3138/6327/537 3170/6394/537 3175/6405/537
f 3172/6399/537 3174/6403/537 3138/6327/537
f 3171/6396/537 3172/6399/537 3138/6327/537
f 3138/6327/537 3175/6405/537 3173/6401/537
f 3042/6094/538 3019/6052/538 3011/6033/538
f 3138/6327/539 3038/6088/539 3011/6034/539
f 3011/6034/539 3027/6069/539 3132/6312/539
f 3135/6320/539 3138/6327/539 3011/6034/539
f 3134/6317/540 3033/6080/540 3019/6053/540
f 3019/6053/540 3042/6094/540 3137/6325/540
f 3136/6323/540 3134/6317/540 3019/6053/540
f 3012/6036/535 3023/6060/535 3018/6049/535
f 3023/6060/536 3036/6085/536 3032/6078/536
f 3186/6427/537 3187/6429/537 3032/6078/537
f 3036/6085/537 3194/6444/537 3188/6431/537
f 3036/6085/537 3188/6431/537 3193/6442/537
f 3191/6438/537 3186/6427/537 3032/6078/537
f 3192/6440/537 3191/6438/537 3032/6078/537
f 3032/6078/537 3036/6085/537 3193/6442/537
f 3032/6078/537 3193/6442/537 3190/6436/537
f 3189/6433/537 3192/6440/537 3032/6078/537
f 3182/6419/537 3194/6444/537 3036/6085/537
f 3032/6078/537 3187/6429/537 3205/6466/537
f 3032/6078/537 3205/6466/537 3206/6468/537
f 3183/6421/537 3182/6419/537 3036/6085/537
f 3184/6423/537 3183/6421/537 3036/6085/537
f 3143/6341/537 3032/6078/537 3206/6468/537
f 3143/6341/537 3206/6468/537 3204/6464/537
f 3184/6423/537 3036/6085/537 3144/6343/537
f 3181/6417/537 3184/6423/537 3144/6343/537
f 3143/6341/537 3204/6464/537 3207/6470/537
f 3143/6341/537 3207/6470/537 3202/6460/537
f 3185/6425/537 3181/6417/537 3144/6343/537
f 3179/6413/537 3185/6425/537 3144/6343/537
f 3143/6341/537 3202/6460/537 3203/6462/537
f 3143/6341/537 3203/6462/537 3201/6458/537
f 3180/6415/537 3179/6413/537 3144/6343/537
f 3178/6411/537 3180/6415/537 3144/6343/537
f 3143/6341/537 3201/6458/537 3208/6472/537
f 3143/6341/537 3208/6472/537 3198/6452/537
f 3177/6409/537 3178/6411/537 3144/6343/537
f 3200/6456/537 3177/6409/537 3144/6343/537
f 3144/6343/537 3143/6341/537 3198/6452/537
f 3144/6343/537 3198/6452/537 3199/6454/537
f 3197/6450/537 3200/6456/537 3144/6343/537
f 3195/6446/537 3197/6450/537 3144/6343/537
f 3144/6343/537 3199/6454/537 3196/6448/537
f 3006/6019/538 3139/6329/538 3140/6332/538
f 3139/6330/539 3006/6020/539 3018/6050/539
f 3018/6050/539 3032/6078/539 3143/6341/539
f 3141/6336/535 3139/6330/535 3018/6050/535
f 3142/6339/540 3144/6343/540 3036/6085/540
f 3036/6085/540 3023/6061/540 3012/6037/540
f 3012/6037/540 3140/6333/540 3142/6339/540
f 3013/6038/550 3172/6400/550 3171/6397/550
f 3017/6047/551 3174/6404/551 3172/6400/551
f 3021/6056/552 3160/6375/552 3174/6404/552
f 3025/6064/553 3159/6373/553 3160/6375/553
f 3030/6074/554 3162/6379/554 3159/6373/554
f 3035/6083/555 3158/6371/555 3162/6379/555
f 3040/6090/556 3161/6377/556 3158/6371/556
f 3045/6098/557 3155/6365/557 3161/6377/557
f 3048/6103/558 3156/6367/558 3155/6365/558
f 3054/6116/559 3157/6369/559 3156/6367/559
f 3058/6126/560 3154/6363/560 3157/6369/560
f 3063/6138/561 3152/6359/561 3154/6363/561
f 3067/6148/562 3150/6355/562 3152/6359/562
f 3072/6160/563 3146/6347/563 3150/6355/563
f 3076/6170/564 3147/6349/564 3146/6347/564
f 3081/6182/565 3145/6345/565 3147/6349/565
f 3085/6192/566 3148/6351/566 3145/6345/566
f 3090/6204/567 3153/6361/567 3148/6351/567
f 3095/6216/568 3151/6357/568 3153/6361/568
f 3097/6221/569 3149/6353/569 3151/6357/569
f 3102/6233/570 3163/6381/570 3149/6353/570
f 3105/6241/571 3165/6385/571 3163/6381/571
f 3108/6249/572 3164/6383/572 3165/6385/572
f 3112/6260/573 3169/6393/573 3164/6383/573
f 3115/6268/574 3166/6387/574 3169/6393/574
f 3118/6275/575 3168/6391/575 3166/6387/575
f 3121/6283/576 3167/6389/576 3168/6391/576
f 3123/6288/577 3176/6408/577 3167/6389/577
f 3126/6295/578 3170/6395/578 3176/6408/578
f 3129/6302/579 3175/6406/579 3170/6395/579
f 3129/6303/537 3126/6296/537 3123/6289/537
f 3123/6289/537 3121/6284/537 3118/6276/537
f 3118/6276/537 3115/6269/537 3112/6261/537
f 3112/6261/537 3108/6250/537 3105/6242/537
f 3105/6242/537 3102/6234/537 3097/6222/537
f 3097/6222/537 3095/6217/537 3090/6205/537
f 3090/6205/537 3085/6193/537 3081/6183/537
f 3081/6183/537 3076/6171/537 3072/6161/537
f 3072/6161/537 3067/6149/537 3063/6139/537
f 3063/6139/537 3058/6127/537 3054/6117/537
f 3054/6117/537 3048/6104/537 3045/6099/537
f 3045/6099/537 3040/6091/537 3035/6084/537
f 3035/6084/537 3030/6075/537 3025/6065/537
f 3025/6065/537 3021/6057/537 3017/6048/537
f 3017/6048/537 3013/6039/537 3009/6028/537
f 3009/6028/537 3133/6313/537 3129/6303/537
f 3129/6303/537 3123/6289/537 3118/6276/537
f 3118/6276/537 3112/6261/537 3105/6242/537
f 3105/6242/537 3097/6222/537 3090/6205/537
f 3090/6205/537 3081/6183/537 3072/6161/537
f 3072/6161/537 3063/6139/537 3054/6117/537
f 3054/6117/537 3045/6099/537 3035/6084/537
f 3035/6084/537 3025/6065/537 3017/6048/537
f 3017/6048/537 3009/6028/537 3129/6303/537
f 3129/6303/537 3118/6276/537 3105/6242/537
f 3105/6242/537 3090/6205/537 3072/6161/537
f 3072/6161/537 3054/6117/537 3035/6084/537
f 3035/6084/537 3017/6048/537 3129/6303/537
f 3129/6303/537 3105/6242/537 3072/6161/537
f 3133/6314/580 3173/6402/580 3175/6406/580
f 3009/6029/581 3171/6398/581 3173/6402/581
f 3010/6030/550 3192/6441/550 3189/6434/550
f 3014/6040/551 3191/6439/551 3192/6441/551
f 3016/6045/552 3186/6428/552 3191/6439/552
f 3020/6054/553 3187/6430/553 3186/6428/553
f 3022/6058/554 3205/6467/554 3187/6430/554
f 3026/6066/555 3206/6469/555 3205/6467/555
f 3029/6072/556 3204/6465/556 3206/6469/556
f 3031/6076/557 3207/6471/557 3204/6465/557
f 3034/6081/558 3202/6461/558 3207/6471/558
f 3037/6086/559 3203/6463/559 3202/6461/559
f 3041/6092/560 3201/6459/560 3203/6463/560
f 3043/6095/561 3208/6473/561 3201/6459/561
f 3047/6101/562 3198/6453/562 3208/6473/562
f 3050/6106/563 3199/6455/563 3198/6453/563
f 3053/6114/564 3196/6449/564 3199/6455/564
f 3055/6118/565 3195/6447/565 3196/6449/565
f 3059/6128/566 3197/6451/566 3195/6447/566
f 3062/6136/567 3200/6457/567 3197/6451/567
f 3064/6140/568 3177/6410/568 3200/6457/568
f 3068/6150/569 3178/6412/569 3177/6410/569
f 3070/6155/570 3180/6416/570 3178/6412/570
f 3074/6165/571 3179/6414/571 3180/6416/571
f 3077/6172/572 3185/6426/572 3179/6414/572
f 3080/6180/573 3181/6418/573 3185/6426/573
f 3083/6187/574 3184/6424/574 3181/6418/574
f 3086/6194/575 3183/6422/575 3184/6424/575
f 3089/6202/576 3182/6420/576 3183/6422/576
f 3091/6206/577 3194/6445/577 3182/6420/577
f 3094/6214/578 3188/6432/578 3194/6445/578
f 3098/6223/579 3193/6443/579 3188/6432/579
f 3041/6093/537 3037/6087/537 3034/6082/537
f 3034/6082/537 3031/6077/537 3029/6073/537
f 3029/6073/537 3026/6067/537 3022/6059/537
f 3022/6059/537 3020/6055/537 3016/6046/537
f 3016/6046/537 3014/6041/537 3010/6031/537
f 3010/6031/537 3008/6025/537 3101/6231/537
f 3101/6231/537 3098/6224/537 3094/6215/537
f 3094/6215/537 3091/6207/537 3089/6203/537
f 3089/6203/537 3086/6195/537 3083/6188/537
f 3083/6188/537 3080/6181/537 3077/6173/537
f 3077/6173/537 3074/6166/537 3070/6156/537
f 3070/6156/537 3068/6151/537 3064/6141/537
f 3064/6141/537 3062/6137/537 3059/6129/537
f 3059/6129/537 3055/6119/537 3053/6115/537
f 3053/6115/537 3050/6107/537 3047/6102/537
f 3047/6102/537 3043/6096/537 3041/6093/537
f 3041/6093/537 3034/6082/537 3029/6073/537
f 3029/6073/537 3022/6059/537 3016/6046/537
f 3016/6046/537 3010/6031/537 3101/6231/537
f 3101/6231/537 3094/6215/537 3089/6203/537
f 3089/6203/537 3083/6188/537 3077/6173/537
f 3077/6173/537 3070/6156/537 3064/6141/537
f 3064/6141/537 3059/6129/537 3053/6115/537
f 3053/6115/537 3047/6102/537 3041/6093/537
f 3041/6093/537 3029/6073/537 3016/6046/537
f 3016/6046/537 3101/6231/537 3089/6203/537
f 3089/6203/537 3077/6173/537 3064/6141/537
f 3064/6141/537 3053/6115/537 3041/6093/537
f 3041/6093/537 3016/6046/537 3089/6203/537
f 3101/6232/580 3190/6437/580 3193/6443/580
f 3008/6026/581 3189/6435/581 3190/6437/581
o Battery
v -0.025400 0.002030 0.017130
v -0.025400 0.007970 0.017130
v -0.025400 0.002030 -0.017130
v -0.025400 0.007970 -0.017130
v 0.025400 0.002030 0.017130
v 0.025400 0.007970 0.017130
v 0.025400 0.002030 -0.017130
v 0.025400 0.007970 -0.017130
vn -1.0000 -0.0000 -0.0000
vn -0.0000 -0.0000 -1.0000
vn 1.0000 -0.0000 -0.0000
vn -0.0000 -0.0000 1.0000
vn -0.0000 -1.0000 -0.0000
vn -0.0000 1.0000 -0.0000
vt 0.375000 0.000000
vt 0.375000 1.000000
vt 0.125000 0.750000
vt 0.625000 0.000000
vt 0.625000 1.000000
vt 0.875000 0.750000
vt 0.125000 0.500000
vt 0.375000 0.250000
vt 0.625000 0.250000
vt 0.875000 0.500000
vt 0.375000 0.750000
vt 0.625000 0.750000
vt 0.375000 0.500000
vt 0.625000 0.500000
s 0
usemtl Material.004
f 3210/6477/582 3211/6481/582 3209/6474/582
f 3212/6482/583 3215/6486/583 3211/6481/583
f 3216/6487/584 3213/6484/584 3215/6486/584
f 3214/6485/585 3209/6475/585 3213/6484/585
f 3215/6486/586 3209/6476/586 3211/6480/586
f 3212/6483/587 3214/6485/587 3216/6487/587
f 3210/6477/582 3212/6482/582 3211/6481/582
f 3212/6482/583 3216/6487/583 3215/6486/583
f 3216/6487/584 3214/6485/584 3213/6484/584
f 3214/6485/585 3210/6478/585 3209/6475/585
f 3215/6486/586 3213/6484/586 3209/6476/586
f 3212/6483/587 3210/6479/587 3214/6485/587
