# Blender 3.3.0
# www.blender.org
mtllib weather_station_frame_for_print.mtl
o MainFrame.002
v 0.043743 0.007385 0.030115
v 0.042500 0.012000 -0.042500
v -0.047500 0.012000 -0.042500
v 0.042500 0.012000 0.047500
v 0.042500 0.012000 -0.047500
v 0.019750 0.007500 0.046312
v -0.047500 0.012000 0.047500
v -0.047500 0.012000 -0.047500
v 0.047500 0.012000 -0.042500
v 0.042500 0.012000 0.042500
v 0.047500 0.012000 -0.047500
v -0.042500 0.012000 -0.042500
v -0.042954 0.008250 0.005615
v -0.047500 0.012000 0.042500
v 0.047500 0.012000 0.047500
v -0.042500 0.012000 -0.047500
v -0.030250 0.007500 0.046312
v -0.042954 0.008250 -0.005615
v -0.042500 0.012000 0.047500
v 0.047500 0.012000 0.042500
v -0.046257 0.007385 -0.019885
v 0.025000 0.001750 0.018000
v -0.042500 0.012000 0.042500
v 0.043743 0.007385 -0.019885
v 0.019750 0.007500 0.043688
v -0.031046 0.008250 0.005615
v 0.019750 0.007500 -0.043688
v 0.025000 0.001750 -0.018000
v 0.030250 0.007500 0.046312
v -0.031046 0.008250 -0.005615
v -0.046257 0.007385 0.030115
v -0.030250 0.007500 0.043687
v 0.025000 0.008250 -0.018000
v 0.046257 0.007385 0.030115
v 0.025000 0.008250 0.018000
v -0.030250 0.007500 -0.043688
v 0.030250 0.007500 0.043688
v 0.043743 0.007385 0.019885
v -0.019750 0.007500 0.046312
v -0.043743 0.007385 -0.019885
v 0.046257 0.007385 -0.019885
v 0.019750 0.007500 -0.046313
v -0.019750 0.007500 0.043687
v -0.043743 0.007385 0.030115
v 0.046257 0.007385 0.019885
v 0.043743 0.007385 -0.030115
v -0.046257 0.007385 -0.030115
v 0.046257 0.007385 -0.030115
v 0.030250 0.007500 -0.043688
v -0.043743 0.007385 -0.030115
v -0.046257 0.007385 0.019885
v -0.030250 0.007500 -0.046313
v -0.043743 0.007385 0.019885
v 0.030250 0.007500 -0.046313
v -0.019750 0.007500 -0.043688
v -0.019750 0.007500 -0.046313
v -0.040000 0.010000 0.020000
v -0.020000 0.010000 0.040000
v -0.050000 0.000000 0.050000
v -0.020000 0.010000 -0.040000
v -0.040000 0.010000 -0.020000
v -0.050000 0.000000 -0.050000
v 0.040000 0.010000 -0.020000
v 0.040000 0.010000 0.020000
v 0.020000 0.010000 0.040000
v 0.050000 0.000000 0.050000
v 0.020000 0.010000 -0.040000
v 0.050000 0.000000 -0.050000
v -0.050000 0.010000 0.040000
v -0.050000 0.010000 -0.040000
v -0.040000 0.010000 -0.050000
v 0.040000 0.010000 -0.050000
v -0.040000 0.010000 -0.040000
v 0.020000 0.010000 0.020000
v 0.020000 0.010000 0.000000
v 0.001333 0.010000 -0.018667
v 0.040000 0.010000 0.050000
v -0.040000 0.010000 0.050000
v -0.040000 0.010000 0.040000
v 0.020000 0.010000 -0.020000
v 0.002500 0.010000 -0.020000
v 0.000000 0.010000 0.020000
v 0.004444 0.010000 0.024444
v 0.050000 0.010000 -0.040000
v 0.050000 0.010000 0.040000
v 0.040000 0.010000 -0.040000
v 0.040000 0.010000 0.040000
v -0.020000 0.010000 -0.020000
v -0.020000 0.010000 0.020000
v 0.020000 0.010000 0.000000
v -0.002222 0.010000 -0.022222
v -0.000000 0.010000 -0.020000
v 0.020000 0.010000 0.000000
v 0.019750 0.007300 -0.043688
v 0.019750 0.007300 -0.046313
v 0.030250 0.007300 -0.043688
v 0.030250 0.007300 -0.046313
v -0.030250 0.007300 -0.043688
v -0.030250 0.007300 -0.046313
v -0.019750 0.007300 -0.043688
v -0.019750 0.007300 -0.046313
v -0.040000 0.009800 -0.042500
v -0.040000 0.009800 -0.047500
v 0.040000 0.009800 -0.042500
v -0.030250 0.009800 -0.043688
v 0.040000 0.009800 -0.047500
v 0.030250 0.009800 -0.046313
v -0.019750 0.009800 -0.046313
v -0.030250 0.009800 -0.046313
v 0.030250 0.009800 -0.043688
v -0.019750 0.009800 -0.043688
v 0.019750 0.009800 -0.043688
v 0.019750 0.009800 -0.046313
v -0.040000 0.010000 -0.047500
v -0.040000 0.010000 -0.042500
v 0.040000 0.010000 -0.047500
v 0.040000 0.010000 -0.042500
v -0.043743 0.006985 0.030115
v -0.043743 0.006985 0.019885
v -0.046257 0.006985 0.030115
v -0.046257 0.006985 0.019885
v -0.043743 0.006985 -0.019885
v -0.043743 0.006985 -0.030115
v -0.046257 0.006985 -0.019885
v -0.046257 0.006985 -0.030115
v -0.046259 0.009600 0.030141
v -0.046259 0.009600 0.019859
v -0.043741 0.009600 0.030141
v -0.042500 0.009600 -0.040000
v -0.043741 0.009600 -0.030141
v -0.042500 0.009600 0.040000
v -0.043741 0.009600 -0.019859
v -0.047500 0.009600 -0.040000
v -0.046259 0.009600 -0.030141
v -0.047500 0.009600 0.040000
v -0.043741 0.009600 0.019859
v -0.046259 0.009600 -0.019859
v -0.047500 0.010000 0.040000
v -0.042500 0.010000 0.040000
v -0.047500 0.010000 -0.040000
v -0.042500 0.010000 -0.040000
v 0.046257 0.006985 -0.019885
v 0.046257 0.006985 -0.030115
v 0.043743 0.006985 -0.030115
v 0.043743 0.006985 -0.019885
v 0.043743 0.006985 0.030115
v 0.046257 0.006985 0.030115
v 0.043743 0.006985 0.019885
v 0.046257 0.006985 0.019885
v 0.043741 0.009600 0.019859
v 0.046259 0.009600 0.019859
v 0.047500 0.009600 0.040000
v 0.046259 0.009600 0.030141
v 0.042500 0.009600 0.040000
v 0.042500 0.009600 -0.040000
v 0.047500 0.009600 -0.040000
v 0.043741 0.009600 -0.030141
v 0.046259 0.009600 -0.030141
v 0.043741 0.009600 -0.019859
v 0.043741 0.009600 0.030141
v 0.046259 0.009600 -0.019859
v 0.042500 0.010000 0.040000
v 0.047500 0.010000 0.040000
v 0.042500 0.010000 -0.040000
v 0.047500 0.010000 -0.040000
v 0.019750 0.007185 0.046312
v 0.030250 0.007185 0.046312
v 0.019750 0.007185 0.043688
v 0.030250 0.007185 0.043688
v -0.030250 0.007185 0.046312
v -0.030250 0.007185 0.043687
v -0.019750 0.007185 0.046312
v -0.019750 0.007185 0.043687
v -0.040000 0.009685 0.047500
v -0.040000 0.009685 0.042500
v 0.040000 0.009685 0.047500
v 0.019750 0.009685 0.046312
v 0.019750 0.009685 0.043688
v 0.030250 0.009685 0.046312
v -0.030250 0.009685 0.046312
v -0.019750 0.009685 0.046312
v 0.040000 0.009685 0.042500
v 0.030250 0.009685 0.043688
v -0.030250 0.009685 0.043687
v -0.019750 0.009685 0.043687
v -0.040000 0.010000 0.042500
v -0.040000 0.010000 0.047500
v 0.040000 0.010000 0.047500
v 0.040000 0.010000 0.042500
v -0.050000 0.008250 0.012859
v -0.050000 0.008250 0.018000
v -0.050000 0.008250 -0.012859
v -0.050000 0.008250 -0.018000
v -0.050000 0.001750 0.018000
v -0.050000 0.001750 -0.018000
v -0.042500 0.010000 0.005615
v -0.042500 0.010000 -0.005615
v -0.040000 0.010000 0.005615
v -0.040000 0.010000 -0.005615
v -0.031046 0.010000 -0.005615
v -0.031046 0.010000 0.005615
v -0.042954 0.009600 0.005615
v -0.042954 0.009600 -0.005615
v -0.042500 0.009600 0.005615
v -0.042500 0.009600 -0.005615
v -0.047500 0.002500 0.047500
v -0.042500 0.007500 0.042500
v -0.042500 0.007500 0.047500
v -0.047500 0.007500 0.042500
v 0.042500 0.007500 0.047500
v 0.047500 0.002500 0.047500
v 0.042500 0.007500 0.042500
v 0.047500 0.007500 0.042500
v -0.047500 0.007500 -0.042500
v -0.042500 0.007500 -0.042500
v -0.047500 0.002500 -0.047500
v -0.042500 0.007500 -0.047500
v 0.042500 0.007500 -0.042500
v 0.047500 0.002500 -0.047500
v 0.042500 0.007500 -0.047500
v 0.047500 0.007500 -0.042500
v -0.090588 0.014486 -0.048412
v -0.090588 0.014486 -0.141412
v -0.090588 0.014486 -0.053412
v -0.090588 0.014486 -0.136412
v -0.095588 0.014486 -0.053412
v -0.096473 0.007744 -0.125027
v -0.095588 0.014486 -0.136412
v -0.092776 0.008986 -0.075162
v -0.096473 0.007744 -0.075027
v -0.095588 0.014486 -0.052947
v -0.091053 0.014486 -0.048412
v -0.091053 0.014486 -0.141412
v -0.095588 0.014486 -0.136876
v -0.099088 0.011486 -0.114912
v -0.096473 0.005229 -0.075027
v -0.092776 0.008986 -0.125162
v -0.089088 0.001486 -0.144912
v -0.099088 0.011486 -0.074912
v -0.089088 0.001486 -0.044912
v -0.096473 0.007744 -0.064796
v -0.095401 0.008986 -0.075162
v -0.096473 0.005229 -0.125027
v -0.099088 0.001486 -0.134912
v -0.099088 0.001486 -0.054912
v -0.096473 0.007744 -0.114796
v -0.099088 0.011486 -0.134912
v -0.096473 0.005229 -0.064796
v -0.089088 0.011486 -0.134912
v -0.089088 0.011486 -0.054912
v -0.092776 0.008986 -0.064662
v -0.099088 0.011486 -0.054912
v -0.096473 0.005229 -0.114796
v -0.095401 0.008986 -0.125162
v -0.090588 0.004986 -0.141412
v -0.090588 0.009986 -0.136412
v -0.095588 0.009986 -0.136412
v -0.095588 0.009522 -0.136876
v -0.095401 0.008986 -0.064662
v -0.091053 0.004986 -0.141412
v -0.090588 0.009986 -0.053412
v -0.090588 0.004986 -0.048412
v -0.095588 0.009986 -0.053412
v -0.092776 0.008986 -0.114662
v -0.095588 0.009522 -0.052947
v -0.091053 0.004986 -0.048412
v -0.095401 0.008986 -0.114662
v -0.091589 0.011486 -0.134912
v -0.096589 0.011486 -0.134912
v -0.091589 0.011486 -0.054912
v -0.096589 0.011486 -0.054912
v -0.092776 0.011486 -0.125162
v -0.095401 0.011486 -0.125162
v -0.095401 0.011486 -0.114662
v -0.092776 0.011486 -0.114662
v -0.092776 0.011486 -0.075162
v -0.095401 0.011486 -0.075162
v -0.092776 0.011486 -0.064662
v -0.095401 0.011486 -0.064662
v -0.092776 0.008671 -0.114662
v -0.095401 0.008671 -0.114662
v -0.092776 0.008671 -0.125162
v -0.095401 0.008671 -0.125162
v -0.092776 0.008671 -0.064662
v -0.095401 0.008671 -0.064662
v -0.092776 0.008671 -0.075162
v -0.095401 0.008671 -0.075162
v -0.091589 0.011171 -0.134912
v -0.096589 0.011171 -0.134912
v -0.091589 0.011171 -0.054912
v -0.092776 0.011171 -0.125162
v -0.096589 0.011171 -0.054912
v -0.095401 0.011171 -0.064662
v -0.095401 0.011171 -0.125162
v -0.092776 0.011171 -0.114662
v -0.092776 0.011171 -0.075162
v -0.095401 0.011171 -0.075162
v -0.092776 0.011171 -0.064662
v -0.095401 0.011171 -0.114662
v -0.091589 0.011486 -0.134912
v -0.096589 0.011486 -0.134912
v -0.096589 0.011486 -0.134911
v -0.091589 0.011486 -0.134911
v -0.091589 0.011486 -0.054912
v -0.096589 0.011486 -0.054912
v -0.091589 0.011486 -0.054912
v -0.096589 0.011486 -0.054912
v -0.091589 0.011486 -0.134912
v -0.096589 0.011486 -0.134912
v -0.096589 0.011486 -0.054911
v -0.091589 0.011486 -0.054911
v -0.096073 0.007744 -0.125027
v -0.096073 0.005229 -0.125027
v -0.096073 0.007744 -0.114796
v -0.096073 0.005229 -0.114796
v -0.096073 0.007744 -0.075027
v -0.096073 0.005229 -0.075027
v -0.096073 0.007744 -0.064796
v -0.096073 0.005229 -0.064796
v -0.098688 0.008986 -0.134912
v -0.098688 0.003986 -0.134912
v -0.098688 0.008986 -0.054912
v -0.098688 0.007745 -0.125053
v -0.098688 0.007745 -0.075053
v -0.098688 0.007745 -0.064770
v -0.098688 0.003986 -0.054912
v -0.098688 0.005228 -0.125053
v -0.098688 0.005228 -0.114770
v -0.098688 0.007745 -0.114770
v -0.098688 0.005228 -0.075053
v -0.098688 0.005228 -0.064770
v -0.099088 0.008986 -0.134912
v -0.099088 0.007745 -0.125053
v -0.099088 0.003986 -0.134912
v -0.099088 0.007745 -0.125053
v -0.099088 0.007745 -0.064770
v -0.099088 0.007745 -0.064770
v -0.099088 0.003986 -0.054912
v -0.099088 0.008986 -0.054912
v -0.099088 0.005228 -0.125053
v -0.099088 0.005228 -0.125053
v -0.099088 0.007745 -0.114770
v -0.099088 0.005228 -0.114770
v -0.099088 0.007745 -0.114770
v -0.099088 0.005228 -0.114770
v -0.099088 0.007745 -0.075053
v -0.099088 0.005228 -0.075053
v -0.099088 0.007745 -0.075053
v -0.099088 0.005228 -0.075053
v -0.099088 0.005228 -0.064770
v -0.099088 0.005228 -0.064770
v -0.079500 0.014448 -0.053500
v -0.074500 0.014448 -0.141500
v -0.074500 0.014448 -0.053500
v -0.079257 0.008833 -0.125115
v -0.074500 0.014448 -0.136500
v -0.074500 0.014448 -0.048500
v -0.079257 0.008833 -0.075115
v -0.079500 0.014448 -0.136500
v -0.079500 0.014448 -0.053036
v -0.074964 0.014448 -0.048500
v -0.074964 0.014448 -0.141500
v -0.076743 0.008833 -0.125115
v -0.079500 0.014448 -0.136964
v -0.083000 0.011448 -0.115000
v -0.076743 0.008833 -0.075115
v -0.083000 0.011448 -0.075000
v -0.073000 0.001448 -0.145000
v -0.073000 0.001448 -0.045000
v -0.083000 0.001448 -0.055000
v -0.083000 0.001448 -0.135000
v -0.079257 0.008833 -0.114885
v -0.083000 0.011448 -0.055000
v -0.083000 0.011448 -0.135000
v -0.073000 0.011448 -0.135000
v -0.076743 0.008833 -0.114885
v -0.073000 0.011448 -0.055000
v -0.079257 0.008833 -0.064885
v -0.079500 0.009484 -0.136964
v -0.079500 0.009948 -0.136500
v -0.076743 0.008833 -0.064885
v -0.074500 0.009948 -0.136500
v -0.074964 0.004948 -0.141500
v -0.074500 0.004948 -0.141500
v -0.079500 0.009948 -0.053500
v -0.079500 0.009484 -0.053036
v -0.074500 0.004948 -0.048500
v -0.074500 0.009948 -0.053500
v -0.074964 0.004948 -0.048500
v -0.079257 0.008433 -0.075115
v -0.076743 0.008433 -0.075115
v -0.079257 0.008433 -0.064885
v -0.076743 0.008433 -0.064885
v -0.076743 0.008433 -0.125115
v -0.076743 0.008433 -0.114885
v -0.079257 0.008433 -0.125115
v -0.079257 0.008433 -0.114885
v -0.075500 0.011048 -0.135000
v -0.075500 0.011048 -0.055000
v -0.079259 0.011048 -0.075141
v -0.079259 0.011048 -0.064859
v -0.076741 0.011048 -0.075141
v -0.076741 0.011048 -0.114859
v -0.079259 0.011048 -0.114859
v -0.076741 0.011048 -0.125141
v -0.080500 0.011048 -0.135000
v -0.080500 0.011048 -0.055000
v -0.079259 0.011048 -0.125141
v -0.076741 0.011048 -0.064859
v -0.080500 0.011448 -0.135000
v -0.079259 0.011448 -0.125141
v -0.075500 0.011448 -0.135000
v -0.079259 0.011448 -0.114859
v -0.076741 0.011448 -0.125141
v -0.076741 0.011448 -0.114859
v -0.079259 0.011448 -0.075141
v -0.076741 0.011448 -0.075141
v -0.076741 0.011448 -0.064859
v -0.079259 0.011448 -0.064859
v -0.080500 0.011448 -0.055000
v -0.075500 0.011448 -0.055000
v -0.082200 0.008948 -0.055000
v -0.082200 0.003948 -0.055000
v -0.082200 0.008948 -0.135000
v -0.082200 0.003948 -0.135000
v -0.083000 0.008948 -0.135000
v -0.083000 0.003948 -0.135000
v -0.083000 0.008948 -0.055000
v -0.083000 0.003948 -0.055000
v -0.111589 0.014552 -0.136589
v -0.111589 0.014552 -0.053589
v -0.112474 0.007810 -0.114974
v -0.106589 0.014552 -0.053589
v -0.112474 0.007810 -0.064974
v -0.112474 0.005295 -0.114974
v -0.111402 0.009052 -0.114839
v -0.106589 0.014552 -0.136589
v -0.106589 0.014552 -0.048589
v -0.111589 0.014552 -0.053125
v -0.111402 0.009052 -0.064839
v -0.108777 0.009052 -0.114839
v -0.112474 0.005295 -0.064974
v -0.112474 0.007810 -0.125205
v -0.106589 0.014552 -0.141589
v -0.107054 0.014552 -0.048589
v -0.107054 0.014552 -0.141589
v -0.111589 0.014552 -0.137054
v -0.112474 0.007810 -0.075205
v -0.108777 0.009052 -0.064839
v -0.115089 0.011552 -0.115089
v -0.111402 0.009052 -0.125339
v -0.112474 0.005295 -0.125205
v -0.105089 0.001552 -0.045089
v -0.115089 0.011552 -0.075089
v -0.108777 0.009052 -0.125339
v -0.111402 0.009052 -0.075339
v -0.105089 0.001552 -0.145089
v -0.115089 0.001552 -0.135089
v -0.112474 0.005295 -0.075205
v -0.115089 0.001552 -0.055089
v -0.108777 0.009052 -0.075339
v -0.115089 0.011552 -0.055089
v -0.105089 0.011552 -0.135089
v -0.105089 0.011552 -0.055089
v -0.115089 0.011552 -0.135089
v -0.111589 0.010052 -0.136589
v -0.111589 0.009588 -0.137054
v -0.106589 0.005052 -0.141589
v -0.106589 0.010052 -0.136589
v -0.107054 0.005052 -0.141589
v -0.111589 0.010052 -0.053589
v -0.111589 0.009588 -0.053125
v -0.106589 0.005052 -0.048589
v -0.106589 0.010052 -0.053589
v -0.107054 0.005052 -0.048589
v -0.112074 0.007810 -0.114974
v -0.112074 0.005295 -0.114974
v -0.112074 0.007810 -0.125205
v -0.112074 0.005295 -0.125205
v -0.112074 0.005295 -0.064974
v -0.112074 0.005295 -0.075205
v -0.112074 0.007810 -0.075205
v -0.112074 0.007810 -0.064974
v -0.114689 0.009052 -0.055089
v -0.114689 0.004052 -0.055089
v -0.114689 0.009052 -0.135089
v -0.114689 0.004052 -0.135089
v -0.114689 0.007811 -0.064948
v -0.114689 0.005294 -0.064948
v -0.114689 0.007811 -0.125230
v -0.114689 0.005294 -0.114948
v -0.114689 0.005294 -0.125230
v -0.114689 0.007811 -0.075230
v -0.114689 0.007811 -0.114948
v -0.114689 0.005294 -0.075230
v -0.115089 0.009052 -0.055089
v -0.115089 0.007811 -0.064948
v -0.115089 0.004052 -0.055089
v -0.115089 0.007811 -0.125230
v -0.115089 0.009052 -0.135089
v -0.115089 0.004052 -0.135089
v -0.115089 0.005294 -0.064948
v -0.115089 0.007811 -0.075230
v -0.115089 0.005294 -0.075230
v -0.115089 0.007811 -0.114948
v -0.115089 0.005294 -0.114948
v -0.115089 0.005294 -0.125230
v -0.111402 0.008852 -0.064839
v -0.108777 0.008852 -0.064839
v -0.111402 0.008852 -0.075339
v -0.108777 0.008852 -0.075339
v -0.111402 0.008852 -0.125339
v -0.108777 0.008852 -0.125339
v -0.111402 0.008852 -0.114839
v -0.108777 0.008852 -0.114839
v -0.107589 0.011352 -0.055089
v -0.107589 0.011352 -0.135089
v -0.112589 0.011352 -0.055089
v -0.112589 0.011352 -0.135089
v -0.108777 0.011152 -0.064839
v -0.111402 0.011152 -0.064839
v -0.108777 0.011152 -0.114839
v -0.111402 0.011152 -0.114839
v -0.107589 0.011152 -0.055089
v -0.107589 0.011152 -0.135089
v -0.112589 0.011152 -0.055089
v -0.108777 0.011152 -0.075339
v -0.108777 0.011152 -0.125339
v -0.111402 0.011152 -0.125339
v -0.112589 0.011152 -0.135089
v -0.111402 0.011152 -0.075339
v -0.107589 0.011552 -0.055089
v -0.112589 0.011552 -0.055089
v -0.107589 0.011552 -0.135089
v -0.112589 0.011552 -0.135089
v -0.125974 0.014017 -0.136500
v -0.123216 0.008402 -0.064885
v -0.120973 0.014017 -0.048500
v -0.120973 0.014017 -0.053500
v -0.123216 0.008402 -0.114885
v -0.120973 0.014017 -0.136500
v -0.125973 0.014017 -0.053500
v -0.120973 0.014017 -0.141500
v -0.125973 0.014017 -0.053036
v -0.121438 0.014017 -0.048500
v -0.121438 0.014017 -0.141500
v -0.125974 0.014017 -0.136964
v -0.125731 0.008402 -0.114885
v -0.119474 0.001017 -0.045000
v -0.129473 0.011017 -0.115000
v -0.125731 0.008402 -0.064885
v -0.129473 0.011017 -0.075000
v -0.119474 0.001017 -0.145000
v -0.123216 0.008402 -0.125115
v -0.129473 0.001017 -0.055000
v -0.129473 0.001017 -0.135000
v -0.119474 0.011017 -0.135000
v -0.119474 0.011017 -0.055000
v -0.123216 0.008402 -0.075115
v -0.125731 0.008402 -0.125115
v -0.129473 0.011017 -0.055000
v -0.129473 0.011017 -0.135000
v -0.120974 0.004517 -0.141500
v -0.120974 0.009517 -0.136500
v -0.125731 0.008402 -0.075115
v -0.125974 0.009517 -0.136500
v -0.125974 0.009053 -0.136964
v -0.121438 0.004517 -0.141500
v -0.120973 0.009517 -0.053500
v -0.120973 0.004517 -0.048500
v -0.125974 0.009517 -0.053500
v -0.125974 0.009053 -0.053036
v -0.121438 0.004517 -0.048500
v -0.128674 0.008517 -0.055000
v -0.128674 0.003517 -0.055000
v -0.128674 0.008517 -0.135000
v -0.128674 0.003517 -0.135000
v -0.129473 0.008517 -0.055000
v -0.129473 0.003517 -0.055000
v -0.129473 0.008517 -0.135000
v -0.129473 0.003517 -0.135000
v -0.123216 0.008002 -0.125115
v -0.125731 0.008002 -0.125115
v -0.125731 0.008002 -0.114885
v -0.123216 0.008002 -0.114885
v -0.123216 0.008002 -0.064885
v -0.125731 0.008002 -0.064885
v -0.125731 0.008002 -0.075115
v -0.123216 0.008002 -0.075115
v -0.126973 0.010617 -0.055000
v -0.126973 0.010617 -0.135000
v -0.123215 0.010617 -0.064859
v -0.125732 0.010617 -0.064859
v -0.123215 0.010617 -0.125141
v -0.125732 0.010617 -0.125141
v -0.121973 0.010617 -0.055000
v -0.121973 0.010617 -0.135000
v -0.125732 0.010617 -0.075141
v -0.125732 0.010617 -0.114859
v -0.123215 0.010617 -0.075141
v -0.123215 0.010617 -0.114859
v -0.121973 0.011017 -0.055000
v -0.125732 0.011017 -0.067518
v -0.125732 0.011017 -0.064859
v -0.125732 0.011017 -0.067518
v -0.126973 0.011017 -0.055000
v -0.125732 0.011017 -0.064859
v -0.123215 0.011017 -0.075141
v -0.123215 0.011017 -0.075141
v -0.123215 0.011017 -0.064859
v -0.123215 0.011017 -0.064859
v -0.125732 0.011017 -0.075141
v -0.125732 0.011017 -0.075141
v -0.123215 0.011017 -0.114859
v -0.123215 0.011017 -0.125141
v -0.123215 0.011017 -0.125141
v -0.123215 0.011017 -0.114859
v -0.125732 0.011017 -0.114859
v -0.125732 0.011017 -0.114859
v -0.125732 0.011017 -0.122482
v -0.125732 0.011017 -0.122482
v -0.121973 0.011017 -0.135000
v -0.126973 0.011017 -0.135000
v -0.125732 0.011017 -0.125141
v -0.125732 0.011017 -0.125141
v -0.112481 0.011174 0.134155
v -0.107481 0.011174 0.134155
v -0.107356 0.008799 0.132030
v -0.112481 0.011174 0.054155
v -0.112606 0.008799 0.132030
v -0.107481 0.011174 0.054155
v -0.107481 0.011174 0.054155
v -0.112481 0.011174 0.054155
v -0.107356 0.003549 0.132030
v -0.107481 0.010444 0.134155
v -0.107481 0.010444 0.054155
v -0.112606 0.003549 0.132030
v -0.112481 0.010444 0.054155
v -0.112481 0.010444 0.134155
v -0.107481 0.011074 0.134155
v -0.107481 0.011074 0.054155
v -0.112481 0.011074 0.054155
v -0.112481 0.011074 0.134155
v -0.114981 0.008674 0.054155
v -0.114981 0.003674 0.054155
v -0.114981 0.008674 0.134155
v -0.114981 0.003674 0.134155
v -0.113981 0.003674 0.054155
v -0.113981 0.003674 0.134155
v -0.113981 0.008674 0.054155
v -0.113981 0.008674 0.134155
v -0.111606 0.009311 0.052292
v -0.106844 0.004549 0.047530
v -0.106356 0.004549 0.047530
v -0.106356 0.009799 0.052780
v -0.111606 0.009799 0.052780
v -0.108356 0.002549 0.047530
v -0.108356 0.003036 0.047530
v -0.113606 0.002549 0.052780
v -0.113606 0.007799 0.052780
v -0.113118 0.007799 0.052292
v -0.114981 0.011174 0.134155
v -0.114981 0.001174 0.134155
v -0.114981 0.001174 0.054155
v -0.114981 0.011174 0.054155
v -0.114981 0.011174 0.074155
v -0.104981 0.011174 0.054155
v -0.104981 0.011174 0.134155
v -0.104981 0.001174 0.044155
v -0.114981 0.011174 0.084155
v -0.104981 0.001174 0.144155
v -0.113118 0.007799 0.057405
v -0.108356 0.003036 0.057405
v -0.106844 0.004549 0.057405
v -0.112481 0.011174 0.134155
v -0.111606 0.009311 0.057405
v -0.113606 0.007799 0.057405
v -0.111606 0.009799 0.057405
v -0.107481 0.011174 0.134155
v -0.113606 0.002549 0.057405
v -0.106356 0.009799 0.057405
v -0.108356 0.002549 0.057405
v -0.106356 0.004549 0.057405
v -0.107356 0.008799 0.136530
v -0.107356 0.003549 0.141780
v -0.112606 0.008799 0.136530
v -0.112606 0.003549 0.136530
v -0.082625 0.008767 0.131818
v -0.077500 0.011142 0.133943
v -0.082500 0.011142 0.133943
v -0.082625 0.003517 0.131818
v -0.077500 0.011142 0.053943
v -0.082500 0.011142 0.053943
v -0.077375 0.008767 0.131818
v -0.077500 0.010143 0.053943
v -0.077500 0.010143 0.133943
v -0.077375 0.003517 0.131818
v -0.082500 0.010143 0.053943
v -0.082500 0.010143 0.133943
v -0.085000 0.008642 0.053943
v -0.085000 0.003642 0.053943
v -0.085000 0.008642 0.133943
v -0.085000 0.003642 0.133943
v -0.084000 0.008642 0.053943
v -0.084000 0.008642 0.133943
v -0.084000 0.003642 0.053943
v -0.084000 0.003642 0.133943
v -0.083137 0.007767 0.052080
v -0.078375 0.002517 0.047318
v -0.078375 0.003005 0.047318
v -0.083625 0.002517 0.052568
v -0.083625 0.007767 0.052568
v -0.076863 0.004517 0.047318
v -0.076375 0.009767 0.052568
v -0.076375 0.004517 0.047318
v -0.081625 0.009280 0.052080
v -0.081625 0.009767 0.052568
v -0.085000 0.011142 0.133943
v -0.075000 0.011142 0.053943
v -0.075000 0.011142 0.133943
v -0.085000 0.011142 0.053943
v -0.085000 0.001142 0.133943
v -0.085000 0.001142 0.053943
v -0.075000 0.001142 0.043943
v -0.085000 0.011142 0.083943
v -0.075000 0.001142 0.143943
v -0.076863 0.004517 0.057193
v -0.081625 0.009280 0.057193
v -0.083137 0.007767 0.057193
v -0.076375 0.004517 0.057193
v -0.078375 0.003005 0.057193
v -0.078375 0.002517 0.057193
v -0.076375 0.009767 0.057193
v -0.083625 0.002517 0.057193
v -0.081625 0.009767 0.057193
v -0.083625 0.007767 0.057193
v -0.082625 0.008767 0.136318
v -0.077375 0.003517 0.141568
v -0.077375 0.008767 0.136318
v -0.082625 0.003517 0.136318
v -0.097625 0.008767 0.131818
v -0.092500 0.011142 0.053943
v -0.097500 0.011142 0.053943
v -0.097625 0.003517 0.131818
v -0.092500 0.011142 0.133943
v -0.092375 0.008767 0.131818
v -0.097500 0.011142 0.133943
v -0.097500 0.010143 0.053943
v -0.097500 0.010143 0.133943
v -0.092375 0.003517 0.131818
v -0.092500 0.010143 0.053943
v -0.092500 0.010143 0.133943
v -0.090000 0.003642 0.133943
v -0.090000 0.008642 0.133943
v -0.090000 0.003642 0.053943
v -0.090000 0.008642 0.053943
v -0.091000 0.003642 0.053943
v -0.091000 0.003642 0.133943
v -0.091000 0.008642 0.053943
v -0.091000 0.008642 0.133943
v -0.098137 0.004517 0.047318
v -0.093375 0.009280 0.052080
v -0.093375 0.009767 0.052568
v -0.098625 0.009767 0.052568
v -0.098625 0.004517 0.047318
v -0.091375 0.007767 0.052568
v -0.091863 0.007767 0.052080
v -0.091375 0.002517 0.052568
v -0.096625 0.002517 0.047318
v -0.096625 0.003005 0.047318
v -0.090000 0.011142 0.133943
v -0.090000 0.001142 0.053943
v -0.090000 0.001142 0.133943
v -0.090000 0.011142 0.053943
v -0.100000 0.011142 0.133943
v -0.100000 0.011142 0.053943
v -0.100000 0.001142 0.043943
v -0.090000 0.011142 0.083943
v -0.100000 0.001142 0.143943
v -0.096625 0.003005 0.057193
v -0.091863 0.007767 0.057193
v -0.093375 0.009280 0.057193
v -0.098137 0.004517 0.057193
v -0.096625 0.002517 0.057193
v -0.098625 0.004517 0.057193
v -0.091375 0.002517 0.057193
v -0.098625 0.009767 0.057193
v -0.091375 0.007767 0.057193
v -0.093375 0.009767 0.057193
v -0.092375 0.008767 0.136318
v -0.097625 0.003517 0.141568
v -0.092375 0.003517 0.136318
v -0.097625 0.008767 0.136318
v -0.120000 0.003655 0.054047
v -0.126625 0.002530 0.130797
v -0.127625 0.003530 0.056172
v -0.120000 0.008655 0.054047
v -0.128625 0.004530 0.130797
v -0.127625 0.008780 0.056172
v -0.121375 0.002530 0.130797
v -0.128625 0.009780 0.130797
v -0.122375 0.003530 0.056172
v -0.130000 0.001155 0.044047
v -0.122375 0.008780 0.056172
v -0.121375 0.007780 0.130797
v -0.126625 0.003017 0.130797
v -0.123375 0.009780 0.130797
v -0.121863 0.007780 0.130797
v -0.120000 0.011155 0.104047
v -0.123375 0.009292 0.130797
v -0.130000 0.001155 0.144047
v -0.128137 0.004530 0.130797
v -0.130000 0.011155 0.054047
v -0.130000 0.011155 0.134047
v -0.120000 0.011155 0.134047
v -0.120000 0.001155 0.134047
v -0.120000 0.001155 0.054047
v -0.120000 0.011155 0.054047
v -0.128625 0.004530 0.140672
v -0.128625 0.009780 0.135422
v -0.123375 0.009292 0.135910
v -0.123375 0.009780 0.135422
v -0.128137 0.004530 0.140672
v -0.126625 0.002530 0.140672
v -0.126625 0.003017 0.140672
v -0.121375 0.007780 0.135422
v -0.121375 0.002530 0.135422
v -0.121863 0.007780 0.135910
v -0.122500 0.010155 0.054047
v -0.122500 0.010155 0.134047
v -0.127500 0.010155 0.134047
v -0.127500 0.010155 0.054047
v -0.127500 0.011155 0.134047
v -0.122500 0.011155 0.134047
v -0.127500 0.011155 0.054047
v -0.122500 0.011155 0.054047
v -0.120100 0.003655 0.054047
v -0.120100 0.003655 0.134047
v -0.120100 0.008655 0.054047
v -0.120100 0.008655 0.134047
v -0.120730 0.003655 0.054047
v -0.120730 0.003655 0.134047
v -0.120730 0.008655 0.054047
v -0.120730 0.008655 0.134047
v -0.120000 0.008655 0.054047
v -0.120000 0.003655 0.054047
v -0.120000 0.003655 0.134047
v -0.120000 0.008655 0.134047
v -0.120000 0.003655 0.134047
v -0.120000 0.008655 0.134047
v -0.127625 0.003530 0.046422
v -0.122375 0.008780 0.051672
v -0.127625 0.008780 0.051672
v -0.122375 0.003530 0.051672
v 0.055000 0.007500 0.040000
v 0.052500 0.006250 0.030000
v 0.052500 0.006250 -0.020000
v 0.137500 0.006250 0.030000
v 0.137500 0.006250 -0.020000
v 0.052500 0.003750 0.030000
v 0.109150 0.012510 -0.011000
v 0.052500 0.006250 0.020000
v 0.052500 0.003750 -0.020000
v 0.137500 0.003750 0.030000
v 0.137500 0.003750 -0.020000
v 0.052500 0.003750 0.020000
v 0.052500 0.006250 -0.030000
v 0.108485 0.005000 0.010644
v 0.052500 0.003750 -0.030000
v 0.137500 0.006250 0.020000
v 0.105500 0.005000 -0.006500
v 0.108994 0.012510 -0.010985
v 0.137500 0.003750 0.020000
v 0.137500 0.006250 -0.030000
v 0.108411 0.005000 0.010506
v 0.135000 0.007500 0.040000
v 0.137500 0.003750 -0.030000
v 0.108844 0.012510 -0.010939
v 0.105500 0.005000 0.006500
v 0.108365 0.005000 0.010044
v 0.108706 0.012510 -0.010865
v 0.112500 0.005000 -0.006500
v 0.108584 0.012510 -0.010766
v 0.112500 0.005000 0.006500
v 0.109456 0.005000 0.010939
v 0.108485 0.012510 -0.010644
v 0.055000 0.007500 -0.040000
v 0.105500 0.002500 0.013500
v 0.108411 0.012510 -0.010506
v 0.109594 0.005000 0.010865
v 0.112500 0.002500 0.013500
v 0.108365 0.012510 -0.010356
v 0.135000 0.007500 -0.040000
v 0.109716 0.005000 0.010766
v 0.108350 0.012510 -0.010200
v 0.055000 0.002500 0.040000
v 0.105500 0.002500 0.006500
v 0.108584 0.005000 0.010766
v 0.108365 0.012510 -0.010044
v 0.112500 0.002500 0.006500
v 0.105500 0.002500 -0.006500
v 0.108411 0.012510 -0.009894
v 0.108994 0.005000 0.010985
v 0.108485 0.012510 -0.009756
v 0.084777 0.004778 0.013000
v 0.112500 0.002500 -0.006500
v 0.108584 0.012510 -0.009634
v 0.109306 0.005000 0.009415
v 0.135000 0.002500 0.040000
v 0.108706 0.012510 -0.009535
v 0.105500 0.002500 -0.013500
v 0.109150 0.005000 0.009400
v 0.055000 0.002500 -0.040000
v 0.108844 0.012510 -0.009461
v 0.112500 0.002500 -0.013500
v 0.108994 0.012510 -0.009415
v 0.109594 0.005000 0.009535
v 0.135000 0.002500 -0.040000
v 0.109150 0.012510 -0.009400
v 0.084777 0.004778 -0.013500
v 0.111700 0.007500 -0.016000
v 0.109950 0.005000 0.010200
v 0.109306 0.012510 -0.009415
v 0.078300 0.007500 -0.016000
v 0.079723 0.004778 -0.013500
v 0.109456 0.012510 -0.009461
v 0.109935 0.005000 0.010044
v 0.109594 0.012510 -0.009535
v 0.062000 0.007500 -0.037500
v 0.109935 0.012510 0.010044
v 0.109716 0.012510 -0.009634
v 0.128000 0.007500 -0.037500
v 0.079723 0.004778 0.013000
v 0.111700 0.002500 -0.016000
v 0.109815 0.012510 -0.009756
v 0.109889 0.005000 0.010506
v 0.062000 0.002500 -0.037500
v 0.109889 0.012510 -0.009894
v 0.109935 0.005000 0.010356
v 0.128000 0.002500 -0.037500
v 0.109935 0.012510 -0.010044
v 0.078300 0.002500 -0.016000
v 0.109950 0.012510 -0.010200
v 0.057500 0.007500 -0.035000
v 0.109456 0.012510 0.009461
v 0.109935 0.012510 -0.010356
v 0.075000 0.007500 -0.010000
v 0.109594 0.012510 0.009535
v 0.057500 0.007500 0.035000
v 0.109889 0.012510 -0.010506
v 0.075000 0.007500 0.010000
v 0.109716 0.005000 0.009634
v 0.109815 0.012510 -0.010644
v 0.057500 0.002500 -0.035000
v 0.109716 0.012510 -0.010766
v 0.075000 0.002500 -0.010000
v 0.057500 0.002500 0.035000
v 0.109815 0.005000 0.009756
v 0.109594 0.012510 -0.010865
v 0.075000 0.002500 0.010000
v 0.109456 0.012510 -0.010939
v 0.132500 0.007500 -0.035000
v 0.109889 0.012510 0.010506
v 0.115000 0.007500 -0.010000
v 0.109306 0.012510 -0.010985
v 0.132500 0.007500 0.035000
v 0.109815 0.012510 0.010644
v 0.115000 0.007500 0.010000
v 0.132500 0.002500 -0.035000
v 0.109716 0.012510 0.010766
v 0.115000 0.002500 -0.010000
v 0.132500 0.002500 0.035000
v 0.109150 0.012510 0.011000
v 0.115000 0.002500 0.010000
v 0.111700 0.007500 0.016000
v 0.108994 0.012510 0.010985
v 0.128000 0.007500 0.037500
v 0.062000 0.007500 0.037500
v 0.108994 0.005000 0.009415
v 0.078300 0.007500 0.016000
v 0.062000 0.002500 0.037500
v 0.108706 0.012510 0.010865
v 0.128000 0.002500 0.037500
v 0.078300 0.002500 0.016000
v 0.108584 0.012510 0.010766
v 0.111700 0.002500 0.016000
v 0.112500 0.007500 0.013000
v 0.108350 0.012510 0.010200
v 0.079723 0.007500 0.016000
v 0.084777 0.007500 0.016000
v 0.108365 0.012510 0.010044
v 0.079723 0.007500 0.013000
v 0.084777 0.007500 0.013000
v 0.108844 0.012510 0.009461
v 0.077500 0.007500 0.013000
v 0.077500 0.007500 -0.006237
v 0.108994 0.012510 0.009415
v 0.075000 0.007500 -0.006237
v 0.075000 0.007500 0.006237
v 0.077500 0.007500 0.006237
v 0.112500 0.007500 -0.013500
v 0.084777 0.007500 -0.013500
v 0.079723 0.007500 -0.016000
v 0.084777 0.007500 -0.016000
v 0.077500 0.007500 -0.013500
v 0.079723 0.007500 -0.013500
v 0.077500 0.002500 0.013000
v 0.075000 0.002500 -0.006237
v 0.075000 0.002500 0.006237
v 0.097995 0.002500 0.013000
v 0.112500 0.002500 0.013000
v 0.077500 0.002500 0.006237
v 0.077500 0.002500 -0.013500
v 0.077500 0.002500 -0.006237
v 0.078663 0.002500 0.013000
v 0.078663 0.002500 -0.013500
v 0.097995 0.002500 -0.013500
v 0.112500 0.002500 -0.013500
v 0.084777 0.004778 -0.016000
v 0.079723 0.004778 -0.016000
v 0.084777 0.004778 0.016000
v 0.079723 0.004778 0.016000
v 0.105500 0.002500 -0.013500
v 0.112500 0.002500 -0.013500
v 0.105500 0.002500 -0.013500
v 0.112500 0.002500 -0.013500
v 0.105500 0.005000 -0.013500
v 0.112500 0.005000 -0.013500
v 0.105500 0.002500 0.013500
v 0.105500 0.002500 0.013000
v 0.112500 0.002500 0.013500
v 0.112500 0.002500 0.006500
v 0.105500 0.005000 0.013000
v 0.112500 0.005000 0.013000
v 0.109935 0.005000 0.010356
v 0.109889 0.005000 0.010506
v 0.109935 0.005000 0.010044
v 0.109815 0.005000 0.009756
v 0.109889 0.005000 0.009894
v 0.109950 0.005000 0.010200
v 0.108844 0.005000 0.009461
v 0.109594 0.005000 0.009535
v 0.109150 0.005000 0.009400
v 0.108994 0.005000 0.009415
v 0.109306 0.005000 0.009415
v 0.109456 0.005000 0.009461
v 0.109716 0.005000 0.009634
v 0.109150 0.005000 0.011000
v 0.108844 0.005000 0.010939
v 0.108994 0.005000 0.010985
v 0.109306 0.005000 0.010985
v 0.108584 0.005000 0.010766
v 0.109716 0.005000 0.010766
v 0.108706 0.005000 0.010865
v 0.109594 0.005000 0.010865
v 0.109456 0.005000 0.010939
v 0.108365 0.005000 0.010356
v 0.108350 0.005000 0.010200
v 0.108411 0.005000 0.010506
v 0.108485 0.005000 0.009756
v 0.108411 0.005000 0.009894
v 0.108584 0.005000 0.009634
v 0.108706 0.005000 0.009535
v 0.108365 0.005000 0.010044
v 0.108485 0.005000 0.010644
v 0.109815 0.005000 0.010644
v 0.109150 0.005000 -0.009400
v 0.109306 0.005000 -0.009415
v 0.108994 0.005000 -0.009415
v 0.108706 0.005000 -0.009535
v 0.109594 0.005000 -0.009535
v 0.108844 0.005000 -0.009461
v 0.109456 0.005000 -0.009461
v 0.109815 0.005000 -0.009756
v 0.109935 0.005000 -0.010044
v 0.109889 0.005000 -0.009894
v 0.109935 0.005000 -0.010356
v 0.109815 0.005000 -0.010644
v 0.109889 0.005000 -0.010506
v 0.109950 0.005000 -0.010200
v 0.109716 0.005000 -0.009634
v 0.108584 0.005000 -0.009634
v 0.108411 0.005000 -0.009894
v 0.108365 0.005000 -0.010044
v 0.108485 0.005000 -0.009756
v 0.108365 0.005000 -0.010356
v 0.108350 0.005000 -0.010200
v 0.108485 0.005000 -0.010644
v 0.108411 0.005000 -0.010506
v 0.108706 0.005000 -0.010865
v 0.109594 0.005000 -0.010865
v 0.109150 0.005000 -0.011000
v 0.108994 0.005000 -0.010985
v 0.109306 0.005000 -0.010985
v 0.109456 0.005000 -0.010939
v 0.108584 0.005000 -0.010766
v 0.108844 0.005000 -0.010939
v 0.109716 0.005000 -0.010766
v 0.135000 0.006250 -0.020000
v 0.135000 0.006250 -0.030000
v 0.135000 0.003750 -0.030000
v 0.135000 0.003750 -0.020000
v 0.135000 0.003750 0.020000
v 0.135000 0.006250 0.020000
v 0.135000 0.006250 0.030000
v 0.135000 0.003750 0.030000
v 0.055000 0.006250 -0.030000
v 0.055000 0.003750 -0.020000
v 0.055000 0.003750 -0.030000
v 0.055000 0.006250 -0.020000
v 0.055000 0.006250 0.030000
v 0.055000 0.006250 0.020000
v 0.055000 0.003750 0.020000
v 0.055000 0.003750 0.030000
v 0.109935 0.005000 0.010356
v 0.109889 0.005000 0.010506
v 0.109935 0.005000 0.010044
v 0.109815 0.005000 0.009756
v 0.109889 0.005000 0.009894
v 0.109950 0.005000 0.010200
v 0.108844 0.005000 0.009461
v 0.109594 0.005000 0.009535
v 0.109150 0.005000 0.009400
v 0.108994 0.005000 0.009415
v 0.109306 0.005000 0.009415
v 0.109456 0.005000 0.009461
v 0.109716 0.005000 0.009634
v 0.109150 0.005000 0.011000
v 0.108844 0.005000 0.010939
v 0.108994 0.005000 0.010985
v 0.109306 0.005000 0.010985
v 0.108584 0.005000 0.010766
v 0.109716 0.005000 0.010766
v 0.108706 0.005000 0.010865
v 0.109594 0.005000 0.010865
v 0.109456 0.005000 0.010939
v 0.108365 0.005000 0.010356
v 0.108350 0.005000 0.010200
v 0.108411 0.005000 0.010506
v 0.108485 0.005000 0.009756
v 0.108411 0.005000 0.009894
v 0.108584 0.005000 0.009634
v 0.108706 0.005000 0.009535
v 0.108365 0.005000 0.010044
v 0.108485 0.005000 0.010644
v 0.109815 0.005000 0.010644
v 0.109815 0.005000 0.010644
v 0.109150 0.012510 0.009400
v 0.108706 0.012510 0.009535
v 0.108365 0.012510 0.010356
v 0.109456 0.005000 0.009461
v 0.108411 0.012510 0.010506
v 0.108844 0.012510 0.010939
v 0.109306 0.012510 0.010985
v 0.109456 0.012510 0.010939
v 0.109594 0.012510 0.010865
v 0.109950 0.012510 0.010200
v 0.109716 0.012510 0.009634
v 0.109306 0.012510 0.009415
v 0.108844 0.005000 0.009461
v 0.108844 0.005000 0.010939
v 0.109150 0.005000 0.011000
v 0.109306 0.005000 0.010985
v 0.108706 0.005000 0.010865
v 0.108365 0.005000 0.010356
v 0.108350 0.005000 0.010200
v 0.108485 0.005000 0.009756
v 0.108411 0.005000 0.009894
v 0.108584 0.005000 0.009634
v 0.108584 0.012510 0.009634
v 0.108485 0.012510 0.010644
v 0.109889 0.012510 0.009894
v 0.109935 0.012510 0.010356
v 0.109815 0.012510 0.009756
v 0.109889 0.005000 0.009894
v 0.108706 0.005000 0.009535
v 0.108485 0.012510 0.009756
v 0.108411 0.012510 0.009894
v 0.109935 0.012510 0.010044
v 0.109456 0.012510 0.009461
v 0.109594 0.012510 0.009535
v 0.109889 0.012510 0.010506
v 0.109815 0.012510 0.010644
v 0.109716 0.012510 0.010766
v 0.109150 0.012510 0.011000
v 0.108994 0.012510 0.010985
v 0.108706 0.012510 0.010865
v 0.108584 0.012510 0.010766
v 0.108350 0.012510 0.010200
v 0.108365 0.012510 0.010044
v 0.108844 0.012510 0.009461
v 0.108994 0.012510 0.009415
v 0.109150 0.012510 0.009400
v 0.108706 0.012510 0.009535
v 0.108365 0.012510 0.010356
v 0.108411 0.012510 0.010506
v 0.108844 0.012510 0.010939
v 0.109306 0.012510 0.010985
v 0.109456 0.012510 0.010939
v 0.109594 0.012510 0.010865
v 0.109950 0.012510 0.010200
v 0.109716 0.012510 0.009634
v 0.109306 0.012510 0.009415
v 0.108584 0.012510 0.009634
v 0.108485 0.012510 0.010644
v 0.109889 0.012510 0.009894
v 0.109935 0.012510 0.010356
v 0.109815 0.012510 0.009756
v 0.108485 0.012510 0.009756
v 0.108411 0.012510 0.009894
v 0.067500 0.006400 0.007700
v 0.067500 0.003900 0.007700
v 0.067012 0.006400 0.007748
v 0.067012 0.003900 0.007748
v 0.066543 0.006400 0.007890
v 0.066543 0.003900 0.007890
v 0.066111 0.006400 0.008121
v 0.066111 0.003900 0.008121
v 0.065732 0.006400 0.008432
v 0.065732 0.003900 0.008432
v 0.065421 0.006400 0.008811
v 0.065421 0.003900 0.008811
v 0.065190 0.006400 0.009243
v 0.065190 0.003900 0.009243
v 0.065048 0.006400 0.009712
v 0.065048 0.003900 0.009712
v 0.065000 0.006400 0.010200
v 0.065000 0.003900 0.010200
v 0.065048 0.006400 0.010688
v 0.065048 0.003900 0.010688
v 0.065190 0.006400 0.011157
v 0.065190 0.003900 0.011157
v 0.065421 0.006400 0.011589
v 0.065421 0.003900 0.011589
v 0.065732 0.006400 0.011968
v 0.065732 0.003900 0.011968
v 0.066111 0.006400 0.012279
v 0.066111 0.003900 0.012279
v 0.066543 0.006400 0.012510
v 0.066543 0.003900 0.012510
v 0.067012 0.006400 0.012652
v 0.067012 0.003900 0.012652
v 0.067500 0.006400 0.012700
v 0.067500 0.003900 0.012700
v 0.067988 0.006400 0.012652
v 0.067988 0.003900 0.012652
v 0.068457 0.006400 0.012510
v 0.068457 0.003900 0.012510
v 0.068889 0.006400 0.012279
v 0.068889 0.003900 0.012279
v 0.069268 0.006400 0.011968
v 0.069268 0.003900 0.011968
v 0.069579 0.006400 0.011589
v 0.069579 0.003900 0.011589
v 0.069810 0.006400 0.011157
v 0.069810 0.003900 0.011157
v 0.069952 0.006400 0.010688
v 0.069952 0.003900 0.010688
v 0.070000 0.006400 0.010200
v 0.070000 0.003900 0.010200
v 0.069952 0.006400 0.009712
v 0.069952 0.003900 0.009712
v 0.069810 0.006400 0.009243
v 0.069810 0.003900 0.009243
v 0.069579 0.006400 0.008811
v 0.069579 0.003900 0.008811
v 0.069268 0.006400 0.008432
v 0.069268 0.003900 0.008432
v 0.068889 0.006400 0.008121
v 0.068889 0.003900 0.008121
v 0.068457 0.006400 0.007890
v 0.068457 0.003900 0.007890
v 0.067988 0.006400 0.007748
v 0.067988 0.003900 0.007748
v 0.068300 0.003900 0.010200
v 0.068285 0.003900 0.010044
v 0.068285 0.003900 0.010356
v 0.068165 0.003900 0.010644
v 0.068165 0.003900 0.009756
v 0.068066 0.003900 0.010766
v 0.068239 0.003900 0.010506
v 0.068239 0.003900 0.009894
v 0.067944 0.003900 0.010865
v 0.067944 0.003900 0.009535
v 0.067656 0.003900 0.009415
v 0.067344 0.003900 0.009415
v 0.067500 0.003900 0.009400
v 0.067806 0.003900 0.009461
v 0.068066 0.003900 0.009634
v 0.067806 0.003900 0.010939
v 0.067500 0.003900 0.011000
v 0.067344 0.003900 0.010985
v 0.067656 0.003900 0.010985
v 0.067194 0.003900 0.010939
v 0.067056 0.003900 0.009535
v 0.067056 0.003900 0.010865
v 0.067194 0.003900 0.009461
v 0.066835 0.003900 0.010644
v 0.066835 0.003900 0.009756
v 0.066700 0.003900 0.010200
v 0.066715 0.003900 0.010356
v 0.066715 0.003900 0.010044
v 0.066761 0.003900 0.009894
v 0.066934 0.003900 0.010766
v 0.066761 0.003900 0.010506
v 0.066934 0.003900 0.009634
v 0.067656 0.006400 0.009415
v 0.067500 0.006400 0.009400
v 0.067344 0.006400 0.009415
v 0.067194 0.006400 0.010939
v 0.067056 0.006400 0.010865
v 0.067194 0.006400 0.009461
v 0.067344 0.006400 0.010985
v 0.067056 0.006400 0.009535
v 0.066835 0.006400 0.009756
v 0.066835 0.006400 0.010644
v 0.066934 0.006400 0.009634
v 0.066700 0.006400 0.010200
v 0.066715 0.006400 0.010044
v 0.066761 0.006400 0.010506
v 0.066715 0.006400 0.010356
v 0.066761 0.006400 0.009894
v 0.066934 0.006400 0.010766
v 0.068300 0.006400 0.010200
v 0.068239 0.006400 0.010506
v 0.068285 0.006400 0.010356
v 0.068285 0.006400 0.010044
v 0.068165 0.006400 0.010644
v 0.068165 0.006400 0.009756
v 0.068066 0.006400 0.010766
v 0.068239 0.006400 0.009894
v 0.067944 0.006400 0.010865
v 0.067944 0.006400 0.009535
v 0.067806 0.006400 0.009461
v 0.067500 0.006400 0.011000
v 0.067656 0.006400 0.010985
v 0.067806 0.006400 0.010939
v 0.068066 0.006400 0.009634
v 0.067500 0.006400 -0.012700
v 0.067500 0.003900 -0.012700
v 0.067012 0.006400 -0.012652
v 0.067012 0.003900 -0.012652
v 0.066543 0.006400 -0.012510
v 0.066543 0.003900 -0.012510
v 0.066111 0.006400 -0.012279
v 0.066111 0.003900 -0.012279
v 0.065732 0.006400 -0.011968
v 0.065732 0.003900 -0.011968
v 0.065421 0.006400 -0.011589
v 0.065421 0.003900 -0.011589
v 0.065190 0.006400 -0.011157
v 0.065190 0.003900 -0.011157
v 0.065048 0.006400 -0.010688
v 0.065048 0.003900 -0.010688
v 0.065000 0.006400 -0.010200
v 0.065000 0.003900 -0.010200
v 0.065048 0.006400 -0.009712
v 0.065048 0.003900 -0.009712
v 0.065190 0.006400 -0.009243
v 0.065190 0.003900 -0.009243
v 0.065421 0.006400 -0.008811
v 0.065421 0.003900 -0.008811
v 0.065732 0.006400 -0.008432
v 0.065732 0.003900 -0.008432
v 0.066111 0.006400 -0.008121
v 0.066111 0.003900 -0.008121
v 0.066543 0.006400 -0.007890
v 0.066543 0.003900 -0.007890
v 0.067012 0.006400 -0.007748
v 0.067012 0.003900 -0.007748
v 0.067500 0.006400 -0.007700
v 0.067500 0.003900 -0.007700
v 0.067988 0.006400 -0.007748
v 0.067988 0.003900 -0.007748
v 0.068457 0.006400 -0.007890
v 0.068457 0.003900 -0.007890
v 0.068889 0.006400 -0.008121
v 0.068889 0.003900 -0.008121
v 0.069268 0.006400 -0.008432
v 0.069268 0.003900 -0.008432
v 0.069579 0.006400 -0.008811
v 0.069579 0.003900 -0.008811
v 0.069810 0.006400 -0.009243
v 0.069810 0.003900 -0.009243
v 0.069952 0.006400 -0.009712
v 0.069952 0.003900 -0.009712
v 0.070000 0.006400 -0.010200
v 0.070000 0.003900 -0.010200
v 0.069952 0.006400 -0.010688
v 0.069952 0.003900 -0.010688
v 0.069810 0.006400 -0.011157
v 0.069810 0.003900 -0.011157
v 0.069579 0.006400 -0.011589
v 0.069579 0.003900 -0.011589
v 0.069268 0.006400 -0.011968
v 0.069268 0.003900 -0.011968
v 0.068889 0.006400 -0.012279
v 0.068889 0.003900 -0.012279
v 0.068457 0.006400 -0.012510
v 0.068457 0.003900 -0.012510
v 0.067988 0.006400 -0.012652
v 0.067988 0.003900 -0.012652
v 0.068300 0.003900 -0.010200
v 0.068285 0.003900 -0.010356
v 0.068285 0.003900 -0.010044
v 0.068165 0.003900 -0.009756
v 0.068165 0.003900 -0.010644
v 0.068066 0.003900 -0.009634
v 0.068239 0.003900 -0.009894
v 0.068239 0.003900 -0.010506
v 0.067944 0.003900 -0.009535
v 0.067944 0.003900 -0.010865
v 0.067656 0.003900 -0.010985
v 0.067344 0.003900 -0.010985
v 0.067500 0.003900 -0.011000
v 0.067806 0.003900 -0.010939
v 0.068066 0.003900 -0.010766
v 0.067806 0.003900 -0.009461
v 0.067500 0.003900 -0.009400
v 0.067344 0.003900 -0.009415
v 0.067656 0.003900 -0.009415
v 0.067194 0.003900 -0.009461
v 0.067056 0.003900 -0.010865
v 0.067056 0.003900 -0.009535
v 0.067194 0.003900 -0.010939
v 0.066835 0.003900 -0.009756
v 0.066835 0.003900 -0.010644
v 0.066700 0.003900 -0.010200
v 0.066715 0.003900 -0.010044
v 0.066715 0.003900 -0.010356
v 0.066761 0.003900 -0.010506
v 0.066934 0.003900 -0.009634
v 0.066761 0.003900 -0.009894
v 0.066934 0.003900 -0.010766
v 0.067656 0.006400 -0.010985
v 0.067500 0.006400 -0.011000
v 0.067344 0.006400 -0.010985
v 0.067194 0.006400 -0.009461
v 0.067056 0.006400 -0.009535
v 0.067194 0.006400 -0.010939
v 0.067344 0.006400 -0.009415
v 0.067056 0.006400 -0.010865
v 0.066835 0.006400 -0.010644
v 0.066835 0.006400 -0.009756
v 0.066934 0.006400 -0.010766
v 0.066700 0.006400 -0.010200
v 0.066715 0.006400 -0.010356
v 0.066761 0.006400 -0.009894
v 0.066715 0.006400 -0.010044
v 0.066761 0.006400 -0.010506
v 0.066934 0.006400 -0.009634
v 0.068300 0.006400 -0.010200
v 0.068239 0.006400 -0.009894
v 0.068285 0.006400 -0.010044
v 0.068285 0.006400 -0.010356
v 0.068165 0.006400 -0.009756
v 0.068165 0.006400 -0.010644
v 0.068066 0.006400 -0.009634
v 0.068239 0.006400 -0.010506
v 0.067944 0.006400 -0.009535
v 0.067944 0.006400 -0.010865
v 0.067806 0.006400 -0.010939
v 0.067500 0.006400 -0.009400
v 0.067656 0.006400 -0.009415
v 0.067806 0.006400 -0.009461
v 0.068066 0.006400 -0.010766
v -0.040000 0.007500 -0.055000
v 0.020000 0.006250 -0.052500
v -0.030000 0.006250 -0.052500
v 0.020000 0.003750 -0.052500
v 0.008400 0.011500 -0.102220
v 0.020000 0.006250 -0.137500
v 0.030000 0.006250 -0.052500
v -0.030000 0.003750 -0.052500
v -0.030000 0.006250 -0.137500
v 0.020000 0.003750 -0.137500
v 0.030000 0.003750 -0.052500
v -0.020000 0.006250 -0.052500
v 0.006800 0.004500 -0.099500
v -0.040000 0.007500 -0.135000
v -0.020000 0.003750 -0.052500
v -0.030000 0.003750 -0.137500
v 0.030000 0.006250 -0.137500
v 0.008423 0.011500 -0.101986
v 0.006800 0.004500 -0.105000
v 0.030000 0.003750 -0.137500
v -0.020000 0.006250 -0.137500
v -0.040000 0.002500 -0.055000
v 0.008491 0.011500 -0.101761
v -0.020000 0.003750 -0.137500
v 0.006800 0.002500 -0.099500
v -0.040000 0.002500 -0.135000
v 0.008602 0.011500 -0.101553
v 0.006800 0.002500 -0.105000
v 0.008751 0.011500 -0.101371
v 0.040000 0.007500 -0.055000
v 0.040000 0.007500 -0.135000
v 0.008933 0.011500 -0.101222
v 0.040000 0.002500 -0.055000
v 0.012300 0.002500 -0.099500
v 0.009141 0.011500 -0.101111
v 0.040000 0.002500 -0.135000
v 0.012300 0.002500 -0.105000
v -0.010000 0.002500 -0.108000
v 0.009366 0.011500 -0.101043
v -0.035000 0.002500 -0.132500
v 0.010000 0.002500 -0.108000
v 0.009600 0.011500 -0.101020
v 0.035000 0.002500 -0.132500
v 0.009834 0.011500 -0.101043
v -0.010000 0.007500 -0.108000
v -0.035000 0.007500 -0.132500
v 0.010000 0.007500 -0.108000
v 0.010059 0.011500 -0.101111
v 0.035000 0.007500 -0.132500
v -0.037500 0.002500 -0.063000
v 0.010267 0.011500 -0.101222
v -0.037500 0.002500 -0.127000
v -0.014000 0.002500 -0.087000
v 0.010449 0.011500 -0.101371
v -0.014000 0.002500 -0.103000
v -0.037500 0.007500 -0.063000
v 0.010598 0.011500 -0.101553
v -0.037500 0.007500 -0.127000
v -0.014000 0.007500 -0.087000
v 0.010709 0.011500 -0.101761
v -0.014000 0.007500 -0.103000
v -0.035000 0.002500 -0.057500
v 0.010777 0.011500 -0.101986
v 0.035000 0.002500 -0.057500
v -0.010000 0.002500 -0.082000
v 0.010800 0.011500 -0.102220
v 0.010000 0.002500 -0.082000
v 0.010777 0.011500 -0.102454
v -0.010000 0.007500 -0.082000
v -0.035000 0.007500 -0.057500
v 0.035000 0.007500 -0.057500
v 0.010709 0.011500 -0.102679
v 0.010000 0.007500 -0.082000
v 0.014000 0.002500 -0.103000
v 0.010598 0.011500 -0.102887
v 0.037500 0.002500 -0.063000
v 0.037500 0.002500 -0.127000
v 0.010449 0.011500 -0.103069
v 0.015068 0.002500 -0.085909
v 0.014000 0.002500 -0.087000
v 0.010267 0.011500 -0.103218
v 0.037500 0.007500 -0.127000
v 0.015068 0.007500 -0.104091
v 0.010059 0.011500 -0.103329
v 0.014000 0.007500 -0.103000
v 0.037500 0.007500 -0.063000
v 0.009834 0.011500 -0.103397
v 0.014000 0.007500 -0.087000
v 0.012250 0.002500 -0.086635
v 0.009600 0.011500 -0.103420
v 0.012250 0.002500 -0.085000
v 0.012250 0.002500 -0.105000
v 0.009366 0.011500 -0.103397
v -0.012250 0.002500 -0.105000
v -0.012250 0.002500 -0.085000
v 0.009141 0.011500 -0.103329
v 0.012250 0.007500 -0.105000
v 0.012250 0.007500 -0.086921
v 0.008933 0.011500 -0.103218
v -0.012250 0.007500 -0.105000
v 0.012250 0.007500 -0.085000
v 0.008751 0.011500 -0.103069
v -0.012250 0.007500 -0.085000
v -0.012250 0.007500 -0.086635
v 0.008602 0.011500 -0.102887
v 0.012300 0.002500 -0.099500
v 0.012250 0.002500 -0.099500
v 0.008491 0.011500 -0.102679
v 0.012300 0.002500 -0.105000
v 0.006800 0.002500 -0.105000
v 0.008423 0.011500 -0.102454
v 0.012250 0.004500 -0.099500
v 0.012250 0.004500 -0.105000
v 0.008400 0.004500 -0.102220
v 0.008423 0.004500 -0.101986
v 0.008423 0.004500 -0.102454
v 0.008602 0.004500 -0.101553
v 0.008491 0.004500 -0.101761
v 0.008602 0.004500 -0.102887
v 0.008491 0.004500 -0.102679
v 0.009366 0.004500 -0.101043
v 0.009141 0.004500 -0.101111
v 0.008933 0.004500 -0.101222
v 0.009834 0.004500 -0.101043
v 0.010267 0.004500 -0.101222
v 0.010059 0.004500 -0.101111
v 0.009600 0.004500 -0.101020
v 0.008751 0.004500 -0.101371
v 0.008751 0.004500 -0.103069
v 0.009141 0.004500 -0.103329
v 0.008933 0.004500 -0.103218
v 0.009366 0.004500 -0.103397
v 0.009834 0.004500 -0.103397
v 0.009600 0.004500 -0.103420
v 0.010267 0.004500 -0.103218
v 0.010059 0.004500 -0.103329
v 0.010449 0.004500 -0.101371
v 0.010598 0.004500 -0.101553
v 0.010598 0.004500 -0.102887
v 0.010800 0.004500 -0.102220
v 0.010777 0.004500 -0.101986
v 0.010777 0.004500 -0.102454
v 0.010709 0.004500 -0.102679
v 0.010709 0.004500 -0.101761
v 0.010449 0.004500 -0.103069
v -0.030000 0.003750 -0.135000
v -0.030000 0.006250 -0.135000
v -0.020000 0.003750 -0.135000
v -0.020000 0.006250 -0.135000
v 0.020000 0.003750 -0.135000
v 0.020000 0.006250 -0.135000
v 0.030000 0.006250 -0.135000
v 0.030000 0.003750 -0.135000
v -0.020000 0.003750 -0.055000
v -0.030000 0.006250 -0.055000
v -0.030000 0.003750 -0.055000
v -0.020000 0.006250 -0.055000
v 0.020000 0.006250 -0.055000
v 0.020000 0.003750 -0.055000
v 0.030000 0.006250 -0.055000
v 0.030000 0.003750 -0.055000
v -0.000400 0.006470 -0.068500
v -0.000400 0.003970 -0.068500
v 0.000088 0.006470 -0.068548
v 0.000088 0.003970 -0.068548
v 0.000557 0.006470 -0.068690
v 0.000557 0.003970 -0.068690
v 0.000989 0.006470 -0.068921
v 0.000989 0.003970 -0.068921
v 0.001368 0.006470 -0.069232
v 0.001368 0.003970 -0.069232
v 0.001679 0.006470 -0.069611
v 0.001679 0.003970 -0.069611
v 0.001910 0.006470 -0.070043
v 0.001910 0.003970 -0.070043
v 0.002052 0.006470 -0.070512
v 0.002052 0.003970 -0.070512
v 0.002100 0.006470 -0.071000
v 0.002100 0.003970 -0.071000
v 0.002052 0.006470 -0.071488
v 0.002052 0.003970 -0.071488
v 0.001910 0.006470 -0.071957
v 0.001910 0.003970 -0.071957
v 0.001679 0.006470 -0.072389
v 0.001679 0.003970 -0.072389
v 0.001368 0.006470 -0.072768
v 0.001368 0.003970 -0.072768
v 0.000989 0.006470 -0.073079
v 0.000989 0.003970 -0.073079
v 0.000557 0.006470 -0.073310
v 0.000557 0.003970 -0.073310
v 0.000088 0.006470 -0.073452
v 0.000088 0.003970 -0.073452
v -0.000400 0.006470 -0.073500
v -0.000400 0.003970 -0.073500
v -0.000888 0.006470 -0.073452
v -0.000888 0.003970 -0.073452
v -0.001357 0.006470 -0.073310
v -0.001357 0.003970 -0.073310
v -0.001789 0.006470 -0.073079
v -0.001789 0.003970 -0.073079
v -0.002168 0.006470 -0.072768
v -0.002168 0.003970 -0.072768
v -0.002479 0.006470 -0.072389
v -0.002479 0.003970 -0.072389
v -0.002710 0.006470 -0.071957
v -0.002710 0.003970 -0.071957
v -0.002852 0.006470 -0.071488
v -0.002852 0.003970 -0.071488
v -0.002900 0.006470 -0.071000
v -0.002900 0.003970 -0.071000
v -0.002852 0.006470 -0.070512
v -0.002852 0.003970 -0.070512
v -0.002710 0.006470 -0.070043
v -0.002710 0.003970 -0.070043
v -0.002479 0.006470 -0.069611
v -0.002479 0.003970 -0.069611
v -0.002168 0.006470 -0.069232
v -0.002168 0.003970 -0.069232
v -0.001789 0.006470 -0.068921
v -0.001789 0.003970 -0.068921
v -0.001357 0.006470 -0.068690
v -0.001357 0.003970 -0.068690
v -0.000888 0.006470 -0.068548
v -0.000888 0.003970 -0.068548
v -0.001600 0.003970 -0.071000
v -0.001509 0.003970 -0.071459
v -0.001577 0.003970 -0.071234
v -0.001577 0.003970 -0.070766
v -0.001249 0.003970 -0.071849
v -0.001398 0.003970 -0.071667
v -0.001398 0.003970 -0.070333
v -0.001509 0.003970 -0.070541
v -0.001249 0.003970 -0.070151
v -0.000859 0.003970 -0.072109
v -0.001067 0.003970 -0.071998
v -0.001067 0.003970 -0.070002
v -0.000400 0.003970 -0.069800
v -0.000634 0.003970 -0.069823
v 0.000059 0.003970 -0.069891
v -0.000166 0.003970 -0.069823
v -0.000859 0.003970 -0.069891
v -0.000634 0.003970 -0.072177
v -0.000166 0.003970 -0.072177
v -0.000400 0.003970 -0.072200
v 0.000267 0.003970 -0.071998
v 0.000267 0.003970 -0.070002
v 0.000059 0.003970 -0.072109
v 0.000449 0.003970 -0.070151
v 0.000598 0.003970 -0.071667
v 0.000598 0.003970 -0.070333
v 0.000800 0.003970 -0.071000
v 0.000777 0.003970 -0.070766
v 0.000777 0.003970 -0.071234
v 0.000709 0.003970 -0.070541
v 0.000709 0.003970 -0.071459
v 0.000449 0.003970 -0.071849
v -0.000400 0.006470 -0.069800
v -0.000166 0.006470 -0.069823
v 0.000059 0.006470 -0.072109
v 0.000267 0.006470 -0.070002
v 0.000267 0.006470 -0.071998
v 0.000059 0.006470 -0.069891
v 0.000598 0.006470 -0.071667
v 0.000598 0.006470 -0.070333
v 0.000800 0.006470 -0.071000
v 0.000777 0.006470 -0.070766
v 0.000777 0.006470 -0.071234
v 0.000709 0.006470 -0.070541
v 0.000709 0.006470 -0.071459
v 0.000449 0.006470 -0.070151
v 0.000449 0.006470 -0.071849
v -0.001600 0.006470 -0.071000
v -0.001509 0.006470 -0.071459
v -0.001577 0.006470 -0.071234
v -0.001577 0.006470 -0.070766
v -0.001249 0.006470 -0.071849
v -0.001398 0.006470 -0.071667
v -0.001398 0.006470 -0.070333
v -0.001509 0.006470 -0.070541
v -0.000859 0.006470 -0.069891
v -0.000859 0.006470 -0.072109
v -0.001067 0.006470 -0.070002
v -0.000634 0.006470 -0.069823
v -0.000166 0.006470 -0.072177
v -0.000400 0.006470 -0.072200
v -0.000634 0.006470 -0.072177
v -0.001067 0.006470 -0.071998
v -0.001249 0.006470 -0.070151
v -0.040000 0.002500 0.055000
v 0.020000 0.003750 0.052500
v -0.030000 0.003750 0.052500
v 0.020000 0.003750 0.132500
v 0.020000 0.006250 0.052500
v 0.020000 0.003750 0.137500
v 0.030000 0.003750 0.052500
v -0.030000 0.006250 0.052500
v -0.030000 0.003750 0.132500
v 0.030000 0.006250 0.052500
v -0.030000 0.003750 0.137500
v -0.020000 0.003750 0.052500
v 0.020000 0.006250 0.132500
v 0.020000 0.006250 0.137500
v -0.020000 0.006250 0.052500
v 0.011650 0.015000 0.084000
v -0.011650 0.015000 0.084000
v 0.030000 0.003750 0.132500
v 0.030000 0.003750 0.137500
v -0.030000 0.006250 0.132500
v -0.030000 0.006250 0.137500
v 0.030000 0.006250 0.132500
v 0.011826 0.015000 0.083983
v 0.030000 0.006250 0.137500
v -0.020000 0.003750 0.132500
v 0.011650 0.015000 0.107900
v -0.011650 0.015000 0.107800
v -0.020000 0.003750 0.137500
v 0.011994 0.015000 0.083932
v -0.020000 0.006250 0.132500
v -0.011474 0.015000 0.083983
v -0.020000 0.006250 0.137500
v -0.040000 0.002500 0.135000
v 0.011845 0.015000 0.107881
v 0.012150 0.015000 0.083848
v -0.011306 0.015000 0.083932
v -0.040000 0.007500 0.055000
v 0.012286 0.015000 0.083736
v -0.011474 0.015000 0.107783
v 0.012398 0.015000 0.083600
v -0.011150 0.015000 0.083848
v 0.012033 0.015000 0.107824
v -0.040000 0.007500 0.135000
v 0.012481 0.015000 0.083444
v -0.011014 0.015000 0.083736
v 0.012206 0.015000 0.107732
v 0.012533 0.015000 0.083276
v 0.040000 0.002500 0.055000
v 0.012550 0.015000 0.083100
v -0.010902 0.015000 0.083600
v -0.011306 0.015000 0.107732
v 0.012533 0.015000 0.082924
v 0.012357 0.015000 0.107607
v -0.010819 0.015000 0.083444
v 0.040000 0.002500 0.135000
v 0.012481 0.015000 0.082756
v 0.040000 0.007500 0.055000
v 0.012398 0.015000 0.082600
v -0.010767 0.015000 0.083276
v 0.012481 0.015000 0.107456
v -0.011150 0.015000 0.107648
v 0.012286 0.015000 0.082464
v -0.010750 0.015000 0.083100
v 0.012150 0.015000 0.082352
v 0.040000 0.007500 0.135000
v -0.010767 0.015000 0.082924
v 0.012574 0.015000 0.107283
v 0.011994 0.015000 0.082269
v -0.033000 0.007500 0.057500
v 0.011826 0.015000 0.082217
v -0.011014 0.015000 0.107536
v -0.010819 0.015000 0.082756
v 0.011650 0.015000 0.082200
v 0.012631 0.015000 0.107095
v -0.008000 0.007500 0.082000
v 0.011474 0.015000 0.082217
v -0.010902 0.015000 0.082600
v 0.008000 0.007500 0.082000
v 0.011306 0.015000 0.082269
v -0.010902 0.015000 0.107400
v -0.011014 0.015000 0.082464
v 0.011150 0.015000 0.082352
v 0.012650 0.015000 0.106900
v 0.033000 0.007500 0.057500
v 0.011014 0.015000 0.082464
v -0.011150 0.015000 0.082352
v 0.012631 0.015000 0.106705
v 0.010902 0.015000 0.082600
v -0.033000 0.002500 0.057500
v -0.011306 0.015000 0.082269
v 0.010819 0.015000 0.082756
v -0.010819 0.015000 0.107244
v -0.011474 0.015000 0.082217
v -0.008000 0.002500 0.082000
v 0.010767 0.015000 0.082924
v 0.012574 0.015000 0.106517
v 0.010750 0.015000 0.083100
v -0.011650 0.015000 0.082200
v -0.010767 0.015000 0.107076
v 0.010767 0.015000 0.083276
v 0.008000 0.002500 0.082000
v -0.011826 0.015000 0.082217
v 0.012481 0.015000 0.106344
v 0.010819 0.015000 0.083444
v 0.033000 0.002500 0.057500
v 0.010902 0.015000 0.083600
v -0.011994 0.015000 0.082269
v 0.012357 0.015000 0.106193
v -0.010750 0.015000 0.106900
v 0.011014 0.015000 0.083736
v -0.008000 0.007500 0.108000
v -0.012150 0.015000 0.082352
v 0.011150 0.015000 0.083848
v -0.033000 0.007500 0.132500
v 0.011306 0.015000 0.083932
v -0.012286 0.015000 0.082464
v 0.012206 0.015000 0.106069
v 0.011474 0.015000 0.083983
v -0.010767 0.015000 0.106724
v -0.012398 0.015000 0.082600
v 0.012033 0.015000 0.105976
v 0.033000 0.007500 0.132500
v 0.008000 0.007500 0.108000
v -0.012481 0.015000 0.082756
v -0.010819 0.015000 0.106556
v 0.011845 0.015000 0.105919
v -0.012533 0.015000 0.082924
v -0.008000 0.002500 0.108000
v -0.012550 0.015000 0.083100
v -0.033000 0.002500 0.132500
v 0.011650 0.015000 0.105900
v -0.010902 0.015000 0.106400
v -0.012533 0.015000 0.083276
v 0.008000 0.002500 0.108000
v 0.011455 0.015000 0.105919
v -0.012481 0.015000 0.083444
v 0.033000 0.002500 0.132500
v -0.037500 0.007500 0.062000
v -0.012398 0.015000 0.083600
v 0.011267 0.015000 0.105976
v -0.011014 0.015000 0.106264
v -0.012286 0.015000 0.083736
v -0.037500 0.007500 0.128000
v 0.011094 0.015000 0.106069
v -0.012150 0.015000 0.083848
v -0.013000 0.007500 0.087000
v -0.011150 0.015000 0.106152
v -0.011994 0.015000 0.083932
v 0.010943 0.015000 0.106193
v -0.013000 0.007500 0.103000
v -0.011826 0.015000 0.083983
v -0.037500 0.002500 0.062000
v 0.010819 0.015000 0.106344
v -0.011306 0.015000 0.106069
v 0.010726 0.015000 0.106517
v -0.037500 0.002500 0.128000
v -0.011474 0.015000 0.106017
v -0.013000 0.002500 0.087000
v 0.010669 0.015000 0.106705
v -0.013000 0.002500 0.103000
v -0.011650 0.015000 0.106000
v 0.010650 0.015000 0.106900
v 0.013000 0.007500 0.103000
v 0.037500 0.007500 0.062000
v 0.010669 0.015000 0.107095
v 0.037500 0.007500 0.128000
v -0.011826 0.015000 0.106017
v 0.010726 0.015000 0.107283
v 0.013000 0.007500 0.087000
v -0.011994 0.015000 0.106069
v 0.010819 0.015000 0.107456
v 0.013000 0.002500 0.087000
v 0.037500 0.002500 0.062000
v 0.010943 0.015000 0.107607
v -0.012150 0.015000 0.106152
v 0.011094 0.015000 0.107732
v 0.037500 0.002500 0.128000
v 0.013000 0.002500 0.103000
v -0.012000 0.007500 0.086000
v 0.011267 0.015000 0.107824
v -0.012286 0.015000 0.106264
v 0.011455 0.015000 0.107881
v -0.012000 0.007500 0.086000
v -0.012000 0.007500 0.086000
v -0.012398 0.015000 0.106400
v 0.012000 0.007500 0.086000
v 0.012000 0.007500 0.086000
v -0.012481 0.015000 0.106556
v 0.012000 0.007500 0.086000
v -0.012000 0.007500 0.104000
v -0.012533 0.015000 0.106724
v 0.012000 0.007500 0.104000
v -0.012550 0.015000 0.106900
v -0.012000 0.002500 0.086000
v -0.012000 0.002500 0.086000
v -0.012000 0.002500 0.086000
v -0.012533 0.015000 0.107076
v 0.012000 0.002500 0.086000
v 0.012000 0.002500 0.086000
v -0.012481 0.015000 0.107244
v 0.012000 0.002500 0.086000
v 0.012000 0.002500 0.104000
v -0.012398 0.015000 0.107400
v -0.012000 0.002500 0.104000
v -0.012286 0.015000 0.107536
v -0.012150 0.015000 0.107648
v -0.011994 0.015000 0.107732
v -0.011826 0.015000 0.107783
v -0.012550 0.007500 0.106900
v -0.012533 0.007500 0.106724
v -0.012533 0.007500 0.107076
v -0.012398 0.007500 0.106400
v -0.012481 0.007500 0.107244
v -0.012481 0.007500 0.106556
v -0.012398 0.007500 0.107400
v -0.012150 0.007500 0.106152
v -0.012286 0.007500 0.107536
v -0.011826 0.007500 0.107783
v -0.011826 0.007500 0.106017
v -0.011994 0.007500 0.107732
v -0.011994 0.007500 0.106069
v -0.012150 0.007500 0.107648
v -0.012286 0.007500 0.106264
v -0.011474 0.007500 0.106017
v -0.011474 0.007500 0.107783
v -0.011150 0.007500 0.106152
v -0.011150 0.007500 0.107648
v -0.011306 0.007500 0.106069
v -0.011306 0.007500 0.107732
v -0.010902 0.007500 0.106400
v -0.010902 0.007500 0.107400
v -0.010750 0.007500 0.106900
v -0.010767 0.007500 0.107076
v -0.010767 0.007500 0.106724
v -0.010780 0.007500 0.107118
v -0.010819 0.007500 0.107244
v -0.010819 0.007500 0.106556
v -0.011014 0.007500 0.107536
v -0.011014 0.007500 0.106264
v -0.011650 0.007500 0.107800
v -0.011650 0.007500 0.106000
v 0.010650 0.007500 0.106900
v 0.010669 0.007500 0.106705
v 0.010712 0.007500 0.107236
v 0.010669 0.007500 0.107095
v 0.010819 0.007500 0.106344
v 0.010819 0.007500 0.107456
v 0.010726 0.007500 0.106517
v 0.010726 0.007500 0.107283
v 0.011094 0.007500 0.106069
v 0.011094 0.007500 0.107732
v 0.011455 0.007500 0.105919
v 0.011455 0.007500 0.107881
v 0.011267 0.007500 0.105976
v 0.011267 0.007500 0.107824
v 0.010943 0.007500 0.106193
v 0.010943 0.007500 0.107607
v 0.011845 0.007500 0.105919
v 0.011845 0.007500 0.107881
v 0.012206 0.007500 0.106069
v 0.012206 0.007500 0.107732
v 0.012033 0.007500 0.105976
v 0.012033 0.007500 0.107824
v 0.012481 0.007500 0.106344
v 0.012481 0.007500 0.107456
v 0.012650 0.007500 0.106900
v 0.012631 0.007500 0.106705
v 0.012631 0.007500 0.107095
v 0.012574 0.007500 0.106517
v 0.012574 0.007500 0.107283
v 0.012357 0.007500 0.106193
v 0.012357 0.007500 0.107607
v 0.011650 0.007500 0.107900
v 0.011650 0.007500 0.105900
v -0.012550 0.007500 0.083100
v -0.012533 0.007500 0.082924
v -0.012533 0.007500 0.083276
v -0.012398 0.007500 0.082600
v -0.012398 0.007500 0.083600
v -0.012481 0.007500 0.082756
v -0.012481 0.007500 0.083444
v -0.012150 0.007500 0.082352
v -0.012150 0.007500 0.083848
v -0.011826 0.007500 0.083983
v -0.011826 0.007500 0.082217
v -0.011994 0.007500 0.083932
v -0.011994 0.007500 0.082269
v -0.012286 0.007500 0.083736
v -0.012286 0.007500 0.082464
v -0.011474 0.007500 0.082217
v -0.011474 0.007500 0.083983
v -0.011150 0.007500 0.082352
v -0.011150 0.007500 0.083848
v -0.011306 0.007500 0.082269
v -0.011306 0.007500 0.083932
v -0.010902 0.007500 0.082600
v -0.010902 0.007500 0.083600
v -0.010750 0.007500 0.083100
v -0.010767 0.007500 0.083276
v -0.010767 0.007500 0.082924
v -0.010806 0.007500 0.082798
v -0.010819 0.007500 0.083444
v -0.010819 0.007500 0.082756
v -0.011014 0.007500 0.083736
v -0.011650 0.007500 0.082200
v -0.011014 0.007500 0.082464
v -0.011650 0.007500 0.084000
v 0.010750 0.007500 0.083100
v 0.010780 0.007500 0.082882
v 0.010767 0.007500 0.082924
v 0.010767 0.007500 0.083276
v 0.010902 0.007500 0.082600
v 0.010902 0.007500 0.083600
v 0.010819 0.007500 0.082756
v 0.010819 0.007500 0.083444
v 0.011150 0.007500 0.082352
v 0.011150 0.007500 0.083848
v 0.011474 0.007500 0.082217
v 0.011474 0.007500 0.083983
v 0.011306 0.007500 0.082269
v 0.011306 0.007500 0.083932
v 0.011650 0.007500 0.082200
v 0.011014 0.007500 0.082464
v 0.011014 0.007500 0.083736
v 0.011826 0.007500 0.082217
v 0.011826 0.007500 0.083983
v 0.011782 0.007500 0.083987
v 0.011994 0.007500 0.083932
v 0.012150 0.007500 0.082352
v 0.012150 0.007500 0.083848
v 0.011994 0.007500 0.082269
v 0.011650 0.007500 0.084000
v 0.012398 0.007500 0.082600
v 0.012398 0.007500 0.083600
v 0.012550 0.007500 0.083100
v 0.012533 0.007500 0.083276
v 0.012533 0.007500 0.082924
v 0.012481 0.007500 0.082756
v 0.012481 0.007500 0.083444
v 0.012286 0.007500 0.082464
v 0.012286 0.007500 0.083736
v -0.030000 0.003750 0.135000
v -0.030000 0.006250 0.135000
v -0.020000 0.006250 0.135000
v -0.020000 0.003750 0.135000
v -0.030000 0.003750 0.132500
v -0.030000 0.006250 0.132500
v -0.020000 0.006250 0.132500
v -0.020000 0.003750 0.132500
v 0.020000 0.003750 0.135000
v 0.020000 0.006250 0.135000
v 0.030000 0.003750 0.135000
v 0.030000 0.006250 0.135000
v 0.020000 0.006250 0.132500
v 0.020000 0.003750 0.132500
v 0.030000 0.003750 0.132500
v 0.030000 0.006250 0.132500
v -0.030000 0.003750 0.055000
v -0.030000 0.006250 0.055000
v -0.020000 0.006250 0.055000
v -0.020000 0.003750 0.055000
v 0.020000 0.003750 0.055000
v 0.020000 0.006250 0.055000
v 0.030000 0.003750 0.055000
v 0.030000 0.006250 0.055000
v -0.040100 0.002500 0.055000
v -0.040100 0.002500 0.135000
v -0.040100 0.007500 0.055000
v -0.040100 0.007500 0.135000
v 0.040100 0.007500 0.055000
v 0.040100 0.007500 0.135000
v 0.040100 0.002500 0.135000
v 0.040100 0.002500 0.055000
v -0.006650 0.006350 0.077500
v -0.006650 0.003850 0.077500
v -0.006162 0.006350 0.077452
v -0.006162 0.003850 0.077452
v -0.005693 0.006350 0.077310
v -0.005693 0.003850 0.077310
v -0.005261 0.006350 0.077079
v -0.005261 0.003850 0.077079
v -0.004882 0.006350 0.076768
v -0.004882 0.003850 0.076768
v -0.004571 0.006350 0.076389
v -0.004571 0.003850 0.076389
v -0.004340 0.006350 0.075957
v -0.004340 0.003850 0.075957
v -0.004198 0.006350 0.075488
v -0.004198 0.003850 0.075488
v -0.004150 0.006350 0.075000
v -0.004150 0.003850 0.075000
v -0.004198 0.006350 0.074512
v -0.004198 0.003850 0.074512
v -0.004340 0.006350 0.074043
v -0.004340 0.003850 0.074043
v -0.004571 0.006350 0.073611
v -0.004571 0.003850 0.073611
v -0.004882 0.006350 0.073232
v -0.004882 0.003850 0.073232
v -0.005261 0.006350 0.072921
v -0.005261 0.003850 0.072921
v -0.005693 0.006350 0.072690
v -0.005693 0.003850 0.072690
v -0.006162 0.006350 0.072548
v -0.006162 0.003850 0.072548
v -0.006650 0.006350 0.072500
v -0.006650 0.003850 0.072500
v -0.007138 0.006350 0.072548
v -0.007138 0.003850 0.072548
v -0.007607 0.006350 0.072690
v -0.007607 0.003850 0.072690
v -0.008039 0.006350 0.072921
v -0.008039 0.003850 0.072921
v -0.008418 0.006350 0.073232
v -0.008418 0.003850 0.073232
v -0.008729 0.006350 0.073611
v -0.008729 0.003850 0.073611
v -0.008960 0.006350 0.074043
v -0.008960 0.003850 0.074043
v -0.009102 0.006350 0.074512
v -0.009102 0.003850 0.074512
v -0.009150 0.006350 0.075000
v -0.009150 0.003850 0.075000
v -0.009102 0.006350 0.075488
v -0.009102 0.003850 0.075488
v -0.008960 0.006350 0.075957
v -0.008960 0.003850 0.075957
v -0.008729 0.006350 0.076389
v -0.008729 0.003850 0.076389
v -0.008418 0.006350 0.076768
v -0.008418 0.003850 0.076768
v -0.008039 0.006350 0.077079
v -0.008039 0.003850 0.077079
v -0.007607 0.006350 0.077310
v -0.007607 0.003850 0.077310
v -0.007138 0.006350 0.077452
v -0.007138 0.003850 0.077452
v -0.007550 0.003850 0.075000
v -0.007533 0.003850 0.074824
v -0.007533 0.003850 0.075176
v -0.007398 0.003850 0.074500
v -0.007398 0.003850 0.075500
v -0.007286 0.003850 0.074364
v -0.007481 0.003850 0.074656
v -0.007481 0.003850 0.075344
v -0.007286 0.003850 0.075636
v -0.006994 0.003850 0.074169
v -0.007150 0.003850 0.074252
v -0.007150 0.003850 0.075748
v -0.006650 0.003850 0.075900
v -0.006826 0.003850 0.075883
v -0.006306 0.003850 0.075832
v -0.006474 0.003850 0.075883
v -0.006994 0.003850 0.075832
v -0.006826 0.003850 0.074117
v -0.006474 0.003850 0.074117
v -0.006650 0.003850 0.074100
v -0.006150 0.003850 0.074252
v -0.006150 0.003850 0.075748
v -0.006306 0.003850 0.074169
v -0.005902 0.003850 0.074500
v -0.005902 0.003850 0.075500
v -0.005750 0.003850 0.075000
v -0.005767 0.003850 0.074824
v -0.005767 0.003850 0.075176
v -0.005819 0.003850 0.074656
v -0.005819 0.003850 0.075344
v -0.006014 0.003850 0.075636
v -0.006014 0.003850 0.074364
v -0.006826 0.006350 0.075883
v -0.006650 0.006350 0.075900
v -0.006474 0.006350 0.075883
v -0.006306 0.006350 0.074169
v -0.006150 0.006350 0.074252
v -0.006306 0.006350 0.075832
v -0.006474 0.006350 0.074117
v -0.006150 0.006350 0.075748
v -0.006014 0.006350 0.075636
v -0.005902 0.006350 0.074500
v -0.005902 0.006350 0.075500
v -0.005750 0.006350 0.075000
v -0.005767 0.006350 0.075176
v -0.005767 0.006350 0.074824
v -0.005819 0.006350 0.075344
v -0.005819 0.006350 0.074656
v -0.006014 0.006350 0.074364
v -0.007550 0.006350 0.075000
v -0.007481 0.006350 0.074656
v -0.007533 0.006350 0.074824
v -0.007533 0.006350 0.075176
v -0.007398 0.006350 0.074500
v -0.007398 0.006350 0.075500
v -0.007286 0.006350 0.074364
v -0.007481 0.006350 0.075344
v -0.006994 0.006350 0.075832
v -0.007150 0.006350 0.074252
v -0.007150 0.006350 0.075748
v -0.006650 0.006350 0.074100
v -0.006826 0.006350 0.074117
v -0.006994 0.006350 0.074169
v -0.007286 0.006350 0.075636
v -0.006650 0.006150 0.067500
v -0.006650 0.003650 0.067500
v -0.006162 0.006150 0.067452
v -0.006162 0.003650 0.067452
v -0.005693 0.006150 0.067310
v -0.005693 0.003650 0.067310
v -0.005261 0.006150 0.067079
v -0.005261 0.003650 0.067079
v -0.004882 0.006150 0.066768
v -0.004882 0.003650 0.066768
v -0.004571 0.006150 0.066389
v -0.004571 0.003650 0.066389
v -0.004340 0.006150 0.065957
v -0.004340 0.003650 0.065957
v -0.004198 0.006150 0.065488
v -0.004198 0.003650 0.065488
v -0.004150 0.006150 0.065000
v -0.004150 0.003650 0.065000
v -0.004198 0.006150 0.064512
v -0.004198 0.003650 0.064512
v -0.004340 0.006150 0.064043
v -0.004340 0.003650 0.064043
v -0.004571 0.006150 0.063611
v -0.004571 0.003650 0.063611
v -0.004882 0.006150 0.063232
v -0.004882 0.003650 0.063232
v -0.005261 0.006150 0.062921
v -0.005261 0.003650 0.062921
v -0.005693 0.006150 0.062690
v -0.005693 0.003650 0.062690
v -0.006162 0.006150 0.062548
v -0.006162 0.003650 0.062548
v -0.006650 0.006150 0.062500
v -0.006650 0.003650 0.062500
v -0.007138 0.006150 0.062548
v -0.007138 0.003650 0.062548
v -0.007607 0.006150 0.062690
v -0.007607 0.003650 0.062690
v -0.008039 0.006150 0.062921
v -0.008039 0.003650 0.062921
v -0.008418 0.006150 0.063232
v -0.008418 0.003650 0.063232
v -0.008729 0.006150 0.063611
v -0.008729 0.003650 0.063611
v -0.008960 0.006150 0.064043
v -0.008960 0.003650 0.064043
v -0.009102 0.006150 0.064512
v -0.009102 0.003650 0.064512
v -0.009150 0.006150 0.065000
v -0.009150 0.003650 0.065000
v -0.009102 0.006150 0.065488
v -0.009102 0.003650 0.065488
v -0.008960 0.006150 0.065957
v -0.008960 0.003650 0.065957
v -0.008729 0.006150 0.066389
v -0.008729 0.003650 0.066389
v -0.008418 0.006150 0.066768
v -0.008418 0.003650 0.066768
v -0.008039 0.006150 0.067079
v -0.008039 0.003650 0.067079
v -0.007607 0.006150 0.067310
v -0.007607 0.003650 0.067310
v -0.007138 0.006150 0.067452
v -0.007138 0.003650 0.067452
v -0.007550 0.003650 0.065000
v -0.007533 0.003650 0.064824
v -0.007533 0.003650 0.065176
v -0.007398 0.003650 0.064500
v -0.007398 0.003650 0.065500
v -0.007286 0.003650 0.064364
v -0.007481 0.003650 0.064656
v -0.007481 0.003650 0.065344
v -0.007286 0.003650 0.065636
v -0.006994 0.003650 0.064169
v -0.007150 0.003650 0.064252
v -0.007150 0.003650 0.065748
v -0.006650 0.003650 0.065900
v -0.006826 0.003650 0.065883
v -0.006306 0.003650 0.065832
v -0.006474 0.003650 0.065883
v -0.006994 0.003650 0.065832
v -0.006826 0.003650 0.064117
v -0.006474 0.003650 0.064117
v -0.006650 0.003650 0.064100
v -0.006150 0.003650 0.064252
v -0.006150 0.003650 0.065748
v -0.006306 0.003650 0.064169
v -0.005902 0.003650 0.064500
v -0.005902 0.003650 0.065500
v -0.005750 0.003650 0.065000
v -0.005767 0.003650 0.064824
v -0.005767 0.003650 0.065176
v -0.005819 0.003650 0.064656
v -0.005819 0.003650 0.065344
v -0.006014 0.003650 0.065636
v -0.006014 0.003650 0.064364
v -0.006826 0.006150 0.065883
v -0.006650 0.006150 0.065900
v -0.006474 0.006150 0.065883
v -0.006306 0.006150 0.064169
v -0.006150 0.006150 0.064252
v -0.006306 0.006150 0.065832
v -0.006474 0.006150 0.064117
v -0.006150 0.006150 0.065748
v -0.006014 0.006150 0.065636
v -0.005902 0.006150 0.064500
v -0.005902 0.006150 0.065500
v -0.005750 0.006150 0.065000
v -0.005767 0.006150 0.065176
v -0.005767 0.006150 0.064824
v -0.005819 0.006150 0.065344
v -0.005819 0.006150 0.064656
v -0.006014 0.006150 0.064364
v -0.007550 0.006150 0.065000
v -0.007481 0.006150 0.064656
v -0.007533 0.006150 0.064824
v -0.007533 0.006150 0.065176
v -0.007398 0.006150 0.064500
v -0.007398 0.006150 0.065500
v -0.007286 0.006150 0.064364
v -0.007481 0.006150 0.065344
v -0.006994 0.006150 0.065832
v -0.007150 0.006150 0.064252
v -0.007150 0.006150 0.065748
v -0.006650 0.006150 0.064100
v -0.006826 0.006150 0.064117
v -0.006994 0.006150 0.064169
v -0.007286 0.006150 0.065636
v 0.006650 0.006350 0.077500
v 0.006650 0.003850 0.077500
v 0.007138 0.006350 0.077452
v 0.007138 0.003850 0.077452
v 0.007607 0.006350 0.077310
v 0.007607 0.003850 0.077310
v 0.008039 0.006350 0.077079
v 0.008039 0.003850 0.077079
v 0.008418 0.006350 0.076768
v 0.008418 0.003850 0.076768
v 0.008729 0.006350 0.076389
v 0.008729 0.003850 0.076389
v 0.008960 0.006350 0.075957
v 0.008960 0.003850 0.075957
v 0.009102 0.006350 0.075488
v 0.009102 0.003850 0.075488
v 0.009150 0.006350 0.075000
v 0.009150 0.003850 0.075000
v 0.009102 0.006350 0.074512
v 0.009102 0.003850 0.074512
v 0.008960 0.006350 0.074043
v 0.008960 0.003850 0.074043
v 0.008729 0.006350 0.073611
v 0.008729 0.003850 0.073611
v 0.008418 0.006350 0.073232
v 0.008418 0.003850 0.073232
v 0.008039 0.006350 0.072921
v 0.008039 0.003850 0.072921
v 0.007607 0.006350 0.072690
v 0.007607 0.003850 0.072690
v 0.007138 0.006350 0.072548
v 0.007138 0.003850 0.072548
v 0.006650 0.006350 0.072500
v 0.006650 0.003850 0.072500
v 0.006162 0.006350 0.072548
v 0.006162 0.003850 0.072548
v 0.005693 0.006350 0.072690
v 0.005693 0.003850 0.072690
v 0.005261 0.006350 0.072921
v 0.005261 0.003850 0.072921
v 0.004882 0.006350 0.073232
v 0.004882 0.003850 0.073232
v 0.004571 0.006350 0.073611
v 0.004571 0.003850 0.073611
v 0.004340 0.006350 0.074043
v 0.004340 0.003850 0.074043
v 0.004198 0.006350 0.074512
v 0.004198 0.003850 0.074512
v 0.004150 0.006350 0.075000
v 0.004150 0.003850 0.075000
v 0.004198 0.006350 0.075488
v 0.004198 0.003850 0.075488
v 0.004340 0.006350 0.075957
v 0.004340 0.003850 0.075957
v 0.004571 0.006350 0.076389
v 0.004571 0.003850 0.076389
v 0.004882 0.006350 0.076768
v 0.004882 0.003850 0.076768
v 0.005261 0.006350 0.077079
v 0.005261 0.003850 0.077079
v 0.005693 0.006350 0.077310
v 0.005693 0.003850 0.077310
v 0.006162 0.006350 0.077452
v 0.006162 0.003850 0.077452
v 0.005750 0.003850 0.075000
v 0.005767 0.003850 0.074824
v 0.005767 0.003850 0.075176
v 0.005902 0.003850 0.074500
v 0.005902 0.003850 0.075500
v 0.006014 0.003850 0.074364
v 0.005819 0.003850 0.074656
v 0.005819 0.003850 0.075344
v 0.006014 0.003850 0.075636
v 0.006306 0.003850 0.074169
v 0.006150 0.003850 0.074252
v 0.006150 0.003850 0.075748
v 0.006650 0.003850 0.075900
v 0.006474 0.003850 0.075883
v 0.006994 0.003850 0.075832
v 0.006826 0.003850 0.075883
v 0.006306 0.003850 0.075832
v 0.006474 0.003850 0.074117
v 0.006826 0.003850 0.074117
v 0.006650 0.003850 0.074100
v 0.007150 0.003850 0.074252
v 0.007150 0.003850 0.075748
v 0.006994 0.003850 0.074169
v 0.007398 0.003850 0.074500
v 0.007398 0.003850 0.075500
v 0.007550 0.003850 0.075000
v 0.007533 0.003850 0.074824
v 0.007533 0.003850 0.075176
v 0.007481 0.003850 0.074656
v 0.007481 0.003850 0.075344
v 0.007286 0.003850 0.075636
v 0.007286 0.003850 0.074364
v 0.006474 0.006350 0.075883
v 0.006650 0.006350 0.075900
v 0.006826 0.006350 0.075883
v 0.006994 0.006350 0.074169
v 0.007150 0.006350 0.074252
v 0.006994 0.006350 0.075832
v 0.006826 0.006350 0.074117
v 0.007150 0.006350 0.075748
v 0.007286 0.006350 0.075636
v 0.007398 0.006350 0.074500
v 0.007398 0.006350 0.075500
v 0.007550 0.006350 0.075000
v 0.007533 0.006350 0.075176
v 0.007533 0.006350 0.074824
v 0.007481 0.006350 0.075344
v 0.007481 0.006350 0.074656
v 0.007286 0.006350 0.074364
v 0.005750 0.006350 0.075000
v 0.005819 0.006350 0.074656
v 0.005767 0.006350 0.074824
v 0.005767 0.006350 0.075176
v 0.005902 0.006350 0.074500
v 0.005902 0.006350 0.075500
v 0.006014 0.006350 0.074364
v 0.005819 0.006350 0.075344
v 0.006306 0.006350 0.075832
v 0.006150 0.006350 0.074252
v 0.006150 0.006350 0.075748
v 0.006650 0.006350 0.074100
v 0.006474 0.006350 0.074117
v 0.006306 0.006350 0.074169
v 0.006014 0.006350 0.075636
v 0.006650 0.006150 0.067500
v 0.006650 0.003650 0.067500
v 0.007138 0.006150 0.067452
v 0.007138 0.003650 0.067452
v 0.007607 0.006150 0.067310
v 0.007607 0.003650 0.067310
v 0.008039 0.006150 0.067079
v 0.008039 0.003650 0.067079
v 0.008418 0.006150 0.066768
v 0.008418 0.003650 0.066768
v 0.008729 0.006150 0.066389
v 0.008729 0.003650 0.066389
v 0.008960 0.006150 0.065957
v 0.008960 0.003650 0.065957
v 0.009102 0.006150 0.065488
v 0.009102 0.003650 0.065488
v 0.009150 0.006150 0.065000
v 0.009150 0.003650 0.065000
v 0.009102 0.006150 0.064512
v 0.009102 0.003650 0.064512
v 0.008960 0.006150 0.064043
v 0.008960 0.003650 0.064043
v 0.008729 0.006150 0.063611
v 0.008729 0.003650 0.063611
v 0.008418 0.006150 0.063232
v 0.008418 0.003650 0.063232
v 0.008039 0.006150 0.062921
v 0.008039 0.003650 0.062921
v 0.007607 0.006150 0.062690
v 0.007607 0.003650 0.062690
v 0.007138 0.006150 0.062548
v 0.007138 0.003650 0.062548
v 0.006650 0.006150 0.062500
v 0.006650 0.003650 0.062500
v 0.006162 0.006150 0.062548
v 0.006162 0.003650 0.062548
v 0.005693 0.006150 0.062690
v 0.005693 0.003650 0.062690
v 0.005261 0.006150 0.062921
v 0.005261 0.003650 0.062921
v 0.004882 0.006150 0.063232
v 0.004882 0.003650 0.063232
v 0.004571 0.006150 0.063611
v 0.004571 0.003650 0.063611
v 0.004340 0.006150 0.064043
v 0.004340 0.003650 0.064043
v 0.004198 0.006150 0.064512
v 0.004198 0.003650 0.064512
v 0.004150 0.006150 0.065000
v 0.004150 0.003650 0.065000
v 0.004198 0.006150 0.065488
v 0.004198 0.003650 0.065488
v 0.004340 0.006150 0.065957
v 0.004340 0.003650 0.065957
v 0.004571 0.006150 0.066389
v 0.004571 0.003650 0.066389
v 0.004882 0.006150 0.066768
v 0.004882 0.003650 0.066768
v 0.005261 0.006150 0.067079
v 0.005261 0.003650 0.067079
v 0.005693 0.006150 0.067310
v 0.005693 0.003650 0.067310
v 0.006162 0.006150 0.067452
v 0.006162 0.003650 0.067452
v 0.005750 0.003650 0.065000
v 0.005767 0.003650 0.064824
v 0.005767 0.003650 0.065176
v 0.005902 0.003650 0.064500
v 0.005902 0.003650 0.065500
v 0.006014 0.003650 0.064364
v 0.005819 0.003650 0.064656
v 0.005819 0.003650 0.065344
v 0.006014 0.003650 0.065636
v 0.006306 0.003650 0.064169
v 0.006150 0.003650 0.064252
v 0.006150 0.003650 0.065748
v 0.006650 0.003650 0.065900
v 0.006474 0.003650 0.065883
v 0.006994 0.003650 0.065832
v 0.006826 0.003650 0.065883
v 0.006306 0.003650 0.065832
v 0.006474 0.003650 0.064117
v 0.006826 0.003650 0.064117
v 0.006650 0.003650 0.064100
v 0.007150 0.003650 0.064252
v 0.007150 0.003650 0.065748
v 0.006994 0.003650 0.064169
v 0.007398 0.003650 0.064500
v 0.007398 0.003650 0.065500
v 0.007550 0.003650 0.065000
v 0.007533 0.003650 0.064824
v 0.007533 0.003650 0.065176
v 0.007481 0.003650 0.064656
v 0.007481 0.003650 0.065344
v 0.007286 0.003650 0.065636
v 0.007286 0.003650 0.064364
v 0.006474 0.006150 0.065883
v 0.006650 0.006150 0.065900
v 0.006826 0.006150 0.065883
v 0.006994 0.006150 0.064169
v 0.007150 0.006150 0.064252
v 0.006994 0.006150 0.065832
v 0.006826 0.006150 0.064117
v 0.007150 0.006150 0.065748
v 0.007286 0.006150 0.065636
v 0.007398 0.006150 0.064500
v 0.007398 0.006150 0.065500
v 0.007550 0.006150 0.065000
v 0.007533 0.006150 0.065176
v 0.007533 0.006150 0.064824
v 0.007481 0.006150 0.065344
v 0.007481 0.006150 0.064656
v 0.007286 0.006150 0.064364
v 0.005750 0.006150 0.065000
v 0.005819 0.006150 0.064656
v 0.005767 0.006150 0.064824
v 0.005767 0.006150 0.065176
v 0.005902 0.006150 0.064500
v 0.005902 0.006150 0.065500
v 0.006014 0.006150 0.064364
v 0.005819 0.006150 0.065344
v 0.006306 0.006150 0.065832
v 0.006150 0.006150 0.064252
v 0.006150 0.006150 0.065748
v 0.006650 0.006150 0.064100
v 0.006474 0.006150 0.064117
v 0.006306 0.006150 0.064169
v 0.006014 0.006150 0.065636
v -0.071240 0.006190 -0.007120
v -0.071240 0.003690 -0.007120
v -0.071728 0.006190 -0.007072
v -0.071728 0.003690 -0.007072
v -0.072197 0.006190 -0.006930
v -0.072197 0.003690 -0.006930
v -0.072629 0.006190 -0.006699
v -0.072629 0.003690 -0.006699
v -0.073008 0.006190 -0.006388
v -0.073008 0.003690 -0.006388
v -0.073319 0.006190 -0.006009
v -0.073319 0.003690 -0.006009
v -0.073550 0.006190 -0.005577
v -0.073550 0.003690 -0.005577
v -0.073692 0.006190 -0.005108
v -0.073692 0.003690 -0.005108
v -0.073740 0.006190 -0.004620
v -0.073740 0.003690 -0.004620
v -0.073692 0.006190 -0.004132
v -0.073692 0.003690 -0.004132
v -0.073550 0.006190 -0.003663
v -0.073550 0.003690 -0.003663
v -0.073319 0.006190 -0.003231
v -0.073319 0.003690 -0.003231
v -0.073008 0.006190 -0.002852
v -0.073008 0.003690 -0.002852
v -0.072629 0.006190 -0.002541
v -0.072629 0.003690 -0.002541
v -0.072197 0.006190 -0.002310
v -0.072197 0.003690 -0.002310
v -0.071728 0.006190 -0.002168
v -0.071728 0.003690 -0.002168
v -0.071240 0.006190 -0.002120
v -0.071240 0.003690 -0.002120
v -0.070752 0.006190 -0.002168
v -0.070752 0.003690 -0.002168
v -0.070283 0.006190 -0.002310
v -0.070283 0.003690 -0.002310
v -0.069851 0.006190 -0.002541
v -0.069851 0.003690 -0.002541
v -0.069472 0.006190 -0.002852
v -0.069472 0.003690 -0.002852
v -0.069161 0.006190 -0.003231
v -0.069161 0.003690 -0.003231
v -0.068930 0.006190 -0.003663
v -0.068930 0.003690 -0.003663
v -0.068788 0.006190 -0.004132
v -0.068788 0.003690 -0.004132
v -0.068740 0.006190 -0.004620
v -0.068740 0.003690 -0.004620
v -0.068788 0.006190 -0.005108
v -0.068788 0.003690 -0.005108
v -0.068930 0.006190 -0.005577
v -0.068930 0.003690 -0.005577
v -0.069161 0.006190 -0.006009
v -0.069161 0.003690 -0.006009
v -0.069472 0.006190 -0.006388
v -0.069472 0.003690 -0.006388
v -0.069851 0.006190 -0.006699
v -0.069851 0.003690 -0.006699
v -0.070283 0.006190 -0.006930
v -0.070283 0.003690 -0.006930
v -0.070752 0.006190 -0.007072
v -0.070752 0.003690 -0.007072
v -0.070040 0.003690 -0.004620
v -0.070131 0.003690 -0.004161
v -0.070063 0.003690 -0.004386
v -0.070063 0.003690 -0.004854
v -0.070391 0.003690 -0.003771
v -0.070242 0.003690 -0.003953
v -0.070242 0.003690 -0.005287
v -0.070131 0.003690 -0.005079
v -0.070573 0.003690 -0.003622
v -0.070573 0.003690 -0.005618
v -0.071006 0.003690 -0.005797
v -0.071474 0.003690 -0.005797
v -0.071240 0.003690 -0.005820
v -0.070781 0.003690 -0.005729
v -0.070391 0.003690 -0.005469
v -0.070781 0.003690 -0.003511
v -0.071240 0.003690 -0.003420
v -0.071474 0.003690 -0.003443
v -0.071006 0.003690 -0.003443
v -0.071699 0.003690 -0.005729
v -0.071907 0.003690 -0.003622
v -0.071699 0.003690 -0.003511
v -0.071907 0.003690 -0.005618
v -0.072089 0.003690 -0.005469
v -0.072238 0.003690 -0.003953
v -0.072238 0.003690 -0.005287
v -0.072440 0.003690 -0.004620
v -0.072417 0.003690 -0.004854
v -0.072349 0.003690 -0.004161
v -0.072417 0.003690 -0.004386
v -0.072349 0.003690 -0.005079
v -0.072089 0.003690 -0.003771
v -0.071006 0.006190 -0.005797
v -0.071240 0.006190 -0.005820
v -0.071474 0.006190 -0.005797
v -0.071699 0.006190 -0.003511
v -0.071907 0.006190 -0.003622
v -0.071699 0.006190 -0.005729
v -0.071474 0.006190 -0.003443
v -0.071907 0.006190 -0.005618
v -0.072238 0.006190 -0.005287
v -0.072238 0.006190 -0.003953
v -0.072089 0.006190 -0.005469
v -0.072440 0.006190 -0.004620
v -0.072417 0.006190 -0.004854
v -0.072349 0.006190 -0.004161
v -0.072417 0.006190 -0.004386
v -0.072349 0.006190 -0.005079
v -0.072089 0.006190 -0.003771
v -0.070040 0.006190 -0.004620
v -0.070131 0.006190 -0.004161
v -0.070063 0.006190 -0.004386
v -0.070063 0.006190 -0.004854
v -0.070242 0.006190 -0.003953
v -0.070242 0.006190 -0.005287
v -0.070391 0.006190 -0.003771
v -0.070131 0.006190 -0.005079
v -0.070781 0.006190 -0.005729
v -0.070573 0.006190 -0.003622
v -0.070573 0.006190 -0.005618
v -0.071240 0.006190 -0.003420
v -0.071006 0.006190 -0.003443
v -0.070781 0.006190 -0.003511
v -0.070391 0.006190 -0.005469
v -0.071240 0.006190 0.002120
v -0.071240 0.003690 0.002120
v -0.071728 0.006190 0.002168
v -0.071728 0.003690 0.002168
v -0.072197 0.006190 0.002310
v -0.072197 0.003690 0.002310
v -0.072629 0.006190 0.002541
v -0.072629 0.003690 0.002541
v -0.073008 0.006190 0.002852
v -0.073008 0.003690 0.002852
v -0.073319 0.006190 0.003231
v -0.073319 0.003690 0.003231
v -0.073550 0.006190 0.003663
v -0.073550 0.003690 0.003663
v -0.073692 0.006190 0.004132
v -0.073692 0.003690 0.004132
v -0.073740 0.006190 0.004620
v -0.073740 0.003690 0.004620
v -0.073692 0.006190 0.005108
v -0.073692 0.003690 0.005108
v -0.073550 0.006190 0.005577
v -0.073550 0.003690 0.005577
v -0.073319 0.006190 0.006009
v -0.073319 0.003690 0.006009
v -0.073008 0.006190 0.006388
v -0.073008 0.003690 0.006388
v -0.072629 0.006190 0.006699
v -0.072629 0.003690 0.006699
v -0.072197 0.006190 0.006930
v -0.072197 0.003690 0.006930
v -0.071728 0.006190 0.007072
v -0.071728 0.003690 0.007072
v -0.071240 0.006190 0.007120
v -0.071240 0.003690 0.007120
v -0.070752 0.006190 0.007072
v -0.070752 0.003690 0.007072
v -0.070283 0.006190 0.006930
v -0.070283 0.003690 0.006930
v -0.069851 0.006190 0.006699
v -0.069851 0.003690 0.006699
v -0.069472 0.006190 0.006388
v -0.069472 0.003690 0.006388
v -0.069161 0.006190 0.006009
v -0.069161 0.003690 0.006009
v -0.068930 0.006190 0.005577
v -0.068930 0.003690 0.005577
v -0.068788 0.006190 0.005108
v -0.068788 0.003690 0.005108
v -0.068740 0.006190 0.004620
v -0.068740 0.003690 0.004620
v -0.068788 0.006190 0.004132
v -0.068788 0.003690 0.004132
v -0.068930 0.006190 0.003663
v -0.068930 0.003690 0.003663
v -0.069161 0.006190 0.003231
v -0.069161 0.003690 0.003231
v -0.069472 0.006190 0.002852
v -0.069472 0.003690 0.002852
v -0.069851 0.006190 0.002541
v -0.069851 0.003690 0.002541
v -0.070283 0.006190 0.002310
v -0.070283 0.003690 0.002310
v -0.070752 0.006190 0.002168
v -0.070752 0.003690 0.002168
v -0.070040 0.003690 0.004620
v -0.070131 0.003690 0.005079
v -0.070063 0.003690 0.004854
v -0.070063 0.003690 0.004386
v -0.070391 0.003690 0.005469
v -0.070242 0.003690 0.005287
v -0.070242 0.003690 0.003953
v -0.070131 0.003690 0.004161
v -0.070573 0.003690 0.005618
v -0.070573 0.003690 0.003622
v -0.071006 0.003690 0.003443
v -0.071474 0.003690 0.003443
v -0.071240 0.003690 0.003420
v -0.070781 0.003690 0.003511
v -0.070391 0.003690 0.003771
v -0.070781 0.003690 0.005729
v -0.071240 0.003690 0.005820
v -0.071474 0.003690 0.005797
v -0.071006 0.003690 0.005797
v -0.071699 0.003690 0.003511
v -0.071907 0.003690 0.005618
v -0.071699 0.003690 0.005729
v -0.071907 0.003690 0.003622
v -0.072089 0.003690 0.003771
v -0.072238 0.003690 0.005287
v -0.072238 0.003690 0.003953
v -0.072440 0.003690 0.004620
v -0.072417 0.003690 0.004386
v -0.072349 0.003690 0.005079
v -0.072417 0.003690 0.004854
v -0.072349 0.003690 0.004161
v -0.072089 0.003690 0.005469
v -0.071006 0.006190 0.003443
v -0.071240 0.006190 0.003420
v -0.071474 0.006190 0.003443
v -0.071699 0.006190 0.005729
v -0.071907 0.006190 0.005618
v -0.071699 0.006190 0.003511
v -0.071474 0.006190 0.005797
v -0.071907 0.006190 0.003622
v -0.072238 0.006190 0.003953
v -0.072238 0.006190 0.005287
v -0.072089 0.006190 0.003771
v -0.072440 0.006190 0.004620
v -0.072417 0.006190 0.004386
v -0.072349 0.006190 0.005079
v -0.072417 0.006190 0.004854
v -0.072349 0.006190 0.004161
v -0.072089 0.006190 0.005469
v -0.070040 0.006190 0.004620
v -0.070131 0.006190 0.005079
v -0.070063 0.006190 0.004854
v -0.070063 0.006190 0.004386
v -0.070242 0.006190 0.005287
v -0.070242 0.006190 0.003953
v -0.070391 0.006190 0.005469
v -0.070131 0.006190 0.004161
v -0.070781 0.006190 0.003511
v -0.070573 0.006190 0.005618
v -0.070573 0.006190 0.003622
v -0.071240 0.006190 0.005820
v -0.071006 0.006190 0.005797
v -0.070781 0.006190 0.005729
v -0.070391 0.006190 0.003771
v -0.137500 0.003750 0.030000
v -0.052500 0.003750 -0.020000
v -0.137500 0.003750 -0.020000
v -0.052500 0.003750 0.030000
v -0.052500 0.006250 -0.020000
v -0.095500 0.002500 0.008000
v -0.052500 0.006250 0.030000
v -0.055000 0.002500 0.040000
v -0.052500 0.003750 -0.030000
v -0.137500 0.006250 -0.020000
v -0.052500 0.006250 -0.030000
v -0.052500 0.003750 0.020000
v -0.137500 0.006250 0.030000
v -0.137500 0.003750 -0.030000
v -0.052500 0.006250 0.020000
v -0.097940 0.011250 0.003420
v -0.097940 0.011250 -0.005820
v -0.137500 0.003750 0.020000
v -0.137500 0.006250 -0.030000
v -0.097706 0.011250 0.003443
v -0.095500 0.002500 -0.002000
v -0.100500 0.002500 0.008000
v -0.137500 0.006250 0.020000
v -0.097706 0.011250 -0.005797
v -0.097481 0.011250 0.003511
v -0.135000 0.002500 0.040000
v -0.097273 0.011250 0.003622
v -0.097481 0.011250 -0.005729
v -0.095500 0.002500 0.002000
v -0.100500 0.002500 -0.002000
v -0.097091 0.011250 0.003771
v -0.097273 0.011250 -0.005618
v -0.096942 0.011250 0.003953
v -0.100500 0.002500 0.002000
v -0.055000 0.002500 -0.040000
v -0.097091 0.011250 -0.005469
v -0.096831 0.011250 0.004161
v -0.095500 0.002500 -0.008000
v -0.135000 0.002500 -0.040000
v -0.096763 0.011250 0.004386
v -0.096942 0.011250 -0.005287
v -0.096740 0.011250 0.004620
v -0.095500 0.005000 0.002000
v -0.100500 0.002500 -0.008000
v -0.096763 0.011250 0.004854
v -0.096831 0.011250 -0.005079
v -0.100500 0.005000 0.002000
v -0.096831 0.011250 0.005079
v -0.095500 0.005000 -0.002000
v -0.055000 0.007500 0.040000
v -0.096763 0.011250 -0.004854
v -0.096942 0.011250 0.005287
v -0.100500 0.005000 -0.002000
v -0.097091 0.011250 0.005469
v -0.135000 0.007500 0.040000
v -0.096740 0.011250 -0.004620
v -0.055000 0.007500 -0.040000
v -0.097273 0.011250 0.005618
v -0.096763 0.011250 -0.004386
v -0.135000 0.007500 -0.040000
v -0.097481 0.011250 0.005729
v -0.132500 0.002500 0.032500
v -0.132500 0.002500 -0.032500
v -0.097706 0.011250 0.005797
v -0.096831 0.011250 -0.004161
v -0.097940 0.011250 0.005820
v -0.105000 0.002500 -0.005500
v -0.105000 0.002500 0.005500
v -0.096942 0.011250 -0.003953
v -0.098174 0.011250 0.005797
v -0.105000 0.007500 0.005500
v -0.132500 0.007500 0.032500
v -0.098399 0.011250 0.005729
v -0.097091 0.011250 -0.003771
v -0.098607 0.011250 0.005618
v -0.105000 0.007500 -0.005500
v -0.132500 0.007500 -0.032500
v -0.097273 0.011250 -0.003622
v -0.098789 0.011250 0.005469
v -0.100500 0.002500 -0.010000
v -0.098938 0.011250 0.005287
v -0.089500 0.002500 -0.010000
v -0.097481 0.011250 -0.003511
v -0.062500 0.002500 -0.037500
v -0.099049 0.011250 0.005079
v -0.127500 0.002500 -0.037500
v -0.097706 0.011250 -0.003443
v -0.099117 0.011250 0.004854
v -0.127500 0.007500 -0.037500
v -0.100500 0.007500 -0.010000
v -0.099140 0.011250 0.004620
v -0.097940 0.011250 -0.003420
v -0.062500 0.007500 -0.037500
v -0.099117 0.011250 0.004386
v -0.089500 0.007500 -0.010000
v -0.098174 0.011250 -0.003443
v -0.099049 0.011250 0.004161
v -0.057500 0.002500 0.032500
v -0.057500 0.002500 -0.032500
v -0.098938 0.011250 0.003953
v -0.098399 0.011250 -0.003511
v -0.098789 0.011250 0.003771
v -0.085000 0.002500 -0.005500
v -0.085000 0.002500 0.005500
v -0.098607 0.011250 0.003622
v -0.098607 0.011250 -0.003622
v -0.057500 0.007500 0.032500
v -0.098789 0.011250 -0.003771
v -0.098399 0.011250 0.003511
v -0.057500 0.007500 -0.032500
v -0.085000 0.007500 0.005500
v -0.098174 0.011250 0.003443
v -0.098938 0.011250 -0.003953
v -0.085000 0.007500 -0.005500
v -0.127500 0.002500 0.037500
v -0.099049 0.011250 -0.004161
v -0.062500 0.002500 0.037500
v -0.100500 0.002500 0.010000
v -0.099117 0.011250 -0.004386
v -0.089500 0.002500 0.010000
v -0.062500 0.007500 0.037500
v -0.127500 0.007500 0.037500
v -0.099140 0.011250 -0.004620
v -0.089500 0.007500 0.010000
v -0.100500 0.007500 0.010000
v -0.099117 0.011250 -0.004854
v -0.101081 0.002500 0.008000
v -0.101500 0.002500 0.008000
v -0.099049 0.011250 -0.005079
v -0.088500 0.002500 -0.008000
v -0.101500 0.002500 -0.008000
v -0.098938 0.011250 -0.005287
v -0.088500 0.002500 0.008000
v -0.098789 0.011250 -0.005469
v -0.088500 0.007500 0.008000
v -0.099903 0.007500 0.008000
v -0.098607 0.011250 -0.005618
v -0.101500 0.007500 -0.008000
v -0.101081 0.007500 -0.008000
v -0.098399 0.011250 -0.005729
v -0.101500 0.007500 0.008000
v -0.088500 0.007500 -0.008000
v -0.095500 0.002500 -0.008000
v -0.098174 0.011250 -0.005797
v -0.100500 0.002500 -0.008000
v -0.095500 0.002500 -0.008000
v -0.100500 0.002500 -0.008000
v -0.100500 0.005000 -0.008000
v -0.095500 0.005000 -0.008000
v -0.095500 0.002500 0.008000
v -0.100500 0.002500 0.008000
v -0.095500 0.002500 0.008000
v -0.100500 0.002500 0.008000
v -0.095500 0.005000 0.008000
v -0.100500 0.005000 0.008000
v -0.097940 0.005000 -0.003420
v -0.097481 0.005000 -0.003511
v -0.097706 0.005000 -0.003443
v -0.098174 0.005000 -0.003443
v -0.098789 0.005000 -0.003771
v -0.097273 0.005000 -0.003622
v -0.098607 0.005000 -0.003622
v -0.097091 0.005000 -0.003771
v -0.098399 0.005000 -0.003511
v -0.096942 0.005000 -0.003953
v -0.096740 0.005000 -0.004620
v -0.096763 0.005000 -0.004386
v -0.096831 0.005000 -0.004161
v -0.096831 0.005000 -0.005079
v -0.097091 0.005000 -0.005469
v -0.097273 0.005000 -0.005618
v -0.096763 0.005000 -0.004854
v -0.096942 0.005000 -0.005287
v -0.098938 0.005000 -0.003953
v -0.099117 0.005000 -0.004386
v -0.099049 0.005000 -0.004161
v -0.099117 0.005000 -0.004854
v -0.098938 0.005000 -0.005287
v -0.099049 0.005000 -0.005079
v -0.099140 0.005000 -0.004620
v -0.098607 0.005000 -0.005618
v -0.097940 0.005000 -0.005820
v -0.097706 0.005000 -0.005797
v -0.098174 0.005000 -0.005797
v -0.097481 0.005000 -0.005729
v -0.098399 0.005000 -0.005729
v -0.098789 0.005000 -0.005469
v -0.098607 0.005000 0.005618
v -0.098789 0.005000 0.005469
v -0.099049 0.005000 0.005079
v -0.098938 0.005000 0.005287
v -0.099140 0.005000 0.004620
v -0.098938 0.005000 0.003953
v -0.099049 0.005000 0.004161
v -0.099117 0.005000 0.004386
v -0.099117 0.005000 0.004854
v -0.097273 0.005000 0.003622
v -0.097091 0.005000 0.003771
v -0.098607 0.005000 0.003622
v -0.097940 0.005000 0.003420
v -0.098174 0.005000 0.003443
v -0.097481 0.005000 0.003511
v -0.097706 0.005000 0.003443
v -0.098399 0.005000 0.003511
v -0.098789 0.005000 0.003771
v -0.097940 0.005000 0.005820
v -0.097706 0.005000 0.005797
v -0.098174 0.005000 0.005797
v -0.097273 0.005000 0.005618
v -0.097481 0.005000 0.005729
v -0.098399 0.005000 0.005729
v -0.096942 0.005000 0.005287
v -0.096763 0.005000 0.004854
v -0.096831 0.005000 0.005079
v -0.096763 0.005000 0.004386
v -0.096942 0.005000 0.003953
v -0.096831 0.005000 0.004161
v -0.096740 0.005000 0.004620
v -0.097091 0.005000 0.005469
v -0.135000 0.003750 0.020000
v -0.135000 0.003750 0.030000
v -0.135000 0.006250 0.030000
v -0.135000 0.006250 0.020000
v -0.135000 0.003750 -0.020000
v -0.135000 0.003750 -0.030000
v -0.135000 0.006250 -0.030000
v -0.135000 0.006250 -0.020000
v -0.055000 0.006250 0.020000
v -0.055000 0.003750 0.030000
v -0.055000 0.003750 0.020000
v -0.055000 0.006250 0.030000
v -0.055000 0.003750 -0.020000
v -0.055000 0.003750 -0.030000
v -0.055000 0.006250 -0.030000
v -0.055000 0.006250 -0.020000
v 0.063250 0.004250 -0.107200
v 0.063250 0.006750 -0.107200
v 0.063738 0.004250 -0.107152
v 0.063738 0.006750 -0.107152
v 0.064207 0.004250 -0.107010
v 0.064207 0.006750 -0.107010
v 0.064639 0.004250 -0.106779
v 0.064639 0.006750 -0.106779
v 0.065018 0.004250 -0.106468
v 0.065018 0.006750 -0.106468
v 0.065329 0.004250 -0.106089
v 0.065329 0.006750 -0.106089
v 0.065560 0.004250 -0.105657
v 0.065560 0.006750 -0.105657
v 0.065702 0.004250 -0.105188
v 0.065702 0.006750 -0.105188
v 0.065750 0.004250 -0.104700
v 0.065750 0.006750 -0.104700
v 0.065702 0.004250 -0.104212
v 0.065702 0.006750 -0.104212
v 0.065560 0.004250 -0.103743
v 0.065560 0.006750 -0.103743
v 0.065329 0.004250 -0.103311
v 0.065329 0.006750 -0.103311
v 0.065018 0.004250 -0.102932
v 0.065018 0.006750 -0.102932
v 0.064639 0.004250 -0.102621
v 0.064639 0.006750 -0.102621
v 0.064207 0.004250 -0.102390
v 0.064207 0.006750 -0.102390
v 0.063738 0.004250 -0.102248
v 0.063738 0.006750 -0.102248
v 0.063250 0.004250 -0.102200
v 0.063250 0.006750 -0.102200
v 0.062762 0.004250 -0.102248
v 0.062762 0.006750 -0.102248
v 0.062293 0.004250 -0.102390
v 0.062293 0.006750 -0.102390
v 0.061861 0.004250 -0.102621
v 0.061861 0.006750 -0.102621
v 0.061482 0.004250 -0.102932
v 0.061482 0.006750 -0.102932
v 0.061171 0.004250 -0.103311
v 0.061171 0.006750 -0.103311
v 0.060940 0.004250 -0.103743
v 0.060940 0.006750 -0.103743
v 0.060798 0.004250 -0.104212
v 0.060798 0.006750 -0.104212
v 0.060750 0.004250 -0.104700
v 0.060750 0.006750 -0.104700
v 0.060798 0.004250 -0.105188
v 0.060798 0.006750 -0.105188
v 0.060940 0.004250 -0.105657
v 0.060940 0.006750 -0.105657
v 0.061171 0.004250 -0.106089
v 0.061171 0.006750 -0.106089
v 0.061482 0.004250 -0.106468
v 0.061482 0.006750 -0.106468
v 0.061861 0.004250 -0.106779
v 0.061861 0.006750 -0.106779
v 0.062293 0.004250 -0.107010
v 0.062293 0.006750 -0.107010
v 0.062762 0.004250 -0.107152
v 0.062762 0.006750 -0.107152
v 0.062050 0.006750 -0.104700
v 0.062141 0.006750 -0.104241
v 0.062073 0.006750 -0.104466
v 0.062073 0.006750 -0.104934
v 0.062252 0.006750 -0.104033
v 0.062252 0.006750 -0.105367
v 0.062141 0.006750 -0.105159
v 0.062583 0.006750 -0.103702
v 0.062583 0.006750 -0.105698
v 0.063016 0.006750 -0.105877
v 0.063484 0.006750 -0.105877
v 0.063250 0.006750 -0.105900
v 0.062791 0.006750 -0.105809
v 0.062401 0.006750 -0.103851
v 0.062401 0.006750 -0.105549
v 0.062791 0.006750 -0.103591
v 0.063250 0.006750 -0.103500
v 0.063484 0.006750 -0.103523
v 0.063016 0.006750 -0.103523
v 0.063709 0.006750 -0.103591
v 0.063917 0.006750 -0.105698
v 0.063917 0.006750 -0.103702
v 0.063709 0.006750 -0.105809
v 0.064248 0.006750 -0.105367
v 0.064248 0.006750 -0.104033
v 0.064099 0.006750 -0.105549
v 0.064450 0.006750 -0.104700
v 0.064427 0.006750 -0.104934
v 0.064359 0.006750 -0.104241
v 0.064427 0.006750 -0.104466
v 0.064359 0.006750 -0.105159
v 0.064099 0.006750 -0.103851
v 0.063016 0.004250 -0.105877
v 0.063250 0.004250 -0.105900
v 0.063484 0.004250 -0.105877
v 0.063709 0.004250 -0.103591
v 0.063917 0.004250 -0.103702
v 0.063709 0.004250 -0.105809
v 0.063484 0.004250 -0.103523
v 0.063917 0.004250 -0.105698
v 0.064099 0.004250 -0.105549
v 0.064248 0.004250 -0.104033
v 0.064248 0.004250 -0.105367
v 0.064450 0.004250 -0.104700
v 0.064427 0.004250 -0.104934
v 0.064359 0.004250 -0.104241
v 0.064427 0.004250 -0.104466
v 0.064359 0.004250 -0.105159
v 0.064099 0.004250 -0.103851
v 0.062050 0.004250 -0.104700
v 0.062141 0.004250 -0.104241
v 0.062073 0.004250 -0.104466
v 0.062073 0.004250 -0.104934
v 0.062252 0.004250 -0.104033
v 0.062252 0.004250 -0.105367
v 0.062401 0.004250 -0.103851
v 0.062141 0.004250 -0.105159
v 0.062583 0.004250 -0.105698
v 0.062583 0.004250 -0.103702
v 0.062401 0.004250 -0.105549
v 0.063250 0.004250 -0.103500
v 0.063016 0.004250 -0.103523
v 0.062791 0.004250 -0.103591
v 0.062791 0.004250 -0.105809
v 0.063250 0.004250 -0.097800
v 0.063250 0.006750 -0.097800
v 0.063738 0.004250 -0.097752
v 0.063738 0.006750 -0.097752
v 0.064207 0.004250 -0.097610
v 0.064207 0.006750 -0.097610
v 0.064639 0.004250 -0.097379
v 0.064639 0.006750 -0.097379
v 0.065018 0.004250 -0.097068
v 0.065018 0.006750 -0.097068
v 0.065329 0.004250 -0.096689
v 0.065329 0.006750 -0.096689
v 0.065560 0.004250 -0.096257
v 0.065560 0.006750 -0.096257
v 0.065702 0.004250 -0.095788
v 0.065702 0.006750 -0.095788
v 0.065750 0.004250 -0.095300
v 0.065750 0.006750 -0.095300
v 0.065702 0.004250 -0.094812
v 0.065702 0.006750 -0.094812
v 0.065560 0.004250 -0.094343
v 0.065560 0.006750 -0.094343
v 0.065329 0.004250 -0.093911
v 0.065329 0.006750 -0.093911
v 0.065018 0.004250 -0.093532
v 0.065018 0.006750 -0.093532
v 0.064639 0.004250 -0.093221
v 0.064639 0.006750 -0.093221
v 0.064207 0.004250 -0.092990
v 0.064207 0.006750 -0.092990
v 0.063738 0.004250 -0.092848
v 0.063738 0.006750 -0.092848
v 0.063250 0.004250 -0.092800
v 0.063250 0.006750 -0.092800
v 0.062762 0.004250 -0.092848
v 0.062762 0.006750 -0.092848
v 0.062293 0.004250 -0.092990
v 0.062293 0.006750 -0.092990
v 0.061861 0.004250 -0.093221
v 0.061861 0.006750 -0.093221
v 0.061482 0.004250 -0.093532
v 0.061482 0.006750 -0.093532
v 0.061171 0.004250 -0.093911
v 0.061171 0.006750 -0.093911
v 0.060940 0.004250 -0.094343
v 0.060940 0.006750 -0.094343
v 0.060798 0.004250 -0.094812
v 0.060798 0.006750 -0.094812
v 0.060750 0.004250 -0.095300
v 0.060750 0.006750 -0.095300
v 0.060798 0.004250 -0.095788
v 0.060798 0.006750 -0.095788
v 0.060940 0.004250 -0.096257
v 0.060940 0.006750 -0.096257
v 0.061171 0.004250 -0.096689
v 0.061171 0.006750 -0.096689
v 0.061482 0.004250 -0.097068
v 0.061482 0.006750 -0.097068
v 0.061861 0.004250 -0.097379
v 0.061861 0.006750 -0.097379
v 0.062293 0.004250 -0.097610
v 0.062293 0.006750 -0.097610
v 0.062762 0.004250 -0.097752
v 0.062762 0.006750 -0.097752
v 0.062050 0.006750 -0.095300
v 0.062141 0.006750 -0.094841
v 0.062073 0.006750 -0.095066
v 0.062073 0.006750 -0.095534
v 0.062252 0.006750 -0.094633
v 0.062252 0.006750 -0.095967
v 0.062141 0.006750 -0.095759
v 0.062583 0.006750 -0.094302
v 0.062583 0.006750 -0.096298
v 0.063016 0.006750 -0.096477
v 0.063484 0.006750 -0.096477
v 0.063250 0.006750 -0.096500
v 0.062791 0.006750 -0.096409
v 0.062401 0.006750 -0.094451
v 0.062401 0.006750 -0.096149
v 0.062791 0.006750 -0.094191
v 0.063250 0.006750 -0.094100
v 0.063484 0.006750 -0.094123
v 0.063016 0.006750 -0.094123
v 0.063709 0.006750 -0.094191
v 0.063917 0.006750 -0.096298
v 0.063917 0.006750 -0.094302
v 0.063709 0.006750 -0.096409
v 0.064248 0.006750 -0.095967
v 0.064248 0.006750 -0.094633
v 0.064099 0.006750 -0.096149
v 0.064450 0.006750 -0.095300
v 0.064427 0.006750 -0.095534
v 0.064359 0.006750 -0.094841
v 0.064427 0.006750 -0.095066
v 0.064359 0.006750 -0.095759
v 0.064099 0.006750 -0.094451
v 0.063016 0.004250 -0.096477
v 0.063250 0.004250 -0.096500
v 0.063484 0.004250 -0.096477
v 0.063709 0.004250 -0.094191
v 0.063917 0.004250 -0.094302
v 0.063709 0.004250 -0.096409
v 0.063484 0.004250 -0.094123
v 0.063917 0.004250 -0.096298
v 0.064099 0.004250 -0.096149
v 0.064248 0.004250 -0.094633
v 0.064248 0.004250 -0.095967
v 0.064450 0.004250 -0.095300
v 0.064427 0.004250 -0.095534
v 0.064359 0.004250 -0.094841
v 0.064427 0.004250 -0.095066
v 0.064359 0.004250 -0.095759
v 0.064099 0.004250 -0.094451
v 0.062050 0.004250 -0.095300
v 0.062141 0.004250 -0.094841
v 0.062073 0.004250 -0.095066
v 0.062073 0.004250 -0.095534
v 0.062252 0.004250 -0.094633
v 0.062252 0.004250 -0.095967
v 0.062401 0.004250 -0.094451
v 0.062141 0.004250 -0.095759
v 0.062583 0.004250 -0.096298
v 0.062583 0.004250 -0.094302
v 0.062401 0.004250 -0.096149
v 0.063250 0.004250 -0.094100
v 0.063016 0.004250 -0.094123
v 0.062791 0.004250 -0.094191
v 0.062791 0.004250 -0.096409
v 0.135000 0.007500 -0.055000
v 0.075000 0.006250 -0.137500
v 0.125000 0.006250 -0.137500
v 0.075000 0.003750 -0.137500
v 0.125000 0.006250 -0.052500
v 0.125000 0.003750 -0.137500
v 0.065000 0.006250 -0.137500
v 0.075000 0.006250 -0.052500
v 0.101750 0.010500 -0.091500
v 0.115000 0.006250 -0.137500
v 0.065000 0.003750 -0.137500
v 0.075000 0.003750 -0.052500
v 0.101750 0.010500 -0.100900
v 0.135000 0.002500 -0.055000
v 0.115000 0.003750 -0.137500
v 0.065000 0.006250 -0.052500
v 0.125000 0.003750 -0.052500
v 0.101516 0.010500 -0.091477
v 0.115000 0.006250 -0.052500
v 0.065000 0.003750 -0.052500
v 0.104500 0.002500 -0.097500
v 0.101291 0.010500 -0.091409
v 0.101516 0.010500 -0.100877
v 0.115000 0.003750 -0.052500
v 0.135000 0.007500 -0.135000
v 0.135000 0.002500 -0.135000
v 0.101083 0.010500 -0.091298
v 0.101291 0.010500 -0.100809
v 0.100901 0.010500 -0.091149
v 0.104500 0.002500 -0.102500
v 0.055000 0.007500 -0.055000
v 0.100752 0.010500 -0.090967
v 0.101083 0.010500 -0.100698
v 0.099500 0.005000 -0.097500
v 0.055000 0.002500 -0.055000
v 0.100641 0.010500 -0.090759
v 0.100901 0.010500 -0.100549
v 0.099500 0.002500 -0.097500
v 0.100573 0.010500 -0.090534
v 0.100752 0.010500 -0.100367
v 0.055000 0.007500 -0.135000
v 0.100550 0.010500 -0.090300
v 0.099500 0.002500 -0.102500
v 0.099500 0.005020 -0.092500
v 0.100573 0.010500 -0.090066
v 0.100641 0.010500 -0.100159
v 0.055000 0.002500 -0.135000
v 0.100641 0.010500 -0.089841
v 0.100573 0.010500 -0.099934
v 0.099500 0.002520 -0.092500
v 0.100752 0.010500 -0.089633
v 0.103000 0.007500 -0.108000
v 0.100550 0.010500 -0.099700
v 0.100901 0.010500 -0.089451
v 0.128000 0.007500 -0.132500
v 0.062000 0.007500 -0.132500
v 0.101083 0.010500 -0.089302
v 0.087000 0.007500 -0.108000
v 0.101291 0.010500 -0.089191
v 0.100573 0.010500 -0.099466
v 0.128000 0.002500 -0.132500
v 0.101516 0.010500 -0.089123
v 0.062000 0.002500 -0.132500
v 0.100641 0.010500 -0.099241
v 0.101750 0.010500 -0.089100
v 0.087000 0.002500 -0.108000
v 0.103000 0.002500 -0.108000
v 0.101984 0.010500 -0.089123
v 0.100752 0.010500 -0.099033
v 0.082000 0.007500 -0.087000
v 0.102209 0.010500 -0.089191
v 0.082000 0.007500 -0.103000
v 0.100901 0.010500 -0.098851
v 0.057500 0.007500 -0.062000
v 0.102417 0.010500 -0.089302
v 0.101083 0.010500 -0.098702
v 0.057500 0.007500 -0.128000
v 0.102599 0.010500 -0.089451
v 0.082000 0.002500 -0.103000
v 0.102748 0.010500 -0.089633
v 0.082000 0.002500 -0.087000
v 0.101291 0.010500 -0.098591
v 0.102859 0.010500 -0.089841
v 0.057500 0.002500 -0.062000
v 0.057500 0.002500 -0.128000
v 0.102927 0.010500 -0.090066
v 0.101516 0.010500 -0.098523
v 0.132500 0.007500 -0.062000
v 0.132500 0.007500 -0.128000
v 0.102950 0.010500 -0.090300
v 0.101750 0.010500 -0.098500
v 0.108000 0.007500 -0.103000
v 0.102927 0.010500 -0.090534
v 0.108000 0.007500 -0.087000
v 0.101984 0.010500 -0.098523
v 0.102859 0.010500 -0.090759
v 0.132500 0.002500 -0.062000
v 0.102209 0.010500 -0.098591
v 0.102748 0.010500 -0.090967
v 0.132500 0.002500 -0.128000
v 0.102599 0.010500 -0.091149
v 0.108000 0.002500 -0.103000
v 0.108000 0.002500 -0.087000
v 0.102417 0.010500 -0.091298
v 0.102417 0.010500 -0.098702
v 0.062000 0.007500 -0.057500
v 0.102209 0.010500 -0.091409
v 0.102599 0.010500 -0.098851
v 0.128000 0.007500 -0.057500
v 0.087000 0.007500 -0.082000
v 0.101984 0.010500 -0.091477
v 0.102748 0.010500 -0.099033
v 0.103000 0.007500 -0.082000
v 0.128000 0.002500 -0.057500
v 0.102859 0.010500 -0.099241
v 0.087000 0.002500 -0.082000
v 0.062000 0.002500 -0.057500
v 0.102927 0.010500 -0.099466
v 0.103000 0.002500 -0.082000
v 0.104500 0.007500 -0.102500
v 0.085500 0.007500 -0.087500
v 0.102950 0.010500 -0.099700
v 0.085500 0.007500 -0.102500
v 0.104500 0.007500 -0.087500
v 0.102927 0.010500 -0.099934
v 0.085500 0.002500 -0.087500
v 0.085500 0.002500 -0.102500
v 0.102859 0.010500 -0.100159
v 0.104500 0.002500 -0.087500
v 0.104500 0.002520 -0.092500
v 0.102748 0.010500 -0.100367
v 0.104500 0.002520 -0.087500
v 0.104500 0.005020 -0.092500
v 0.102599 0.010500 -0.100549
v 0.104500 0.005020 -0.087500
v 0.099500 0.005020 -0.087500
v 0.102417 0.010500 -0.100698
v 0.099500 0.002520 -0.087500
v 0.099500 0.002500 -0.102500
v 0.102209 0.010500 -0.100809
v 0.099500 0.002500 -0.102500
v 0.101984 0.010500 -0.100877
v 0.104500 0.002500 -0.102500
v 0.104500 0.002500 -0.097500
v 0.104500 0.002500 -0.097500
v 0.104500 0.005000 -0.097500
v 0.104500 0.005000 -0.102500
v 0.099500 0.005000 -0.102500
v 0.102950 0.005000 -0.099700
v 0.102927 0.005000 -0.099934
v 0.102927 0.005000 -0.099466
v 0.102748 0.005000 -0.099033
v 0.102735 0.005000 -0.099018
v 0.102748 0.005000 -0.100367
v 0.102599 0.005000 -0.098851
v 0.102859 0.005000 -0.099241
v 0.102859 0.005000 -0.100159
v 0.102599 0.005000 -0.100549
v 0.102417 0.005000 -0.098702
v 0.101750 0.005000 -0.098500
v 0.101984 0.005000 -0.098523
v 0.102209 0.005000 -0.098591
v 0.101291 0.005000 -0.098591
v 0.100901 0.005000 -0.098851
v 0.101516 0.005000 -0.098523
v 0.101083 0.005000 -0.098702
v 0.102417 0.005000 -0.100698
v 0.102209 0.005000 -0.100809
v 0.101984 0.005000 -0.100877
v 0.101750 0.005000 -0.100900
v 0.101083 0.005000 -0.100698
v 0.101291 0.005000 -0.100809
v 0.101516 0.005000 -0.100877
v 0.100752 0.005000 -0.099033
v 0.100752 0.005000 -0.100367
v 0.100550 0.005000 -0.099700
v 0.100573 0.005000 -0.099466
v 0.100573 0.005000 -0.099934
v 0.100641 0.005000 -0.099241
v 0.100641 0.005000 -0.100159
v 0.100901 0.005000 -0.100549
v 0.102748 0.005020 -0.090967
v 0.102417 0.005020 -0.091298
v 0.102599 0.005020 -0.091149
v 0.102209 0.005020 -0.091409
v 0.101750 0.005020 -0.091500
v 0.101984 0.005020 -0.091477
v 0.101291 0.005020 -0.091409
v 0.101516 0.005020 -0.091477
v 0.100752 0.005020 -0.089633
v 0.100752 0.005020 -0.090967
v 0.100901 0.005020 -0.089451
v 0.100901 0.005020 -0.091149
v 0.100550 0.005020 -0.090300
v 0.100573 0.005020 -0.090534
v 0.100641 0.005020 -0.089841
v 0.100573 0.005020 -0.090066
v 0.100641 0.005020 -0.090759
v 0.101083 0.005020 -0.091298
v 0.101083 0.005020 -0.089302
v 0.102927 0.005020 -0.090066
v 0.102950 0.005020 -0.090300
v 0.102927 0.005020 -0.090534
v 0.102748 0.005020 -0.089633
v 0.102859 0.005020 -0.089841
v 0.102859 0.005020 -0.090759
v 0.102417 0.005020 -0.089302
v 0.101984 0.005020 -0.089123
v 0.102209 0.005020 -0.089191
v 0.101516 0.005020 -0.089123
v 0.101291 0.005020 -0.089191
v 0.101750 0.005020 -0.089100
v 0.102599 0.005020 -0.089451
v 0.115000 0.003750 -0.055000
v 0.125000 0.003750 -0.055000
v 0.125000 0.006250 -0.055000
v 0.115000 0.006250 -0.055000
v 0.075000 0.003750 -0.055000
v 0.075000 0.006250 -0.055000
v 0.065000 0.006250 -0.055000
v 0.065000 0.003750 -0.055000
v 0.125000 0.006250 -0.135000
v 0.125000 0.003750 -0.135000
v 0.115000 0.003750 -0.135000
v 0.115000 0.006250 -0.135000
v 0.075000 0.006250 -0.135000
v 0.075000 0.003750 -0.135000
v 0.065000 0.006250 -0.135000
v 0.065000 0.003750 -0.135000
vn -1.0000 -0.0000 -0.0000
vn -0.0000 -0.0000 -1.0000
vn 1.0000 -0.0000 -0.0000
vn -0.0000 -0.0000 1.0000
vn -0.0000 -1.0000 -0.0000
vn -0.0000 1.0000 -0.0000
vn -0.0174 0.9998 -0.0000
vn -1.0000 0.0007 -0.0000
vn -0.0000 0.0117 0.9999
vn -0.0000 0.0117 -0.9999
vn 1.0000 0.0007 -0.0000
vn -0.7071 0.7071 -0.0000
vn -0.0000 0.7071 0.7071
vn 0.7071 0.7071 -0.0000
vn -0.0000 0.7071 -0.7071
vn -0.7071 -0.0000 -0.7071
vn -0.7071 -0.0000 0.7071
vn -0.0000 0.7267 0.6870
vn -0.0099 -0.0000 1.0000
vn -0.0006 1.0000 -0.0000
vn -0.0099 -0.0000 -1.0000
vn -0.0006 -1.0000 -0.0000
vn -0.8480 -0.0000 0.5300
vn -0.0000 0.0099 1.0000
vn -1.0000 0.0006 -0.0000
vn -0.0000 0.0099 -1.0000
vn 1.0000 0.0006 -0.0000
vn -0.8944 -0.0000 0.4472
vn -1.0000 0.0001 -0.0000
vn -0.7682 -0.0000 0.6402
vn 0.9998 -0.0000 -0.0200
vn -0.7071 -0.7071 -0.0000
vn -0.8944 -0.0000 -0.4472
vn 0.7071 -0.0000 0.7071
vn 0.7071 -0.7071 -0.0000
vn 0.7071 -0.0000 -0.7071
vn 0.6247 -0.0000 0.7809
vn 0.9545 -0.0000 0.2983
vn 0.6925 -0.0000 0.7214
vn 0.7969 -0.0000 -0.6041
vn -0.7969 -0.0000 -0.6041
vn -0.8192 -0.0000 0.5735
vn -0.8192 -0.0000 -0.5735
vn 0.8192 -0.0000 -0.5735
vn 0.8192 -0.0000 0.5735
vn -0.7969 -0.0000 0.6041
vn 0.7969 -0.0000 0.6041
vn -0.0980 -0.0000 -0.9952
vn -0.2903 -0.0000 -0.9569
vn -0.4714 -0.0000 -0.8819
vn -0.6344 -0.0000 -0.7730
vn -0.7730 -0.0000 -0.6344
vn -0.8819 -0.0000 -0.4714
vn -0.9569 -0.0000 -0.2904
vn -0.9952 -0.0000 -0.0981
vn -0.9952 -0.0000 0.0981
vn -0.9570 -0.0000 0.2902
vn -0.8820 -0.0000 0.4713
vn -0.7730 -0.0000 0.6344
vn -0.6343 -0.0000 0.7731
vn -0.4714 -0.0000 0.8819
vn -0.2903 -0.0000 0.9569
vn -0.0980 -0.0000 0.9952
vn 0.0980 -0.0000 0.9952
vn 0.2903 -0.0000 0.9569
vn 0.4714 -0.0000 0.8819
vn 0.6344 -0.0000 0.7730
vn 0.7730 -0.0000 0.6344
vn 0.8819 -0.0000 0.4714
vn 0.9570 -0.0000 0.2902
vn 0.9952 -0.0000 0.0979
vn 0.9952 -0.0000 -0.0981
vn 0.9569 -0.0000 -0.2904
vn 0.8819 -0.0000 -0.4714
vn 0.7730 -0.0000 -0.6345
vn 0.6344 -0.0000 -0.7730
vn 0.4714 -0.0000 -0.8819
vn 0.2903 -0.0000 -0.9569
vn 0.0980 -0.0000 -0.9952
vn -0.8819 -0.0000 -0.4715
vn -0.9569 -0.0000 -0.2905
vn -0.9570 -0.0000 0.2901
vn -0.6344 -0.0000 0.7730
vn 0.9952 -0.0000 0.0981
vn 0.9570 -0.0000 -0.2902
vn 0.7730 -0.0000 -0.6344
vn 0.4713 -0.0000 -0.8820
vn 0.0609 0.7798 -0.6231
vn -0.5602 0.6852 -0.4654
vn -0.9922 0.0773 -0.0974
vn 0.3417 0.6834 -0.6452
vn -0.1602 0.8409 -0.5169
vn -0.7621 0.5162 -0.3907
vn 0.1720 -0.6881 0.7050
vn -0.9075 0.3073 -0.2865
vn -0.4931 0.6702 -0.5547
vn -0.6881 -0.5083 0.5178
vn -0.1865 -0.7791 0.5986
vn 0.9846 0.1477 -0.0931
vn 0.4569 0.6853 -0.5671
vn -0.8329 -0.3895 0.3932
vn -0.3331 -0.6856 0.6473
vn 0.7990 -0.4794 0.3629
vn 0.0609 -0.7798 0.6231
vn 0.5402 -0.6483 0.5365
vn 0.5676 -0.6811 0.4626
vn 0.8677 0.4339 -0.2426
vn 0.8677 -0.4338 0.2427
vn -0.0639 -0.7796 0.6230
vn -0.3331 0.6855 -0.6474
vn 0.9763 -0.1831 0.1152
vn 0.6562 0.6562 -0.3726
vn -0.9885 -0.1156 0.0971
vn 0.6221 0.6221 -0.4753
vn 0.1720 0.6881 -0.7049
vn -0.3831 -0.7848 0.4871
vn -0.0639 0.7796 -0.6230
vn -0.9113 -0.3299 0.2462
vn 0.3417 -0.6833 0.6453
vn -0.9569 -0.0000 -0.2903
vn -0.9952 -0.0000 -0.0980
vn -0.9952 -0.0000 0.0980
vn -0.9569 -0.0000 0.2903
vn -0.8819 -0.0000 0.4714
vn 0.9569 -0.0000 0.2903
vn 0.9952 -0.0000 0.0980
vn 0.9952 -0.0000 -0.0980
vn 0.9569 -0.0000 -0.2903
vn 0.4713 -0.0000 0.8819
vn 0.8819 -0.0000 -0.4715
vn -0.4713 -0.0000 0.8819
vn -0.6999 -0.0000 -0.7142
vn 0.6999 -0.0000 -0.7142
vn -0.7145 -0.0000 0.6996
vn -0.7145 -0.0000 -0.6996
vn 0.6999 -0.0000 0.7142
vn -0.6999 -0.0000 0.7142
vn 0.7145 -0.0000 -0.6996
vn 0.7145 -0.0000 0.6996
vn -0.0000 0.9992 -0.0412
vn -0.7142 -0.0000 -0.6999
vn -0.7142 -0.0000 0.6999
vn 0.7142 -0.0000 0.6999
vn 0.7142 -0.0000 -0.6999
vn -0.7006 -0.0000 -0.7136
vn -0.7006 -0.0000 0.7136
vn 0.7136 -0.0000 -0.7006
vn -0.7136 -0.0000 -0.7006
vn 0.7006 -0.0000 0.7136
vn 0.7006 -0.0000 -0.7136
vn -0.7136 -0.0000 0.7006
vn 0.7136 -0.0000 0.7006
vn -0.9569 -0.0000 0.2904
vn -0.8820 -0.0000 -0.4713
vn 0.9569 -0.0000 0.2904
vn -0.9570 -0.0000 -0.2902
vn 0.7730 -0.0000 -0.6343
vn 0.2903 -0.0000 0.9570
vn -0.0981 -0.0000 -0.9952
vn -0.9952 -0.0000 0.0979
vn -0.4715 -0.0000 0.8819
vn 0.0981 -0.0000 -0.9952
vn 0.7730 -0.0000 0.6345
vn -0.9231 -0.0000 0.3846
vn -0.0000 0.7557 -0.6549
vn -0.0000 0.7266 0.6870
vn -0.9545 -0.0000 -0.2983
vn -0.8480 -0.0000 -0.5300
vn -0.9701 -0.0000 -0.2425
vn -0.0000 1.0000 -0.0094
vn -0.0000 0.9993 0.0375
vn -0.4706 -0.0000 -0.8824
vn -0.9545 -0.0000 0.2983
vn -0.9923 -0.0000 0.1240
vn -0.0000 0.7399 -0.6727
vn -0.9701 -0.0000 0.2425
vn 0.9545 -0.0000 -0.2983
vn 0.8480 -0.0000 -0.5300
vn -0.9162 -0.4008 -0.0000
vn -0.6343 -0.0000 -0.7731
vn 0.9952 -0.0000 -0.0979
vn -0.9570 -0.0000 -0.2901
vn -0.9569 -0.0000 0.2905
vn -0.8819 -0.0000 0.4715
vn 0.4713 -0.0000 0.8820
vn 0.0639 0.7796 -0.6230
vn -0.6588 0.5270 -0.5369
vn -0.9869 0.1234 -0.1036
vn 0.3331 0.6855 -0.6474
vn -0.1720 0.6881 -0.7049
vn -0.7059 0.5647 -0.4275
vn 0.1865 -0.7791 0.5986
vn -0.9134 0.3262 -0.2434
vn -0.4569 0.6853 -0.5671
vn -0.5676 -0.6811 0.4626
vn -0.1720 -0.6881 0.7050
vn 0.9881 0.1119 -0.1057
vn 0.4931 0.6702 -0.5547
vn -0.8153 -0.4076 0.4113
vn -0.3417 -0.6833 0.6453
vn 0.7611 -0.5171 0.3916
vn 0.0639 -0.7796 0.6230
vn 0.3831 -0.7848 0.4871
vn 0.6594 -0.5974 0.4564
vn 0.8953 0.3650 -0.2552
vn 0.8636 -0.4401 0.2461
vn -0.0609 -0.7798 0.6231
vn -0.3417 0.6834 -0.6452
vn 0.9869 -0.1367 0.0861
vn 0.6473 0.6629 -0.3764
vn -0.9869 -0.1234 0.1036
vn 0.5602 0.6852 -0.4654
vn 0.1602 0.8409 -0.5169
vn -0.5402 -0.6483 0.5365
vn -0.0609 0.7798 -0.6231
vn -0.9100 -0.3033 0.2827
vn 0.3331 -0.6856 0.6473
vn 0.4715 -0.0000 0.8819
vn 0.8819 -0.0000 0.4715
vn 0.4715 -0.0000 -0.8819
vn -0.4715 -0.0000 -0.8819
vn -0.0000 -0.8346 0.5508
vn -0.0981 -0.0000 0.9952
vn 0.0981 -0.0000 0.9952
vn -0.0000 1.0000 0.0025
vn 0.0014 -1.0000 -0.0000
vn 0.2903 -0.0000 -0.9570
vn -0.9570 -0.0000 0.2903
vn 0.7730 -0.0000 0.6343
vn 0.7733 -0.0000 0.6340
vn -0.7730 -0.0000 -0.6345
vt 0.625000 0.750000
vt 0.625000 0.000000
vt 0.625000 0.000000
vt 0.625000 1.000000
vt 0.875000 0.750000
vt 0.625000 0.000000
vt 0.625000 1.000000
vt 0.875000 0.750000
vt 0.625000 0.000000
vt 0.625000 1.000000
vt 0.875000 0.750000
vt 0.625000 0.250000
vt 0.875000 0.500000
vt 0.375000 0.000000
vt 0.375000 1.000000
vt 0.625000 0.000000
vt 0.625000 1.000000
vt 0.875000 0.750000
vt 0.625000 0.250000
vt 0.875000 0.500000
vt 0.625000 0.750000
vt 0.625000 0.250000
vt 0.875000 0.500000
vt 0.625000 0.500000
vt 0.625000 0.750000
vt 0.827980 0.702980
vt 0.625000 0.250000
vt 0.875000 0.500000
vt 0.625000 0.750000
vt 0.625000 0.500000
vt 0.375000 0.000000
vt 0.375000 1.000000
vt 0.827980 0.547020
vt 0.625000 0.750000
vt 0.625000 0.500000
vt 0.625000 0.000000
vt 0.625000 0.750000
vt 0.375000 0.750000
vt 0.625000 0.500000
vt 0.625000 0.000000
vt 0.625000 0.750000
vt 0.375000 0.250000
vt 0.672020 0.702980
vt 0.375000 1.000000
vt 0.375000 0.000000
vt 0.375000 0.500000
vt 0.375000 0.750000
vt 0.672020 0.547020
vt 0.625000 0.750000
vt 0.625000 0.000000
vt 0.375000 0.250000
vt 0.625000 0.500000
vt 0.625000 0.000000
vt 0.625000 0.250000
vt 0.625000 0.750000
vt 0.375000 0.000000
vt 0.375000 1.000000
vt 0.375000 0.500000
vt 0.625000 0.750000
vt 0.625000 0.500000
vt 0.375000 0.750000
vt 0.625000 0.000000
vt 0.625000 0.250000
vt 0.625000 0.000000
vt 0.625000 0.250000
vt 0.375000 0.250000
vt 0.375000 0.500000
vt 0.625000 0.250000
vt 0.625000 0.000000
vt 0.625000 0.250000
vt 0.625000 0.500000
vt 0.625000 0.750000
vt 0.625000 0.500000
vt 0.625000 0.750000
vt 0.625000 0.500000
vt 0.625000 0.250000
vt 0.625000 0.500000
vt 0.375000 0.750000
vt 0.625000 0.250000
vt 0.625000 0.500000
vt 0.625000 0.500000
vt 0.625000 0.750000
vt 0.375000 0.250000
vt 0.625000 0.500000
vt 0.625000 0.250000
vt 0.375000 0.500000
vt 0.375000 0.750000
vt 0.375000 0.500000
vt 0.187500 0.687500
vt 0.250000 0.750000
vt 0.187500 0.687500
vt 0.375000 0.000000
vt 0.125000 0.750000
vt 0.375000 1.000000
vt 0.250000 0.500000
vt 0.187500 0.562500
vt 0.187500 0.562500
vt 0.125000 0.500000
vt 0.375000 0.250000
vt 0.375000 0.625000
vt 0.312500 0.562500
vt 0.375000 0.750000
vt 0.375000 0.625000
vt 0.312500 0.687500
vt 0.375000 0.750000
vt 0.312500 0.687500
vt 0.375000 0.750000
vt 0.375000 0.500000
vt 0.312500 0.562500
vt 0.375000 0.500000
vt 0.156250 0.750000
vt 0.400000 0.025000
vt 0.400000 0.225000
vt 0.156250 0.500000
vt 0.125000 0.531250
vt 0.400000 0.275000
vt 0.375000 0.531250
vt 0.400000 0.475000
vt 0.125000 0.562500
vt 0.187500 0.500000
vt 0.312500 0.625000
vt 0.375000 0.687500
vt 0.312500 0.750000
vt 0.375000 0.625000
vt 0.312500 0.687500
vt 0.316667 0.566667
vt 0.375000 0.718750
vt 0.400000 0.775000
vt 0.125000 0.718750
vt 0.400000 0.975000
vt 0.187500 0.750000
vt 0.125000 0.687500
vt 0.000000 0.000000
vt 0.375000 0.562500
vt 0.312500 0.625000
vt 0.320312 0.562500
vt 0.312500 0.687500
vt 0.326389 0.701389
vt 0.343750 0.500000
vt 0.400000 0.525000
vt 0.400000 0.725000
vt 0.343750 0.750000
vt 0.312500 0.500000
vt 0.375000 0.562500
vt 0.375000 0.687500
vt 0.312500 0.750000
vt 0.000000 0.000000
vt 0.250000 0.562500
vt 0.250000 0.687500
vt 0.375000 0.625000
vt 0.312500 0.687500
vt 0.305556 0.555556
vt 0.312500 0.562500
vt 0.375000 0.625000
vt 0.125000 0.750000
vt 0.375000 0.000000
vt 0.375000 1.000000
vt 0.125000 0.500000
vt 0.375000 0.250000
vt 0.375000 0.750000
vt 0.375000 0.500000
vt 0.375000 1.000000
vt 0.125000 0.750000
vt 0.375000 0.000000
vt 0.125000 0.500000
vt 0.375000 0.250000
vt 0.375000 0.750000
vt 0.375000 0.500000
vt 0.375000 1.000000
vt 0.125000 0.750000
vt 0.125000 0.500000
vt 0.375000 0.250000
vt 0.375000 0.750000
vt 0.156250 0.687500
vt 0.375000 0.500000
vt 0.343750 0.562500
vt 0.187500 0.562500
vt 0.156250 0.562500
vt 0.343750 0.687500
vt 0.187500 0.687500
vt 0.312500 0.687500
vt 0.312500 0.562500
vt 0.375000 0.250000
vt 0.125000 0.539062
vt 0.125000 0.554688
vt 0.375000 1.000000
vt 0.375000 0.500000
vt 0.375000 0.539062
vt 0.375000 0.554688
vt 0.375000 0.750000
vt 0.875000 0.500000
vt 0.625000 0.250000
vt 0.625000 0.000000
vt 0.625000 0.250000
vt 0.625000 0.500000
vt 0.625000 0.750000
vt 0.875000 0.750000
vt 0.625000 0.000000
vt 0.625000 0.750000
vt 0.625000 0.500000
vt 0.875000 0.500000
vt 0.625000 0.250000
vt 0.625000 0.000000
vt 0.625000 0.250000
vt 0.625000 0.500000
vt 0.625000 0.750000
vt 0.875000 0.750000
vt 0.625000 0.000000
vt 0.625000 0.750000
vt 0.625000 0.500000
vt 0.187500 0.718750
vt 0.187500 0.687500
vt 0.312500 0.718750
vt 0.375000 0.500000
vt 0.312500 0.531250
vt 0.375000 0.750000
vt 0.312500 0.562500
vt 0.375000 0.250000
vt 0.125000 0.500000
vt 0.187500 0.531250
vt 0.375000 0.000000
vt 0.125000 0.750000
vt 0.312500 0.687500
vt 0.187500 0.562500
vt 0.375000 0.000000
vt 0.164063 0.750000
vt 0.375000 0.750000
vt 0.179688 0.750000
vt 0.164063 0.500000
vt 0.375000 0.250000
vt 0.375000 0.500000
vt 0.179688 0.500000
vt 0.625000 0.000000
vt 0.875000 0.500000
vt 0.625000 0.250000
vt 0.625000 0.500000
vt 0.625000 0.250000
vt 0.625000 0.750000
vt 0.625000 0.500000
vt 0.625000 0.000000
vt 0.875000 0.750000
vt 0.625000 0.750000
vt 0.625000 0.750000
vt 0.875000 0.750000
vt 0.625000 0.000000
vt 0.875000 0.500000
vt 0.625000 0.250000
vt 0.625000 0.000000
vt 0.625000 0.750000
vt 0.625000 0.500000
vt 0.625000 0.250000
vt 0.625000 0.500000
vt 0.187500 0.687500
vt 0.312500 0.687500
vt 0.375000 0.750000
vt 0.312500 0.718750
vt 0.125000 0.750000
vt 0.375000 0.000000
vt 0.375000 0.250000
vt 0.125000 0.500000
vt 0.375000 0.500000
vt 0.187500 0.531250
vt 0.312500 0.531250
vt 0.187500 0.562500
vt 0.187500 0.718750
vt 0.312500 0.562500
vt 0.375000 0.000000
vt 0.320313 0.750000
vt 0.335938 0.750000
vt 0.375000 0.750000
vt 0.320312 0.500000
vt 0.375000 0.250000
vt 0.335937 0.500000
vt 0.375000 0.500000
vt 0.125000 0.750000
vt 0.375000 1.000000
vt 0.375000 0.000000
vt 0.375000 0.750000
vt 0.125000 0.500000
vt 0.375000 0.250000
vt 0.375000 0.500000
vt 0.125000 0.750000
vt 0.375000 1.000000
vt 0.375000 0.000000
vt 0.125000 0.500000
vt 0.375000 0.250000
vt 0.375000 0.750000
vt 0.375000 0.500000
vt 0.000000 0.000000
vt 0.000000 0.000000
vt 0.000000 0.000000
vt 0.000000 0.000000
vt 0.000000 0.000000
vt 0.000000 0.000000
vt 0.000000 0.000000
vt 0.000000 0.000000
vt 0.000000 0.000000
vt 0.000000 0.000000
vt 0.000000 0.000000
vt 0.000000 0.000000
vt 0.000000 0.000000
vt 0.125000 0.695312
vt 0.125000 0.710937
vt 0.000000 0.000000
vt 0.375000 0.710937
vt 0.000000 0.000000
vt 0.375000 0.695312
vt 0.000000 0.000000
vt 0.395625 0.092852
vt 0.855484 0.730484
vt 0.395625 0.080000
vt 0.625000 0.984375
vt 0.859375 0.750000
vt 0.395625 0.157148
vt 0.855484 0.519516
vt 0.395625 0.170000
vt 0.625000 0.265625
vt 0.859375 0.500000
vt 0.140625 0.750000
vt 0.379375 0.080000
vt 0.375000 0.984375
vt 0.379375 0.170000
vt 0.375000 0.265625
vt 0.140625 0.500000
vt 0.179688 0.642546
vt 0.375000 0.642546
vt 0.822038 0.702980
vt 0.375000 0.607454
vt 0.179688 0.607454
vt 0.822038 0.547020
vt 0.187500 0.642546
vt 0.789293 0.702980
vt 0.187500 0.607454
vt 0.789293 0.547020
vt 0.215480 0.607454
vt 0.672020 0.547020
vt 0.215480 0.642546
vt 0.672020 0.702980
vt 0.352314 0.642546
vt 0.827980 0.702980
vt 0.352314 0.607454
vt 0.827980 0.547020
vt 0.375000 0.642546
vt 0.822038 0.702980
vt 0.375000 0.607454
vt 0.822038 0.547020
vt 0.387500 0.000000
vt 0.387500 1.000000
vt 0.281250 0.750000
vt 0.093750 0.250000
vt 0.512500 0.500000
vt 0.293750 0.737500
vt 0.512500 0.750000
vt 0.293750 0.262500
vt 0.512500 0.250000
vt 0.512500 0.000000
vt 0.293750 0.575000
vt 0.512500 1.000000
vt 0.387500 0.750000
vt 0.281250 0.562500
vt 0.093750 0.187500
vt 0.512500 0.250000
vt 0.265625 0.562500
vt 0.512500 0.500000
vt 0.218750 0.437500
vt 0.512500 0.000000
vt 0.512500 1.000000
vt 0.234375 0.437500
vt 0.512500 0.750000
vt 0.328125 0.312500
vt 0.387500 0.250000
vt 0.340625 0.325000
vt 0.512500 0.500000
vt 0.512500 0.000000
vt 0.375000 0.546875
vt 0.512500 1.000000
vt 0.375000 0.515625
vt 0.387500 0.500000
vt 0.387500 0.503125
vt 0.512500 0.250000
vt 0.387500 0.528125
vt 0.512500 0.750000
vt 0.125000 0.750000
vt 0.375000 0.250000
vt 0.375000 1.000000
vt 0.125000 0.750000
vt 0.375000 0.000000
vt 0.375000 1.000000
vt 0.375000 0.250000
vt 0.375000 0.500000
vt 0.125000 0.500000
vt 0.375000 0.750000
vt 0.375000 0.523223
vt 0.375000 0.500000
vt 0.375000 1.000000
vt 0.625000 0.000000
vt 0.375000 0.500000
vt 0.625000 0.000000
vt 0.625000 1.000000
vt 0.375000 1.000000
vt 0.625000 0.000000
vt 0.375000 0.523223
vt 0.375000 0.044822
vt 0.375000 1.000000
vt 0.148223 0.750000
vt 0.375000 0.044822
vt 0.375000 0.023223
vt 0.125000 0.726777
vt 0.375000 0.705178
vt 0.375000 0.544822
vt 0.375000 0.476777
vt 0.351777 0.500000
vt 0.468750 0.937500
vt 0.812500 0.687500
vt 0.625000 0.250000
vt 0.375000 0.250000
vt 0.625000 0.000000
vt 0.625000 1.000000
vt 0.875000 0.750000
vt 0.625000 1.000000
vt 0.468750 0.812500
vt 0.687500 0.687500
vt 0.625000 0.750000
vt 0.625000 0.750000
vt 0.375000 0.750000
vt 0.625000 0.250000
vt 0.625000 0.250000
vt 0.375000 0.250000
vt 0.850000 0.725000
vt 0.500000 1.000000
vt 0.500000 0.750000
vt 0.650000 0.725000
vt 0.625000 0.750000
vt 0.375000 0.750000
vt 0.468750 1.000000
vt 0.875000 0.687500
vt 0.375000 0.500000
vt 0.625000 0.500000
vt 0.875000 0.718750
vt 0.600000 0.975000
vt 0.625000 0.718750
vt 0.600000 0.775000
vt 0.625000 0.750000
vt 0.468750 0.750000
vt 0.625000 0.687500
vt 0.375000 0.500000
vt 0.625000 0.500000
vt 0.625000 0.250000
vt 0.612500 1.000000
vt 0.657500 0.948125
vt 0.612500 0.000000
vt 0.645000 0.935625
vt 0.487500 0.750000
vt 0.782500 0.791875
vt 0.487500 0.500000
vt 0.783661 0.793036
vt 0.499112 0.476777
vt 0.499112 0.544822
vt 0.625000 0.500000
vt 0.670273 0.934772
vt 0.612500 0.023223
vt 0.612500 0.705178
vt 0.607500 0.758125
vt 0.487500 0.000000
vt 0.487500 0.250000
vt 0.612500 0.000000
vt 0.612500 1.000000
vt 0.620000 0.745625
vt 0.487500 0.250000
vt 0.620000 0.714375
vt 0.487500 0.523223
vt 0.625000 0.750000
vt 0.499112 0.523223
vt 0.621161 0.713214
vt 0.499112 0.205178
vt 0.612500 0.205178
vt 0.621161 0.741561
vt 0.612500 1.000000
vt 0.625000 0.500000
vt 0.000000 0.000000
vt 0.000000 0.000000
vt 0.000000 0.000000
vt 0.000000 0.000000
vt 0.500003 0.000000
vt 0.500003 1.000000
vt 0.500003 0.250000
vt 0.500003 0.500000
vt 0.500003 0.750000
vt 0.500003 0.000000
vt 0.500003 1.000000
vt 0.500003 0.250000
vt 0.500003 0.750000
vt 0.500003 0.500000
vt 0.625000 0.750000
vt 0.625000 0.500000
vt 0.875000 0.750000
vt 0.625000 0.000000
vt 0.625000 1.000000
vt 0.875000 0.500000
vt 0.625000 0.250000
vt 0.625000 0.750000
vt 0.625000 0.500000
vt 0.875000 0.750000
vt 0.625000 0.000000
vt 0.625000 1.000000
vt 0.875000 0.500000
vt 0.625000 0.250000
vt 0.000000 0.000000
vt 0.000000 0.000000
vt 0.000000 0.000000
vt 0.500003 1.000000
vt 0.000000 0.000000
vt 0.500003 0.000000
vt 0.000000 0.000000
vt 0.000000 0.000000
vt 0.500003 0.500000
vt 0.000000 0.000000
vt 0.500003 0.250000
vt 0.000000 0.000000
vt 0.500003 0.750000
vt 0.500003 1.000000
vt 0.000000 0.000000
vt 0.500003 0.000000
vt 0.000000 0.000000
vt 0.500003 0.250000
vt 0.000000 0.000000
vt 0.500003 0.750000
vt 0.500003 0.500000
vt 0.000000 0.000000
vt 0.875000 0.710937
vt 0.000000 0.000000
vt 0.668751 0.903124
vt 0.000000 0.000000
vt 0.875000 0.695312
vt 0.806251 0.759374
vt 0.874999 0.695312
vt 0.000000 0.000000
vt 0.874999 0.710937
vt 0.000000 0.000000
vt 0.625001 0.710937
vt 0.000000 0.000000
vt 0.000000 0.000000
vt 0.625001 0.695312
vt 0.000000 0.000000
vt 0.625000 0.710937
vt 0.606250 0.753125
vt 0.618750 0.709375
vt 0.000000 0.000000
vt 0.625000 0.695312
vt 0.668751 0.903124
vt 0.000000 0.000000
vt 0.806251 0.759374
vt 0.000000 0.000000
vt 0.618750 0.709374
vt 0.000000 0.000000
vt 0.000000 0.000000
vt 0.606250 0.753124
vt 0.625000 0.000000
vt 0.875000 0.500000
vt 0.375000 1.000000
vt 0.625000 0.250000
vt 0.875000 0.500000
vt 0.375000 0.250000
vt 0.625000 0.750000
vt 0.375000 0.750000
vt 0.625000 0.750000
vt 0.625000 0.500000
vt 0.375000 0.500000
vt 0.875000 0.500000
vt 0.625000 0.000000
vt 0.375000 1.000000
vt 0.375000 0.250000
vt 0.875000 0.500000
vt 0.625000 0.250000
vt 0.625000 0.750000
vt 0.375000 0.750000
vt 0.625000 0.750000
vt 0.375000 0.500000
vt 0.625000 0.500000
vt 0.125000 0.750000
vt 0.375000 1.000000
vt 0.375000 0.000000
vt 0.625000 1.000000
vt 0.625000 0.000000
vt 0.875000 0.750000
vt 0.375000 0.750000
vt 0.437500 0.968750
vt 0.375000 1.000000
vt 0.499999 0.000000
vt 0.437500 0.812500
vt 0.375000 1.000000
vt 0.499999 0.000000
vt 0.375000 0.750000
vt 0.437500 0.781250
vt 0.499999 0.750000
vt 0.625000 0.750000
vt 0.375000 0.250000
vt 0.562500 0.968750
vt 0.499999 0.250000
vt 0.375000 0.500000
vt 0.562500 0.937500
vt 0.499999 0.500000
vt 0.375000 0.750000
vt 0.437500 0.937500
vt 0.499999 0.750000
vt 0.375000 0.250000
vt 0.562500 0.812500
vt 0.499999 0.250000
vt 0.375000 0.500000
vt 0.562500 0.781250
vt 0.499999 0.500000
vt 0.125000 0.750000
vt 0.375000 0.000000
vt 0.476563 1.000000
vt 0.375000 1.000000
vt 0.499999 0.000000
vt 0.492188 1.000000
vt 0.625000 0.000000
vt 0.875000 0.750000
vt 0.500001 0.000000
vt 0.375000 1.000000
vt 0.500001 0.750000
vt 0.375000 0.750000
vt 0.375000 0.750000
vt 0.499999 0.750000
vt 0.492188 0.750000
vt 0.625000 0.750000
vt 0.476563 0.750000
vt 0.375000 0.750000
vt 0.375000 0.250000
vt 0.499999 0.250000
vt 0.500001 0.250000
vt 0.375000 0.250000
vt 0.499999 0.750000
vt 0.375000 0.750000
vt 0.499999 0.500000
vt 0.375000 0.500000
vt 0.500001 0.750000
vt 0.375000 0.750000
vt 0.375000 0.500000
vt 0.500001 0.500000
vt 0.375000 1.000000
vt 0.499999 0.000000
vt 0.375000 0.250000
vt 0.499999 0.250000
vt 0.500001 0.000000
vt 0.375000 1.000000
vt 0.500001 0.250000
vt 0.375000 0.250000
vt 0.499999 0.500000
vt 0.375000 0.500000
vt 0.375000 0.500000
vt 0.500001 0.500000
vt 0.375000 0.000000
vt 0.375000 1.000000
vt 0.125000 0.750000
vt 0.125000 0.750000
vt 0.375000 0.023223
vt 0.375000 1.000000
vt 0.375000 0.750000
vt 0.375000 0.250000
vt 0.375000 1.000000
vt 0.375000 1.000000
vt 0.375000 0.750000
vt 0.375000 0.500000
vt 0.375000 1.000000
vt 0.375000 0.250000
vt 0.375000 0.476777
vt 0.375000 0.750000
vt 0.375000 0.500000
vt 0.375000 0.023223
vt 0.125000 0.726777
vt 0.375000 0.705178
vt 0.375000 0.476777
vt 0.351777 0.500000
vt 0.375000 0.544822
vt 0.375000 0.023223
vt 0.125000 0.726777
vt 0.375000 0.705178
vt 0.375000 0.250000
vt 0.375000 0.500000
vt 0.375000 0.476777
vt 0.351777 0.500000
vt 0.375000 0.705178
vt 0.687500 0.687500
vt 0.468750 0.687500
vt 0.375000 0.250000
vt 0.375000 0.500000
vt 0.687500 0.562500
vt 0.468750 0.562500
vt 0.625000 0.750000
vt 0.625000 0.500000
vt 0.650000 0.525000
vt 0.500000 0.500000
vt 0.500000 0.750000
vt 0.650000 0.725000
vt 0.375000 1.000000
vt 0.375000 0.750000
vt 0.468750 0.500000
vt 0.687500 0.500000
vt 0.468750 0.750000
vt 0.687500 0.750000
vt 0.600000 0.725000
vt 0.656250 0.750000
vt 0.375000 0.750000
vt 0.375000 0.500000
vt 0.656250 0.500000
vt 0.600000 0.525000
vt 0.375000 1.000000
vt 0.375000 0.750000
vt 0.670424 0.750000
vt 0.499112 0.476777
vt 0.499112 0.705178
vt 0.671875 0.750000
vt 0.487500 0.476777
vt 0.487500 0.500000
vt 0.375000 0.750000
vt 0.375000 0.500000
vt 0.656250 0.750000
vt 0.487500 0.500000
vt 0.487500 0.750000
vt 0.612500 0.705178
vt 0.642076 0.750000
vt 0.612500 0.000000
vt 0.612500 0.000000
vt 0.612500 0.750000
vt 0.640625 0.750000
vt 0.660625 0.505000
vt 0.487500 0.000000
vt 0.487500 1.000000
vt 0.499112 0.023223
vt 0.661786 0.503839
vt 0.499112 0.705178
vt 0.629375 0.505000
vt 0.612500 0.500000
vt 0.616875 0.517500
vt 0.487500 0.750000
vt 0.612500 0.544822
vt 0.633439 0.503839
vt 0.612500 0.476777
vt 0.375000 1.000000
vt 0.125000 0.750000
vt 0.375000 0.250000
vt 0.125000 0.500000
vt 0.375000 0.250000
vt 0.375000 0.500000
vt 0.375000 1.000000
vt 0.375000 0.750000
vt 0.375000 0.750000
vt 0.375000 0.500000
vt 0.125000 0.500000
vt 0.375000 0.250000
vt 0.375000 0.500000
vt 0.375000 0.750000
vt 0.375000 0.500000
vt 0.125000 0.750000
vt 0.375000 0.250000
vt 0.375000 1.000000
vt 0.375000 0.750000
vt 0.375000 1.000000
vt 0.625000 0.750000
vt 0.625000 0.500000
vt 0.812500 0.562500
vt 0.500001 0.000000
vt 0.500001 0.750000
vt 0.500001 0.500000
vt 0.812500 0.531250
vt 0.500001 0.750000
vt 0.500001 0.250000
vt 0.687500 0.562500
vt 0.500001 0.000000
vt 0.687500 0.687500
vt 0.500001 0.500000
vt 0.500001 0.250000
vt 0.812500 0.687500
vt 0.500001 0.750000
vt 0.500001 0.500000
vt 0.500001 0.000000
vt 0.687500 0.718750
vt 0.500001 0.250000
vt 0.625000 0.000000
vt 0.875000 0.750000
vt 0.625000 0.250000
vt 0.875000 0.500000
vt 0.500001 0.000000
vt 0.812500 0.718750
vt 0.500001 0.750000
vt 0.500001 0.500000
vt 0.500001 0.250000
vt 0.687500 0.531250
vt 0.679688 0.750000
vt 0.625000 0.000000
vt 0.875000 0.750000
vt 0.500000 0.000003
vt 0.500000 0.750003
vt 0.625000 0.750000
vt 0.664062 0.750000
vt 0.500001 0.750000
vt 0.500001 0.500000
vt 0.500000 0.000003
vt 0.500001 0.250000
vt 0.500000 0.250003
vt 0.500000 0.500003
vt 0.500000 0.750003
vt 0.500001 0.000000
vt 0.500001 0.000000
vt 0.500001 0.250000
vt 0.500000 0.250003
vt 0.500000 0.500003
vt 0.500000 0.500003
vt 0.500001 0.750000
vt 0.625000 0.250000
vt 0.679688 0.500000
vt 0.875000 0.500000
vt 0.664062 0.500000
vt 0.625000 0.500000
vt 0.375000 0.500000
vt 0.625000 0.500000
vt 0.375000 0.750000
vt 0.625000 0.750000
vt 0.476562 0.750000
vt 0.375000 0.750000
vt 0.492188 0.750000
vt 0.625000 0.750000
vt 0.476562 0.500000
vt 0.375000 0.500000
vt 0.492188 0.500000
vt 0.625000 0.500000
vt 0.375000 0.000000
vt 0.375000 1.000000
vt 0.125000 0.750000
vt 0.375000 0.023223
vt 0.375000 1.000000
vt 0.125000 0.750000
vt 0.375000 0.000000
vt 0.375000 1.000000
vt 0.375000 1.000000
vt 0.375000 0.750000
vt 0.375000 0.000000
vt 0.375000 1.000000
vt 0.375000 0.250000
vt 0.625000 1.000000
vt 0.625000 0.000000
vt 0.375000 0.250000
vt 0.125000 0.500000
vt 0.375000 0.476777
vt 0.375000 0.750000
vt 0.375000 0.500000
vt 0.375000 0.023223
vt 0.125000 0.726777
vt 0.375000 0.705178
vt 0.625000 0.000000
vt 0.625000 1.000000
vt 0.625000 0.250000
vt 0.375000 0.250000
vt 0.375000 0.750000
vt 0.375000 0.500000
vt 0.375000 0.476777
vt 0.351777 0.500000
vt 0.375000 0.705178
vt 0.375000 0.523223
vt 0.375000 0.205178
vt 0.375000 0.976777
vt 0.148223 0.750000
vt 0.375000 0.044822
vt 0.375000 0.750000
vt 0.625000 0.250000
vt 0.687500 0.562500
vt 0.468750 0.437500
vt 0.625000 0.750000
vt 0.375000 0.500000
vt 0.875000 0.500000
vt 0.625000 0.250000
vt 0.812500 0.562500
vt 0.468750 0.312500
vt 0.625000 0.500000
vt 0.625000 0.750000
vt 0.625000 0.500000
vt 0.650000 0.525000
vt 0.500000 0.500000
vt 0.375000 0.500000
vt 0.850000 0.525000
vt 0.500000 0.250000
vt 0.625000 0.500000
vt 0.468750 0.250000
vt 0.875000 0.562500
vt 0.600000 0.475000
vt 0.625000 0.531250
vt 0.600000 0.275000
vt 0.875000 0.531250
vt 0.468750 0.500000
vt 0.625000 0.562500
vt 0.625000 0.546875
vt 0.487500 0.000000
vt 0.487500 1.000000
vt 0.499111 0.976777
vt 0.625000 0.545424
vt 0.499111 0.044822
vt 0.625000 0.515625
vt 0.612500 0.500000
vt 0.625000 0.531250
vt 0.487500 0.250000
vt 0.612500 0.523223
vt 0.612500 0.205178
vt 0.625000 0.517076
vt 0.837500 0.509375
vt 0.487500 0.000000
vt 0.487500 0.750000
vt 0.499111 0.000000
vt 0.825888 0.496312
vt 0.499111 0.705178
vt 0.612500 0.476777
vt 0.712500 0.353125
vt 0.612500 0.500000
vt 0.487500 0.750000
vt 0.837500 0.493750
vt 0.487500 0.500000
vt 0.612500 0.705178
vt 0.712500 0.354577
vt 0.612500 0.476777
vt 0.375000 1.000000
vt 0.125000 0.750000
vt 0.375000 0.000000
vt 0.125000 0.750000
vt 0.375000 0.250000
vt 0.375000 0.500000
vt 0.375000 0.750000
vt 0.375000 0.500000
vt 0.125000 0.750000
vt 0.375000 0.250000
vt 0.375000 0.500000
vt 0.375000 0.500000
vt 0.375000 0.750000
vt 0.375000 1.000000
vt 0.125000 0.750000
vt 0.375000 0.000000
vt 0.375000 0.250000
vt 0.125000 0.500000
vt 0.875000 0.500000
vt 0.625000 0.250000
vt 0.375000 0.500000
vt 0.625000 0.500000
vt 0.437500 0.281250
vt 0.375000 1.000000
vt 0.500001 0.000000
vt 0.500001 0.250000
vt 0.562500 0.281250
vt 0.375000 0.250000
vt 0.500001 0.750000
vt 0.437500 0.468750
vt 0.375000 0.750000
vt 0.500001 0.250000
vt 0.562500 0.437500
vt 0.375000 0.250000
vt 0.500001 0.500000
vt 0.562500 0.468750
vt 0.375000 0.500000
vt 0.437500 0.312500
vt 0.500001 0.750000
vt 0.375000 0.750000
vt 0.500001 0.000000
vt 0.437500 0.437500
vt 0.375000 1.000000
vt 0.562500 0.312500
vt 0.375000 0.500000
vt 0.500001 0.500000
vt 0.375000 0.250000
vt 0.476562 0.250000
vt 0.125000 0.500000
vt 0.375000 1.000000
vt 0.500001 0.000000
vt 0.875000 0.500000
vt 0.492188 0.250000
vt 0.625000 0.250000
vt 0.500000 0.750000
vt 0.375000 0.750000
vt 0.476562 0.500000
vt 0.375000 0.500000
vt 0.492188 0.500000
vt 0.625000 0.500000
vt 0.375000 0.250000
vt 0.500001 0.250000
vt 0.500000 0.750000
vt 0.375000 0.750000
vt 0.375000 0.500000
vt 0.500001 0.500000
vt 0.500001 0.000000
vt 0.375000 1.000000
vt 0.500000 0.250000
vt 0.375000 0.250000
vt 0.375000 0.500000
vt 0.500001 0.500000
vt 0.875000 0.750000
vt 0.625000 0.000000
vt 0.625000 1.000000
vt 0.625000 0.250000
vt 0.875000 0.500000
vt 0.625000 0.750000
vt 0.625000 0.500000
vt 0.625000 0.750000
vt 0.625000 0.500000
vt 0.625000 0.000000
vt 0.625000 1.000000
vt 0.875000 0.750000
vt 0.875000 0.500000
vt 0.625000 0.250000
vt 0.625000 0.250000
vt 0.875000 0.500000
vt 0.625000 0.500000
vt 0.625000 1.000000
vt 0.875000 0.750000
vt 0.625000 0.750000
vt 0.520000 0.250000
vt 0.843750 0.562500
vt 0.520000 0.000000
vt 0.520000 1.000000
vt 0.843750 0.687500
vt 0.520000 0.250000
vt 0.687500 0.562500
vt 0.520000 0.000000
vt 0.520000 1.000000
vt 0.687500 0.687500
vt 0.625000 0.250000
vt 0.875000 0.500000
vt 0.625000 0.500000
vt 0.625000 1.000000
vt 0.875000 0.750000
vt 0.520000 0.500000
vt 0.812500 0.562500
vt 0.520000 0.500000
vt 0.499999 0.750000
vt 0.656250 0.562500
vt 0.520000 0.750000
vt 0.656250 0.687500
vt 0.625000 0.750000
vt 0.520000 0.750000
vt 0.812500 0.687500
vt 0.875000 0.539062
vt 0.875000 0.500000
vt 0.625000 0.250000
vt 0.875000 0.750000
vt 0.875000 0.554688
vt 0.625000 1.000000
vt 0.625000 0.539062
vt 0.625000 0.500000
vt 0.625000 0.554688
vt 0.625000 0.750000
vt 0.375000 0.250000
vt 0.375000 1.000000
vt 0.125000 0.750000
vt 0.375000 0.250000
vt 0.375000 1.000000
vt 0.125000 0.750000
vt 0.375000 0.000000
vt 0.375000 1.000000
vt 0.375000 0.250000
vt 0.125000 0.500000
vt 0.375000 1.000000
vt 0.375000 0.250000
vt 0.375000 0.250000
vt 0.375000 0.500000
vt 0.125000 0.500000
vt 0.375000 0.500000
vt 0.375000 0.500000
vt 0.375000 0.523223
vt 0.375000 0.523223
vt 0.375000 0.205178
vt 0.375000 0.976777
vt 0.148223 0.750000
vt 0.375000 0.044822
vt 0.375000 0.523223
vt 0.375000 0.044822
vt 0.375000 0.044822
vt 0.375000 1.000000
vt 0.148223 0.750000
vt 0.375000 0.250000
vt 0.375000 0.500000
vt 0.875000 0.750000
vt 0.625000 0.000000
vt 0.812500 0.562500
vt 0.468750 0.187500
vt 0.375000 0.250000
vt 0.375000 0.500000
vt 0.812500 0.687500
vt 0.468750 0.062500
vt 0.625000 0.250000
vt 0.875000 0.500000
vt 0.375000 1.000000
vt 0.375000 0.750000
vt 0.850000 0.725000
vt 0.500000 0.000000
vt 0.500000 0.250000
vt 0.850000 0.525000
vt 0.843750 0.500000
vt 0.600000 0.225000
vt 0.843750 0.750000
vt 0.600000 0.025000
vt 0.375000 1.000000
vt 0.375000 0.750000
vt 0.375000 0.750000
vt 0.375000 0.500000
vt 0.468750 0.000000
vt 0.812500 0.750000
vt 0.812500 0.500000
vt 0.468750 0.250000
vt 0.612500 0.250000
vt 0.759063 0.407500
vt 0.612500 0.523223
vt 0.621562 0.270000
vt 0.487500 0.000000
vt 0.487500 0.250000
vt 0.375000 0.750000
vt 0.375000 0.500000
vt 0.487500 0.000000
vt 0.555937 0.282500
vt 0.487500 1.000000
vt 0.499112 1.000000
vt 0.568710 0.295273
vt 0.499112 0.205178
vt 0.612500 0.523223
vt 0.752967 0.408661
vt 0.612500 0.205178
vt 0.635625 0.130000
vt 0.487500 0.250000
vt 0.612500 1.000000
vt 0.648125 0.117500
vt 0.612500 0.000000
vt 0.741875 0.492500
vt 0.487500 0.500000
vt 0.499112 0.523223
vt 0.743036 0.491339
vt 0.499112 0.205178
vt 0.612500 0.044822
vt 0.657995 0.151174
vt 0.612500 0.976777
vt 0.125000 0.750000
vt 0.375000 0.000000
vt 0.875000 0.750000
vt 0.625000 0.000000
vt 0.125000 0.500000
vt 0.375000 0.250000
vt 0.875000 0.500000
vt 0.625000 0.250000
vt 0.375000 0.000000
vt 0.476563 0.000000
vt 0.125000 0.750000
vt 0.875000 0.750000
vt 0.492188 0.000000
vt 0.625000 0.000000
vt 0.125000 0.500000
vt 0.476563 0.250000
vt 0.375000 0.250000
vt 0.625000 0.250000
vt 0.492188 0.250000
vt 0.875000 0.500000
vt 0.375000 0.750000
vt 0.375000 1.000000
vt 0.375000 0.750000
vt 0.375000 0.500000
vt 0.125000 0.500000
vt 0.375000 0.500000
vt 0.375000 0.250000
vt 0.125000 0.750000
vt 0.375000 1.000000
vt 0.375000 0.250000
vt 0.375000 0.250000
vt 0.125000 0.750000
vt 0.375000 1.000000
vt 0.125000 0.500000
vt 0.375000 0.250000
vt 0.375000 0.500000
vt 0.375000 0.500000
vt 0.375000 0.750000
vt 0.375000 1.000000
vt 0.375000 0.750000
vt 0.625000 0.750000
vt 0.625000 0.500000
vt 0.812500 0.718750
vt 0.500001 0.000000
vt 0.500001 0.750000
vt 0.500001 0.250000
vt 0.687500 0.718750
vt 0.500001 0.000000
vt 0.500001 0.750000
vt 0.812500 0.531250
vt 0.500001 0.500000
vt 0.687500 0.531250
vt 0.500001 0.250000
vt 0.500001 0.500000
vt 0.875000 0.750000
vt 0.625000 0.000000
vt 0.875000 0.500000
vt 0.625000 0.250000
vt 0.500001 0.250000
vt 0.687500 0.687500
vt 0.500001 0.500000
vt 0.687500 0.562500
vt 0.500001 0.000000
vt 0.500001 0.250000
vt 0.812500 0.687500
vt 0.500001 0.750000
vt 0.500001 0.500000
vt 0.500001 0.750000
vt 0.812500 0.562500
vt 0.500001 0.000000
vt 0.835938 0.750000
vt 0.875000 0.750000
vt 0.625000 0.000000
vt 0.824191 0.710882
vt 0.500000 0.250002
vt 0.824191 0.719192
vt 0.500000 0.000002
vt 0.500000 0.250002
vt 0.824191 0.710882
vt 0.500001 0.250000
vt 0.625000 0.750000
vt 0.820312 0.750000
vt 0.500001 0.250000
vt 0.500001 0.000000
vt 0.824191 0.719192
vt 0.500000 0.750002
vt 0.832059 0.687058
vt 0.500000 0.500002
vt 0.832059 0.687058
vt 0.500001 0.750000
vt 0.500001 0.500000
vt 0.832059 0.719192
vt 0.500000 0.000002
vt 0.500000 0.750002
vt 0.500001 0.750000
vt 0.832059 0.719192
vt 0.500001 0.000000
vt 0.500000 0.250002
vt 0.500000 0.500002
vt 0.824191 0.687058
vt 0.500001 0.500000
vt 0.824191 0.687058
vt 0.500001 0.250000
vt 0.500001 0.750000
vt 0.832059 0.562942
vt 0.500001 0.000000
vt 0.500000 0.750002
vt 0.832059 0.530808
vt 0.500000 0.500002
vt 0.832059 0.530808
vt 0.500001 0.750000
vt 0.500001 0.500000
vt 0.832059 0.562942
vt 0.500000 0.000002
vt 0.500000 0.750002
vt 0.500001 0.000000
vt 0.500001 0.250000
vt 0.824191 0.562942
vt 0.500000 0.000002
vt 0.824191 0.562942
vt 0.500000 0.250002
vt 0.824191 0.539118
vt 0.500000 0.250002
vt 0.824191 0.539118
vt 0.500001 0.250000
vt 0.625000 0.250000
vt 0.835938 0.500000
vt 0.875000 0.500000
vt 0.820312 0.500000
vt 0.625000 0.500000
vt 0.500001 0.500000
vt 0.824191 0.530808
vt 0.500001 0.250000
vt 0.500000 0.250002
vt 0.500000 0.500002
vt 0.824191 0.530808
vt 0.000000 0.000000
vt 0.375000 0.695312
vt 0.000000 0.000000
vt 0.375000 0.710937
vt 0.625000 0.000000
vt 0.625000 1.000000
vt 0.875000 0.750000
vt 0.000000 0.000000
vt 0.625000 0.695312
vt 0.618750 0.709375
vt 0.625000 0.250000
vt 0.875000 0.500000
vt 0.625000 0.710937
vt 0.000000 0.000000
vt 0.606250 0.753125
vt 0.000000 0.000000
vt 0.606250 0.753124
vt 0.000000 0.000000
vt 0.618750 0.709374
vt 0.625000 0.750000
vt 0.000000 0.000000
vt 0.000000 0.000000
vt 0.625000 0.500000
vt 0.000000 0.000000
vt 0.000000 0.000000
vt 0.000000 0.000000
vt 0.000000 0.000000
vt 0.000000 0.000000
vt 0.000000 0.000000
vt 0.625000 0.000000
vt 0.875000 0.750000
vt 0.625000 0.804688
vt 0.625000 0.750000
vt 0.625000 0.789062
vt 0.125000 0.750000
vt 0.375000 0.000000
vt 0.375000 0.804688
vt 0.375000 0.750000
vt 0.375000 0.789062
vt 0.625000 0.750000
vt 0.375000 0.750000
vt 0.625000 1.000000
vt 0.625000 0.000000
vt 0.875000 0.750000
vt 0.125000 0.750000
vt 0.375000 0.000000
vt 0.375000 1.000000
vt 0.496731 0.523223
vt 0.496731 0.205178
vt 0.621219 0.712374
vt 0.610119 0.205178
vt 0.610119 1.000000
vt 0.621219 0.742139
vt 0.610119 0.000000
vt 0.610119 1.000000
vt 0.620000 0.746406
vt 0.485119 0.250000
vt 0.485119 0.000000
vt 0.606875 0.759531
vt 0.485119 0.523223
vt 0.485119 0.250000
vt 0.620000 0.713594
vt 0.610119 0.750000
vt 0.610119 0.000000
vt 0.620000 0.736406
vt 0.610119 0.705178
vt 0.610119 0.000000
vt 0.621219 0.734577
vt 0.485119 0.750000
vt 0.485119 0.500000
vt 0.606875 0.723281
vt 0.485119 0.500000
vt 0.485119 0.476777
vt 0.620000 0.703594
vt 0.496731 0.476777
vt 0.496731 0.705178
vt 0.621219 0.704813
vt 0.000000 0.000000
vt 0.375000 0.812500
vt 0.375000 0.687500
vt 0.400000 0.725000
vt 0.375000 0.781250
vt 0.625000 0.781250
vt 0.600000 0.725000
vt 0.625000 0.812500
vt 0.625000 0.687500
vt 0.562500 0.812500
vt 0.562500 0.687500
vt 0.625000 0.718750
vt 0.600000 0.775000
vt 0.375000 0.718750
vt 0.400000 0.775000
vt 0.625000 0.750000
vt 0.531250 0.812500
vt 0.531250 0.687500
vt 0.375000 0.750000
vt 0.375000 0.705178
vt 0.351777 0.500000
vt 0.375000 0.476777
vt 0.375000 0.705178
vt 0.125000 0.726777
vt 0.375000 0.023223
vt 0.375000 1.000000
vt 0.375000 0.044822
vt 0.148223 0.750000
vt 0.000000 0.000000
vt 0.375000 0.695312
vt 0.375000 0.044822
vt 0.375000 0.523223
vt 0.375000 0.500000
vt 0.375000 0.750000
vt 0.375000 0.476777
vt 0.375000 0.523223
vt 0.375000 0.500000
vt 0.000000 0.000000
vt 0.375000 0.710937
vt 0.375000 1.000000
vt 0.375000 0.750000
vt 0.125000 0.500000
vt 0.375000 0.500000
vt 0.375000 0.250000
vt 0.375000 0.023223
vt 0.125000 0.750000
vt 0.375000 1.000000
vt 0.125000 0.750000
vt 0.375000 1.000000
vt 0.375000 0.250000
vt 0.299063 0.585000
vt 0.515244 0.000000
vt 0.515244 1.000000
vt 0.387195 0.750000
vt 0.285938 0.571875
vt 0.089062 0.178125
vt 0.515244 0.250000
vt 0.299063 0.558750
vt 0.515244 0.500000
vt 0.625000 0.000000
vt 0.625000 1.000000
vt 0.875000 0.750000
vt 0.375000 0.500000
vt 0.375000 0.460938
vt 0.375000 0.250000
vt 0.125000 0.500000
vt 0.375000 0.445312
vt 0.625000 0.250000
vt 0.875000 0.500000
vt 0.625000 0.500000
vt 0.625000 0.460938
vt 0.875000 0.500000
vt 0.625000 0.250000
vt 0.625000 0.445312
vt 0.625000 0.750000
vt 0.625000 0.500000
vt 0.375000 0.500000
vt 0.625000 0.500000
vt 0.625000 0.250000
vt 0.875000 0.500000
vt 0.125000 0.500000
vt 0.375000 0.250000
vt 0.625000 0.750000
vt 0.625000 0.554688
vt 0.625000 0.500000
vt 0.625000 0.539062
vt 0.375000 0.750000
vt 0.375000 0.554688
vt 0.375000 0.500000
vt 0.375000 0.539062
vt 0.625000 0.750000
vt 0.375000 0.750000
vt 0.625000 0.500000
vt 0.375000 0.500000
vt 0.496731 0.976777
vt 0.496731 0.044822
vt 0.621219 0.454813
vt 0.610119 0.500000
vt 0.620000 0.486406
vt 0.610119 0.205178
vt 0.610119 0.523223
vt 0.621219 0.484577
vt 0.485119 0.250000
vt 0.606875 0.473281
vt 0.485119 0.000000
vt 0.485119 1.000000
vt 0.620000 0.453594
vt 0.610119 0.544822
vt 0.610119 0.476777
vt 0.621219 0.492139
vt 0.485119 0.750000
vt 0.606875 0.509531
vt 0.610119 0.500000
vt 0.620000 0.496406
vt 0.496731 0.023223
vt 0.496731 0.705178
vt 0.621219 0.462375
vt 0.485119 1.000000
vt 0.485119 0.000000
vt 0.620000 0.463594
vt 0.375000 0.437500
vt 0.375000 0.562500
vt 0.625000 0.468750
vt 0.600000 0.525000
vt 0.400000 0.525000
vt 0.375000 0.468750
vt 0.625000 0.437500
vt 0.625000 0.562500
vt 0.400000 0.475000
vt 0.375000 0.531250
vt 0.600000 0.475000
vt 0.625000 0.531250
vt 0.625000 0.500000
vt 0.531250 0.437500
vt 0.531250 0.562500
vt 0.375000 0.500000
vt 0.375000 0.544822
vt 0.351777 0.500000
vt 0.375000 0.476777
vt 0.375000 0.705178
vt 0.125000 0.726777
vt 0.375000 0.023223
vt 0.375000 0.044822
vt 0.148223 0.750000
vt 0.375000 0.976777
vt 0.375000 0.500000
vt 0.375000 0.205178
vt 0.375000 0.523223
vt 0.375000 0.500000
vt 0.375000 0.750000
vt 0.125000 0.500000
vt 0.375000 0.250000
vt 0.125000 0.750000
vt 0.375000 1.000000
vt 0.375000 0.000000
vt 0.125000 0.750000
vt 0.375000 1.000000
vt 0.375000 0.000000
vt 0.515244 1.000000
vt 0.375000 0.452344
vt 0.375000 0.547656
vt 0.515244 0.000000
vt 0.387195 0.500000
vt 0.375000 0.485156
vt 0.375000 0.514844
vt 0.375000 0.468750
vt 0.515244 0.750000
vt 0.375000 0.531250
vt 0.515244 0.250000
vt 0.625000 0.000000
vt 0.625000 1.000000
vt 0.875000 0.750000
vt 0.625000 0.500000
vt 0.625000 0.304688
vt 0.875000 0.500000
vt 0.625000 0.250000
vt 0.625000 0.289062
vt 0.625000 0.250000
vt 0.875000 0.500000
vt 0.375000 0.500000
vt 0.375000 0.304688
vt 0.625000 0.750000
vt 0.125000 0.500000
vt 0.375000 0.250000
vt 0.375000 0.289062
vt 0.875000 0.500000
vt 0.625000 0.250000
vt 0.375000 0.250000
vt 0.125000 0.500000
vt 0.625000 0.500000
vt 0.625000 0.500000
vt 0.375000 0.500000
vt 0.125000 0.500000
vt 0.375000 0.250000
vt 0.375000 0.210937
vt 0.375000 1.000000
vt 0.125000 0.750000
vt 0.375000 0.195312
vt 0.625000 0.250000
vt 0.875000 0.500000
vt 0.625000 0.210938
vt 0.875000 0.750000
vt 0.625000 1.000000
vt 0.625000 0.195312
vt 0.875000 0.500000
vt 0.625000 0.250000
vt 0.125000 0.500000
vt 0.375000 0.250000
vt 0.625000 0.000000
vt 0.875000 0.750000
vt 0.625000 1.000000
vt 0.125000 0.750000
vt 0.375000 0.000000
vt 0.375000 1.000000
vt 0.610119 0.205178
vt 0.610119 0.523223
vt 0.621219 0.257861
vt 0.496731 1.000000
vt 0.496731 0.205178
vt 0.621219 0.287625
vt 0.485119 1.000000
vt 0.485119 0.000000
vt 0.620000 0.286406
vt 0.485119 0.250000
vt 0.485119 0.000000
vt 0.606875 0.240469
vt 0.610119 0.523223
vt 0.610119 0.250000
vt 0.620000 0.253594
vt 0.485119 0.750000
vt 0.485119 0.000000
vt 0.625000 0.202344
vt 0.496731 0.705178
vt 0.496731 0.000000
vt 0.625000 0.203868
vt 0.485119 0.750000
vt 0.485119 0.500000
vt 0.625000 0.218750
vt 0.610119 0.500000
vt 0.610119 0.476777
vt 0.625000 0.235156
vt 0.610119 0.705178
vt 0.610119 0.476777
vt 0.625000 0.233632
vt 0.375000 0.187500
vt 0.375000 0.312500
vt 0.600000 0.275000
vt 0.625000 0.218750
vt 0.400000 0.275000
vt 0.375000 0.218750
vt 0.625000 0.187500
vt 0.625000 0.312500
vt 0.400000 0.225000
vt 0.375000 0.281250
vt 0.600000 0.225000
vt 0.625000 0.281250
vt 0.625000 0.250000
vt 0.531250 0.187500
vt 0.531250 0.312500
vt 0.375000 0.250000
vt 0.375000 0.705178
vt 0.351777 0.500000
vt 0.375000 0.476777
vt 0.375000 0.705178
vt 0.125000 0.726777
vt 0.375000 0.023223
vt 0.375000 0.044822
vt 0.148223 0.750000
vt 0.375000 1.000000
vt 0.375000 0.044822
vt 0.375000 0.523223
vt 0.375000 0.500000
vt 0.375000 0.750000
vt 0.375000 0.476777
vt 0.375000 0.523223
vt 0.375000 0.500000
vt 0.375000 1.000000
vt 0.375000 0.750000
vt 0.125000 0.500000
vt 0.375000 0.500000
vt 0.375000 0.250000
vt 0.375000 0.023223
vt 0.125000 0.750000
vt 0.375000 1.000000
vt 0.375000 0.250000
vt 0.125000 0.750000
vt 0.375000 1.000000
vt 0.375000 0.202344
vt 0.375000 0.297656
vt 0.515244 0.750000
vt 0.387195 0.250000
vt 0.375000 0.235156
vt 0.375000 0.264844
vt 0.375000 0.218750
vt 0.515244 0.500000
vt 0.515244 1.000000
vt 0.375000 0.281250
vt 0.515244 0.000000
vt 0.375000 0.039063
vt 0.000000 0.000000
vt 0.125000 0.750000
vt 0.375000 0.000000
vt 0.375000 1.000000
vt 0.625000 0.000000
vt 0.625000 1.000000
vt 0.875000 0.750000
vt 0.375000 0.054688
vt 0.000000 0.000000
vt 0.375000 0.000000
vt 0.375000 1.000000
vt 0.125000 0.750000
vt 0.625000 0.250000
vt 0.875000 0.500000
vt 0.375000 0.750000
vt 0.375000 0.250000
vt 0.125000 0.500000
vt 0.625000 0.750000
vt 0.375000 1.000000
vt 0.375000 0.000000
vt 0.625000 0.500000
vt 0.375000 0.500000
vt 0.375000 0.023223
vt 0.125000 0.726777
vt 0.375000 0.705178
vt 0.375000 0.500000
vt 0.375000 0.476777
vt 0.351777 0.500000
vt 0.375000 0.544822
vt 0.531250 0.937500
vt 0.531250 0.062500
vt 0.375000 0.205178
vt 0.375000 0.523223
vt 0.625000 1.000000
vt 0.625000 0.000000
vt 0.375000 0.976777
vt 0.148223 0.750000
vt 0.375000 0.044822
vt 0.375000 0.968750
vt 0.400000 0.025000
vt 0.625000 0.968750
vt 0.600000 0.025000
vt 0.625000 0.937500
vt 0.625000 0.062500
vt 0.625000 0.031250
vt 0.600000 0.975000
vt 0.375000 0.031250
vt 0.400000 0.975000
vt 0.375000 0.062500
vt 0.375000 0.937500
vt 0.610119 0.000000
vt 0.620000 0.013594
vt 0.610119 1.000000
vt 0.606875 0.026719
vt 0.485119 0.250000
vt 0.621219 0.045187
vt 0.496731 0.523223
vt 0.496731 0.205178
vt 0.620000 0.046406
vt 0.485119 0.500000
vt 0.621219 0.015423
vt 0.610119 0.976777
vt 0.610119 0.044822
vt 0.610119 0.000000
vt 0.620000 0.866094
vt 0.610119 1.000000
vt 0.610119 0.705178
vt 0.621219 0.821593
vt 0.610119 0.023223
vt 0.620000 0.373906
vt 0.485119 0.500000
vt 0.606875 0.852969
vt 0.485119 0.750000
vt 0.496731 0.476777
vt 0.621219 0.375125
vt 0.496731 0.544822
vt 0.375000 0.750000
vt 0.625000 0.750000
vt 0.625000 1.000000
vt 0.625000 0.000000
vt 0.875000 0.750000
vt 0.375000 0.000000
vt 0.375000 1.000000
vt 0.125000 0.750000
vt 0.625000 0.000000
vt 0.625000 0.960938
vt 0.875000 0.750000
vt 0.625000 0.945312
vt 0.625000 0.750000
vt 0.125000 0.750000
vt 0.375000 0.960938
vt 0.375000 0.000000
vt 0.375000 0.945312
vt 0.375000 0.750000
vt 0.000000 0.000000
vt 0.000000 0.000000
vt 0.000000 0.000000
vt 0.000000 0.000000
vt 0.000000 0.000000
vt 0.000000 0.000000
vt 0.000000 0.000000
vt 0.000000 0.000000
vt 0.000000 0.000000
vt 0.375000 0.054688
vt 0.375000 0.039063
vt 0.000000 0.000000
vt 0.000000 0.000000
vt 0.606250 0.746872
vt 0.625000 0.054688
vt 0.618750 0.290621
vt 0.000000 0.000000
vt 0.606250 0.746872
vt 0.625000 0.039063
vt 0.000000 0.000000
vt 0.618750 0.290622
vt 0.000000 0.000000
vt 0.387195 0.000000
vt 0.387195 1.000000
vt 0.375000 0.222656
vt 0.375000 0.985156
vt 0.375000 0.714844
vt 0.375000 0.952344
vt 0.515244 0.500000
vt 0.388125 0.235781
vt 0.515244 0.250000
vt 0.388125 0.972031
vt 0.515244 0.750000
vt 0.375000 0.000000
vt 0.375000 1.000000
vt 0.125000 0.750000
vt 0.625000 0.000000
vt 0.625000 0.750000
vt 0.875000 0.750000
vt 0.625000 0.000000
vt 0.625000 0.750000
vt 0.875000 0.750000
vt 0.375000 0.250000
vt 0.375000 1.000000
vt 0.125000 0.750000
vt 0.375000 0.250000
vt 0.375000 1.000000
vt 0.125000 0.750000
vt 0.625000 0.000000
vt 0.625000 0.250000
vt 0.875000 0.500000
vt 1.000000 0.500000
vt 0.000000 0.500000
vt 0.750000 0.490000
vt 0.625000 0.500000
vt 0.625000 0.750000
vt 0.625000 0.000000
vt 0.625000 0.250000
vt 0.875000 0.500000
vt 0.125000 0.500000
vt 0.375000 0.250000
vt 0.375000 0.500000
vt 0.125000 0.500000
vt 0.375000 0.250000
vt 0.375000 0.500000
vt 0.625000 0.500000
vt 0.625000 0.250000
vt 0.625000 0.500000
vt 0.625000 0.750000
vt 0.481601 0.101984
vt 0.656250 0.875500
vt 0.625000 0.500000
vt 0.625000 0.250000
vt 0.375000 1.000000
vt 0.375000 0.750000
vt 0.375000 0.000000
vt 0.375000 1.000000
vt 0.125000 0.750000
vt 0.968750 0.500000
vt 0.703178 0.485388
vt 0.375000 0.750000
vt 0.375000 0.500000
vt 0.375000 1.000000
vt 0.375000 0.750000
vt 0.478961 0.106923
vt 0.687500 0.875500
vt 0.625000 0.000000
vt 0.625000 1.000000
vt 0.875000 0.750000
vt 0.375000 0.750000
vt 0.375000 0.500000
vt 0.937500 0.500000
vt 0.841844 0.471731
vt 0.375000 0.250000
vt 0.125000 0.500000
vt 0.477335 0.123431
vt 0.781250 0.875500
vt 0.906250 0.500000
vt 0.883337 0.449553
vt 0.625000 0.000000
vt 0.625000 1.000000
vt 0.875000 0.750000
vt 0.875000 0.500000
vt 0.919706 0.419706
vt 0.750000 0.688679
vt 0.625000 0.250000
vt 0.516291 0.091461
vt 0.437500 0.875500
vt 0.843750 0.500000
vt 0.949553 0.383337
vt 0.375000 0.250000
vt 0.125000 0.500000
vt 0.375000 0.750000
vt 0.812500 0.500000
vt 0.971731 0.341844
vt 0.521231 0.094101
vt 0.406250 0.875500
vt 0.625000 0.750000
vt 0.781250 0.500000
vt 0.985388 0.296822
vt 0.625000 0.250000
vt 0.875000 0.500000
vt 0.375000 0.875500
vt 0.525560 0.097654
vt 0.750000 0.500000
vt 0.990000 0.250000
vt 0.375000 0.750000
vt 0.375000 0.500000
vt 0.485154 0.097654
vt 0.625000 0.875500
vt 0.718750 0.500000
vt 0.985388 0.203178
vt 0.625000 0.500000
vt 0.375000 0.750000
vt 0.687500 0.500000
vt 0.971731 0.158156
vt 0.499783 0.089835
vt 0.531250 0.875500
vt 0.656250 0.500000
vt 0.949553 0.116663
vt 0.580549 0.794451
vt 0.625000 0.750000
vt 0.625000 0.500000
vt 0.919706 0.080294
vt 0.510931 0.145880
vt 0.031250 0.875500
vt 0.625000 0.750000
vt 0.593750 0.500000
vt 0.883337 0.050447
vt 0.375000 0.500000
vt 0.000000 0.875500
vt 1.000000 0.875500
vt 0.505357 0.146429
vt 0.375000 0.500000
vt 0.562500 0.500000
vt 0.841844 0.028269
vt 0.625000 0.500000
vt 0.531250 0.500000
vt 0.796822 0.014612
vt 0.521231 0.141613
vt 0.093750 0.875500
vt 0.625000 0.500000
vt 0.500000 0.500000
vt 0.750000 0.010000
vt 0.580549 0.455549
vt 0.552187 0.175000
vt 0.625000 0.988636
vt 0.863636 0.750000
vt 0.533929 0.117857
vt 0.250000 0.875500
vt 0.468750 0.500000
vt 0.796822 0.014612
vt 0.447813 0.175000
vt 0.375000 0.988636
vt 0.136364 0.750000
vt 0.419451 0.455549
vt 0.437500 0.500000
vt 0.841844 0.028269
vt 0.533380 0.123431
vt 0.218750 0.875500
vt 0.406250 0.500000
vt 0.883337 0.050447
vt 0.136364 0.500000
vt 0.396875 0.242187
vt 0.375000 0.261364
vt 0.218750 0.500000
vt 0.375000 0.500000
vt 0.919706 0.080294
vt 0.625000 0.261364
vt 0.863636 0.500000
vt 0.603125 0.242188
vt 0.419451 0.794451
vt 0.552187 0.575000
vt 0.625000 0.761364
vt 0.636364 0.750000
vt 0.343750 0.500000
vt 0.949553 0.116663
vt 0.531754 0.106923
vt 0.312500 0.875500
vt 0.396875 0.507812
vt 0.375000 0.488636
vt 0.363636 0.500000
vt 0.312500 0.500000
vt 0.971731 0.158156
vt 0.533380 0.112283
vt 0.281250 0.875500
vt 0.603125 0.507812
vt 0.625000 0.488636
vt 0.636364 0.500000
vt 0.281250 0.500000
vt 0.985388 0.203178
vt 0.447812 0.575000
vt 0.375000 0.761364
vt 0.363636 0.750000
vt 0.250000 0.500000
vt 0.990000 0.250000
vt 0.136364 0.500000
vt 0.382812 0.234375
vt 0.375000 0.261364
vt 0.062500 0.500000
vt 0.218750 0.500000
vt 0.985388 0.296822
vt 0.863636 0.500000
vt 0.437500 0.156250
vt 0.625000 0.261364
vt 0.093750 0.500000
vt 0.382813 0.015625
vt 0.375000 0.988636
vt 0.136364 0.750000
vt 0.187500 0.500000
vt 0.971731 0.341844
vt 0.437500 0.093750
vt 0.625000 0.988636
vt 0.863636 0.750000
vt 0.525560 0.138060
vt 0.125000 0.875500
vt 0.156250 0.500000
vt 0.949553 0.383337
vt 0.382812 0.515625
vt 0.375000 0.488636
vt 0.363636 0.500000
vt 0.125000 0.500000
vt 0.919706 0.419706
vt 0.625000 0.488636
vt 0.437500 0.593750
vt 0.636364 0.500000
vt 0.375000 0.761364
vt 0.382813 0.734375
vt 0.363636 0.750000
vt 0.529114 0.133731
vt 0.156250 0.875500
vt 0.093750 0.500000
vt 0.883337 0.449553
vt 0.636364 0.750000
vt 0.437500 0.656250
vt 0.625000 0.761364
vt 0.062500 0.500000
vt 0.841844 0.471731
vt 0.375000 0.988636
vt 0.136364 0.750000
vt 0.617187 0.234375
vt 0.312500 0.500000
vt 0.863636 0.750000
vt 0.562500 0.156250
vt 0.625000 0.988636
vt 0.031250 0.500000
vt 0.703178 0.485388
vt 0.617188 0.015625
vt 0.375000 0.261364
vt 0.136364 0.500000
vt 0.343750 0.500000
vt 0.625000 0.261364
vt 0.562500 0.093750
vt 0.863636 0.500000
vt 0.617188 0.515625
vt 0.375000 0.761364
vt 0.363636 0.750000
vt 0.375000 0.500000
vt 0.562500 0.593750
vt 0.625000 0.761364
vt 0.636364 0.750000
vt 0.617188 0.734375
vt 0.375000 0.488636
vt 0.363636 0.500000
vt 0.500000 0.500000
vt 0.562500 0.656250
vt 0.625000 0.488636
vt 0.636364 0.500000
vt 0.552188 0.075000
vt 0.375000 0.988636
vt 0.136364 0.750000
vt 0.531250 0.500000
vt 0.603125 0.007812
vt 0.375000 0.261364
vt 0.136364 0.500000
vt 0.396875 0.007812
vt 0.625000 0.261364
vt 0.863636 0.500000
vt 0.499783 0.145880
vt 0.968750 0.875500
vt 0.863636 0.750000
vt 0.447813 0.075000
vt 0.625000 0.988636
vt 0.625000 0.488636
vt 0.396875 0.742188
vt 0.636364 0.500000
vt 0.593750 0.500000
vt 0.363636 0.500000
vt 0.603125 0.742188
vt 0.375000 0.488636
vt 0.447812 0.675000
vt 0.625000 0.761364
vt 0.636364 0.750000
vt 0.625000 0.500000
vt 0.552188 0.675000
vt 0.375000 0.761364
vt 0.363636 0.750000
vt 0.554688 0.084375
vt 0.812500 0.750000
vt 0.625000 0.937500
vt 0.750000 0.500000
vt 0.452260 0.075000
vt 0.614347 0.988636
vt 0.419451 0.921778
vt 0.468053 0.075000
vt 0.576521 0.988636
vt 0.580549 0.921778
vt 0.781250 0.500000
vt 0.452260 0.084375
vt 0.419451 0.921778
vt 0.468053 0.084375
vt 0.580549 0.921778
vt 0.937500 0.500000
vt 0.445313 0.084375
vt 0.187500 0.750000
vt 0.375000 0.937500
vt 0.445313 0.144491
vt 0.187500 0.545037
vt 0.968750 0.500000
vt 0.437500 0.144491
vt 0.863636 0.547036
vt 0.187500 0.545037
vt 0.437500 0.105509
vt 0.863636 0.702964
vt 0.187500 0.704963
vt 0.187500 0.704963
vt 0.445312 0.105509
vt 0.554688 0.167188
vt 0.812500 0.500000
vt 0.625000 0.312500
vt 0.468053 0.167187
vt 0.580549 0.328222
vt 0.419451 0.328222
vt 0.452260 0.175000
vt 0.385653 0.988636
vt 0.468053 0.175000
vt 0.423479 0.988636
vt 0.580549 0.328222
vt 0.187500 0.500000
vt 0.445313 0.167188
vt 0.375000 0.312500
vt 0.452260 0.167188
vt 0.419451 0.328222
vt 0.445312 0.665625
vt 0.312500 0.750000
vt 0.375000 0.812500
vt 0.312500 0.545037
vt 0.437500 0.605509
vt 0.636364 0.547036
vt 0.437500 0.644491
vt 0.636364 0.702964
vt 0.312500 0.704963
vt 0.509358 0.665625
vt 0.601742 0.773258
vt 0.554688 0.665625
vt 0.625000 0.732143
vt 0.445313 0.644491
vt 0.312500 0.704963
vt 0.445313 0.582812
vt 0.312500 0.500000
vt 0.375000 0.437500
vt 0.445312 0.605509
vt 0.312500 0.545037
vt 0.448948 0.665625
vt 0.398258 0.773258
vt 0.448948 0.582813
vt 0.398258 0.476742
vt 0.509358 0.582813
vt 0.601742 0.476742
vt 0.554688 0.582813
vt 0.687500 0.500000
vt 0.625000 0.437500
vt 0.423479 0.864912
vt 0.580549 0.455549
vt 0.385653 0.864912
vt 0.419451 0.455549
vt 0.576521 0.864912
vt 0.580549 0.794451
vt 0.614347 0.864912
vt 0.419451 0.794451
vt 0.532812 0.582813
vt 0.375000 0.500000
vt 0.625000 0.500000
vt 0.554688 0.582813
vt 0.532812 0.582813
vt 0.613776 0.456437
vt 0.375000 0.500000
vt 0.554688 0.582813
vt 0.625000 0.437500
vt 0.625000 0.500000
vt 0.613776 0.390485
vt 0.375000 0.250000
vt 0.125000 0.500000
vt 0.625000 0.375000
vt 0.625000 0.250000
vt 0.875000 0.500000
vt 0.532813 0.667188
vt 0.375000 0.750000
vt 0.532813 0.665625
vt 0.613776 0.793563
vt 0.375000 0.732143
vt 0.554688 0.667188
vt 0.625000 0.750000
vt 0.554688 0.645312
vt 0.687500 0.688679
vt 0.625000 0.500000
vt 0.613776 0.859515
vt 0.375000 0.017857
vt 0.125000 0.732143
vt 0.750000 0.750000
vt 0.625000 0.875000
vt 0.625000 0.017857
vt 0.533380 0.112283
vt 0.531754 0.106923
vt 0.533380 0.123431
vt 0.529114 0.133731
vt 0.531754 0.128791
vt 0.533929 0.117857
vt 0.494424 0.144254
vt 0.521231 0.141613
vt 0.505357 0.146429
vt 0.499783 0.145880
vt 0.510931 0.145880
vt 0.516291 0.144254
vt 0.525560 0.138060
vt 0.505357 0.089286
vt 0.494424 0.091461
vt 0.499783 0.089835
vt 0.510931 0.089835
vt 0.485154 0.097654
vt 0.525560 0.097654
vt 0.489484 0.094101
vt 0.521231 0.094101
vt 0.516291 0.091461
vt 0.477335 0.112283
vt 0.476786 0.117857
vt 0.478961 0.106923
vt 0.481601 0.133731
vt 0.478961 0.128791
vt 0.485154 0.138060
vt 0.489484 0.141613
vt 0.477335 0.123431
vt 0.481601 0.101984
vt 0.529114 0.101984
vt 0.505357 0.103572
vt 0.500000 0.875500
vt 0.510931 0.104120
vt 0.468750 0.875500
vt 0.499783 0.104120
vt 0.531250 0.875500
vt 0.489484 0.108387
vt 0.593750 0.875500
vt 0.521231 0.108387
vt 0.406250 0.875500
vt 0.494424 0.105746
vt 0.562500 0.875500
vt 0.516291 0.105746
vt 0.437500 0.875500
vt 0.529114 0.116269
vt 0.343750 0.875500
vt 0.533380 0.126569
vt 0.281250 0.875500
vt 0.531754 0.121209
vt 0.312500 0.875500
vt 0.533380 0.137717
vt 0.218750 0.875500
vt 0.529114 0.148016
vt 0.156250 0.875500
vt 0.531754 0.143077
vt 0.187500 0.875500
vt 0.533929 0.132143
vt 0.250000 0.875500
vt 0.525560 0.111940
vt 0.375000 0.875500
vt 0.485154 0.111940
vt 0.625000 0.875500
vt 0.478961 0.121209
vt 0.687500 0.875500
vt 0.477335 0.126569
vt 0.718750 0.875500
vt 0.481601 0.116269
vt 0.656250 0.875500
vt 0.477335 0.137717
vt 0.781250 0.875500
vt 0.476786 0.132143
vt 0.750000 0.875500
vt 0.481601 0.148016
vt 0.843750 0.875500
vt 0.478961 0.143077
vt 0.812500 0.875500
vt 0.489484 0.155899
vt 0.906250 0.875500
vt 0.521231 0.155899
vt 0.093750 0.875500
vt 0.000000 0.875500
vt 0.505357 0.160714
vt 1.000000 0.875500
vt 0.499783 0.160165
vt 0.968750 0.875500
vt 0.510931 0.160165
vt 0.031250 0.875500
vt 0.516291 0.158540
vt 0.062500 0.875500
vt 0.485154 0.152346
vt 0.875000 0.875500
vt 0.494424 0.158540
vt 0.937500 0.875500
vt 0.525560 0.152346
vt 0.125000 0.875500
vt 0.500001 0.750000
vt 0.812500 0.562500
vt 0.500001 0.000000
vt 0.812500 0.531250
vt 0.500001 0.500000
vt 0.500001 0.750000
vt 0.500001 0.250000
vt 0.500001 0.500000
vt 0.687500 0.531250
vt 0.500001 0.000000
vt 0.687500 0.562500
vt 0.500001 0.250000
vt 0.500001 0.250000
vt 0.500001 0.500000
vt 0.687500 0.687500
vt 0.812500 0.687500
vt 0.500001 0.500000
vt 0.500001 0.750000
vt 0.500001 0.750000
vt 0.812500 0.718750
vt 0.500001 0.000000
vt 0.500001 0.000000
vt 0.687500 0.718750
vt 0.500001 0.250000
vt 0.187500 0.531250
vt 0.499999 0.500000
vt 0.499999 0.750000
vt 0.499999 0.250000
vt 0.312500 0.562500
vt 0.499999 0.000000
vt 0.312500 0.531250
vt 0.499999 0.250000
vt 0.499999 0.500000
vt 0.499999 0.000000
vt 0.187500 0.562500
vt 0.499999 0.750000
vt 0.499999 0.000000
vt 0.187500 0.718750
vt 0.499999 0.750000
vt 0.187500 0.687500
vt 0.499999 0.500000
vt 0.499999 0.750000
vt 0.312500 0.687500
vt 0.499999 0.250000
vt 0.499999 0.500000
vt 0.499999 0.250000
vt 0.312500 0.718750
vt 0.499999 0.000000
vt 0.533380 0.112283
vt 0.531754 0.106923
vt 0.533380 0.123431
vt 0.529114 0.133731
vt 0.531754 0.128791
vt 0.533929 0.117857
vt 0.494424 0.144254
vt 0.521231 0.141613
vt 0.505357 0.146429
vt 0.499783 0.145880
vt 0.510931 0.145880
vt 0.516291 0.144254
vt 0.525560 0.138060
vt 0.505357 0.089286
vt 0.494424 0.091461
vt 0.499783 0.089835
vt 0.510931 0.089835
vt 0.485154 0.097654
vt 0.525560 0.097654
vt 0.489484 0.094101
vt 0.521231 0.094101
vt 0.516291 0.091461
vt 0.477335 0.112283
vt 0.476786 0.117857
vt 0.478961 0.106923
vt 0.481601 0.133731
vt 0.478961 0.128791
vt 0.485154 0.138060
vt 0.489484 0.141613
vt 0.477335 0.123431
vt 0.481601 0.101984
vt 0.529114 0.101984
vt 0.529114 0.101984
vt 0.343750 0.875500
vt 1.000000 0.500000
vt 0.000000 0.500000
vt 0.906250 0.500000
vt 0.718750 0.500000
vt 0.516291 0.144254
vt 0.062500 0.875500
vt 0.687500 0.500000
vt 0.562500 0.500000
vt 0.468750 0.500000
vt 0.437500 0.500000
vt 0.406250 0.500000
vt 0.250000 0.500000
vt 0.125000 0.500000
vt 0.031250 0.500000
vt 0.494424 0.144254
vt 0.937500 0.875500
vt 0.494424 0.091461
vt 0.562500 0.875500
vt 0.505357 0.089286
vt 0.500000 0.875500
vt 0.510931 0.089835
vt 0.468750 0.875500
vt 0.489484 0.094101
vt 0.593750 0.875500
vt 0.477335 0.112283
vt 0.718750 0.875500
vt 0.476786 0.117857
vt 0.750000 0.875500
vt 0.481601 0.133731
vt 0.843750 0.875500
vt 0.478961 0.128791
vt 0.812500 0.875500
vt 0.485154 0.138060
vt 0.875000 0.875500
vt 0.875000 0.500000
vt 0.656250 0.500000
vt 0.187500 0.500000
vt 0.281250 0.500000
vt 0.156250 0.500000
vt 0.531754 0.128791
vt 0.187500 0.875500
vt 0.489484 0.141613
vt 0.906250 0.875500
vt 0.843750 0.500000
vt 0.812500 0.500000
vt 0.985388 0.296822
vt 0.218750 0.500000
vt 0.841844 0.471731
vt 0.062500 0.500000
vt 0.883337 0.449553
vt 0.093750 0.500000
vt 0.971731 0.158156
vt 0.312500 0.500000
vt 0.949553 0.116663
vt 0.343750 0.500000
vt 0.919706 0.080294
vt 0.375000 0.500000
vt 0.750000 0.010000
vt 0.500000 0.500000
vt 0.796822 0.014612
vt 0.531250 0.500000
vt 0.883337 0.050447
vt 0.593750 0.500000
vt 0.919706 0.080294
vt 0.625000 0.500000
vt 0.990000 0.250000
vt 0.750000 0.500000
vt 0.985388 0.296822
vt 0.781250 0.500000
vt 0.841844 0.471731
vt 0.937500 0.500000
vt 0.703178 0.485388
vt 0.968750 0.500000
vt 0.000000 0.500000
vt 0.750000 0.490000
vt 1.000000 0.500000
vt 0.883337 0.449553
vt 0.906250 0.500000
vt 0.985388 0.203178
vt 0.718750 0.500000
vt 0.971731 0.158156
vt 0.687500 0.500000
vt 0.841844 0.028269
vt 0.562500 0.500000
vt 0.796822 0.014612
vt 0.468750 0.500000
vt 0.841844 0.028269
vt 0.437500 0.500000
vt 0.883337 0.050447
vt 0.406250 0.500000
vt 0.990000 0.250000
vt 0.250000 0.500000
vt 0.919706 0.419706
vt 0.125000 0.500000
vt 0.703178 0.485388
vt 0.031250 0.500000
vt 0.919706 0.419706
vt 0.875000 0.500000
vt 0.949553 0.116663
vt 0.656250 0.500000
vt 0.971731 0.341844
vt 0.187500 0.500000
vt 0.985388 0.203178
vt 0.281250 0.500000
vt 0.949553 0.383337
vt 0.156250 0.500000
vt 0.949553 0.383337
vt 0.843750 0.500000
vt 0.971731 0.341844
vt 0.812500 0.500000
vt 1.000000 0.500000
vt 0.000000 0.500000
vt 0.750000 0.490000
vt 1.000000 1.000000
vt 0.250000 0.490000
vt 0.000000 1.000000
vt 0.968750 0.500000
vt 0.796822 0.485388
vt 0.968750 1.000000
vt 0.296822 0.485388
vt 0.937500 0.500000
vt 0.841844 0.471731
vt 0.937500 1.000000
vt 0.341844 0.471731
vt 0.906250 0.500000
vt 0.883337 0.449553
vt 0.906250 1.000000
vt 0.383337 0.449553
vt 0.875000 0.500000
vt 0.919706 0.419706
vt 0.875000 1.000000
vt 0.419706 0.419706
vt 0.843750 0.500000
vt 0.949553 0.383337
vt 0.843750 1.000000
vt 0.449553 0.383337
vt 0.812500 0.500000
vt 0.971731 0.341844
vt 0.812500 1.000000
vt 0.471731 0.341844
vt 0.781250 0.500000
vt 0.985388 0.296822
vt 0.781250 1.000000
vt 0.485388 0.296822
vt 0.750000 0.500000
vt 0.990000 0.250000
vt 0.750000 1.000000
vt 0.490000 0.250000
vt 0.718750 0.500000
vt 0.985388 0.203178
vt 0.718750 1.000000
vt 0.485388 0.203178
vt 0.687500 0.500000
vt 0.971731 0.158156
vt 0.687500 1.000000
vt 0.471731 0.158156
vt 0.656250 0.500000
vt 0.949553 0.116663
vt 0.656250 1.000000
vt 0.449553 0.116663
vt 0.625000 0.500000
vt 0.919706 0.080294
vt 0.625000 1.000000
vt 0.419706 0.080294
vt 0.593750 0.500000
vt 0.883337 0.050447
vt 0.593750 1.000000
vt 0.383337 0.050447
vt 0.562500 0.500000
vt 0.841844 0.028269
vt 0.562500 1.000000
vt 0.341844 0.028269
vt 0.531250 0.500000
vt 0.796822 0.014612
vt 0.531250 1.000000
vt 0.296822 0.014612
vt 0.500000 0.500000
vt 0.750000 0.010000
vt 0.500000 1.000000
vt 0.250000 0.010000
vt 0.468750 0.500000
vt 0.703178 0.014612
vt 0.468750 1.000000
vt 0.203178 0.014612
vt 0.437500 0.500000
vt 0.658156 0.028269
vt 0.437500 1.000000
vt 0.158156 0.028269
vt 0.406250 0.500000
vt 0.616663 0.050447
vt 0.406250 1.000000
vt 0.116663 0.050447
vt 0.375000 0.500000
vt 0.580294 0.080294
vt 0.375000 1.000000
vt 0.080294 0.080294
vt 0.343750 0.500000
vt 0.550447 0.116663
vt 0.343750 1.000000
vt 0.050447 0.116663
vt 0.312500 0.500000
vt 0.528269 0.158156
vt 0.312500 1.000000
vt 0.028269 0.158156
vt 0.281250 0.500000
vt 0.514612 0.203178
vt 0.281250 1.000000
vt 0.014612 0.203178
vt 0.250000 0.500000
vt 0.510000 0.250000
vt 0.250000 1.000000
vt 0.010000 0.250000
vt 0.218750 0.500000
vt 0.514612 0.296822
vt 0.218750 1.000000
vt 0.014612 0.296822
vt 0.187500 0.500000
vt 0.528269 0.341844
vt 0.187500 1.000000
vt 0.028269 0.341844
vt 0.156250 0.500000
vt 0.550447 0.383337
vt 0.156250 1.000000
vt 0.050447 0.383337
vt 0.125000 0.500000
vt 0.580294 0.419706
vt 0.125000 1.000000
vt 0.080294 0.419706
vt 0.093750 0.500000
vt 0.616663 0.449553
vt 0.093750 1.000000
vt 0.116663 0.449553
vt 0.062500 0.500000
vt 0.658156 0.471731
vt 0.158156 0.471731
vt 0.062500 1.000000
vt 0.031250 0.500000
vt 0.703178 0.485388
vt 0.203178 0.485388
vt 0.031250 1.000000
vt 0.173201 0.250001
vt 0.250000 0.813000
vt 0.174676 0.264984
vt 0.218750 0.813000
vt 0.174676 0.235018
vt 0.281250 0.813000
vt 0.186144 0.207333
vt 0.343750 0.813000
vt 0.186144 0.292668
vt 0.156250 0.813000
vt 0.195695 0.195695
vt 0.375000 0.813000
vt 0.179047 0.220611
vt 0.312500 0.813000
vt 0.179047 0.279390
vt 0.187500 0.813000
vt 0.207333 0.186144
vt 0.406250 0.813000
vt 0.207333 0.313857
vt 0.093750 0.813000
vt 0.235018 0.325325
vt 0.031250 0.813000
vt 0.264984 0.325325
vt 0.968750 0.813000
vt 0.250001 0.326800
vt 1.000000 0.813000
vt 0.000000 0.813000
vt 0.220611 0.320954
vt 0.062500 0.813000
vt 0.195695 0.304306
vt 0.125000 0.813000
vt 0.220611 0.179047
vt 0.437500 0.813000
vt 0.250001 0.173201
vt 0.500000 0.813000
vt 0.264984 0.174676
vt 0.531250 0.813000
vt 0.235018 0.174676
vt 0.468750 0.813000
vt 0.279391 0.179047
vt 0.562500 0.813000
vt 0.292668 0.313857
vt 0.906250 0.813000
vt 0.292668 0.186144
vt 0.593750 0.813000
vt 0.279391 0.320954
vt 0.937500 0.813000
vt 0.313858 0.207333
vt 0.656250 0.813000
vt 0.313858 0.292668
vt 0.843750 0.813000
vt 0.326801 0.250001
vt 0.750000 0.813000
vt 0.325325 0.235018
vt 0.718750 0.813000
vt 0.325325 0.264984
vt 0.781250 0.813000
vt 0.320955 0.279390
vt 0.812500 0.813000
vt 0.304306 0.195695
vt 0.625000 0.813000
vt 0.320955 0.220611
vt 0.687500 0.813000
vt 0.304306 0.304306
vt 0.875000 0.813000
vt 0.735018 0.325325
vt 0.031250 0.688000
vt 0.000000 0.688000
vt 0.750001 0.326800
vt 1.000000 0.688000
vt 0.764984 0.325325
vt 0.968750 0.688000
vt 0.779391 0.179047
vt 0.562500 0.688000
vt 0.792668 0.186144
vt 0.593750 0.688000
vt 0.937500 0.688000
vt 0.779391 0.320954
vt 0.764984 0.174676
vt 0.531250 0.688000
vt 0.792669 0.313857
vt 0.906250 0.688000
vt 0.813858 0.292668
vt 0.843750 0.688000
vt 0.813858 0.207333
vt 0.656250 0.688000
vt 0.804307 0.304306
vt 0.875000 0.688000
vt 0.826801 0.250001
vt 0.750000 0.688000
vt 0.825325 0.264984
vt 0.781250 0.688000
vt 0.820955 0.220611
vt 0.687500 0.688000
vt 0.825325 0.235018
vt 0.718750 0.688000
vt 0.820955 0.279390
vt 0.812500 0.688000
vt 0.804307 0.195695
vt 0.625000 0.688000
vt 0.673201 0.250001
vt 0.250000 0.688000
vt 0.679047 0.220611
vt 0.312500 0.688000
vt 0.674676 0.235018
vt 0.281250 0.688000
vt 0.674676 0.264984
vt 0.218750 0.688000
vt 0.686144 0.207333
vt 0.343750 0.688000
vt 0.686144 0.292668
vt 0.156250 0.688000
vt 0.695695 0.195695
vt 0.375000 0.688000
vt 0.679047 0.279390
vt 0.187500 0.688000
vt 0.707333 0.186144
vt 0.406250 0.688000
vt 0.093750 0.688000
vt 0.707333 0.313857
vt 0.720611 0.320954
vt 0.062500 0.688000
vt 0.750000 0.173201
vt 0.500000 0.688000
vt 0.735018 0.174676
vt 0.468750 0.688000
vt 0.720610 0.179047
vt 0.437500 0.688000
vt 0.695695 0.304306
vt 0.125000 0.688000
vt 1.000000 0.500000
vt 0.000000 0.500000
vt 0.750000 0.490000
vt 1.000000 1.000000
vt 0.250000 0.490000
vt 0.000000 1.000000
vt 0.968750 0.500000
vt 0.796822 0.485388
vt 0.968750 1.000000
vt 0.296822 0.485388
vt 0.937500 0.500000
vt 0.841844 0.471731
vt 0.937500 1.000000
vt 0.341844 0.471731
vt 0.906250 0.500000
vt 0.883337 0.449553
vt 0.906250 1.000000
vt 0.383337 0.449553
vt 0.875000 0.500000
vt 0.919706 0.419706
vt 0.875000 1.000000
vt 0.419706 0.419706
vt 0.843750 0.500000
vt 0.949553 0.383337
vt 0.843750 1.000000
vt 0.449553 0.383337
vt 0.812500 0.500000
vt 0.971731 0.341844
vt 0.812500 1.000000
vt 0.471731 0.341844
vt 0.781250 0.500000
vt 0.985388 0.296822
vt 0.781250 1.000000
vt 0.485388 0.296822
vt 0.750000 0.500000
vt 0.990000 0.250000
vt 0.750000 1.000000
vt 0.490000 0.250000
vt 0.718750 0.500000
vt 0.985388 0.203178
vt 0.718750 1.000000
vt 0.485388 0.203178
vt 0.687500 0.500000
vt 0.971731 0.158156
vt 0.687500 1.000000
vt 0.471731 0.158156
vt 0.656250 0.500000
vt 0.949553 0.116663
vt 0.656250 1.000000
vt 0.449553 0.116663
vt 0.625000 0.500000
vt 0.919706 0.080294
vt 0.625000 1.000000
vt 0.419706 0.080294
vt 0.593750 0.500000
vt 0.883337 0.050447
vt 0.593750 1.000000
vt 0.383337 0.050447
vt 0.562500 0.500000
vt 0.841844 0.028269
vt 0.562500 1.000000
vt 0.341844 0.028269
vt 0.531250 0.500000
vt 0.796822 0.014612
vt 0.531250 1.000000
vt 0.296822 0.014612
vt 0.500000 0.500000
vt 0.750000 0.010000
vt 0.500000 1.000000
vt 0.250000 0.010000
vt 0.468750 0.500000
vt 0.703178 0.014612
vt 0.468750 1.000000
vt 0.203178 0.014612
vt 0.437500 0.500000
vt 0.658156 0.028269
vt 0.437500 1.000000
vt 0.158156 0.028269
vt 0.406250 0.500000
vt 0.616663 0.050447
vt 0.406250 1.000000
vt 0.116663 0.050447
vt 0.375000 0.500000
vt 0.580294 0.080294
vt 0.375000 1.000000
vt 0.080294 0.080294
vt 0.343750 0.500000
vt 0.550447 0.116663
vt 0.343750 1.000000
vt 0.050447 0.116663
vt 0.312500 0.500000
vt 0.528269 0.158156
vt 0.312500 1.000000
vt 0.028269 0.158156
vt 0.281250 0.500000
vt 0.514612 0.203178
vt 0.281250 1.000000
vt 0.014612 0.203178
vt 0.250000 0.500000
vt 0.510000 0.250000
vt 0.250000 1.000000
vt 0.010000 0.250000
vt 0.218750 0.500000
vt 0.514612 0.296822
vt 0.218750 1.000000
vt 0.014612 0.296822
vt 0.187500 0.500000
vt 0.528269 0.341844
vt 0.187500 1.000000
vt 0.028269 0.341844
vt 0.156250 0.500000
vt 0.550447 0.383337
vt 0.156250 1.000000
vt 0.050447 0.383337
vt 0.125000 0.500000
vt 0.580294 0.419706
vt 0.125000 1.000000
vt 0.080294 0.419706
vt 0.093750 0.500000
vt 0.616663 0.449553
vt 0.093750 1.000000
vt 0.116663 0.449553
vt 0.062500 0.500000
vt 0.658156 0.471731
vt 0.158156 0.471731
vt 0.062500 1.000000
vt 0.031250 0.500000
vt 0.703178 0.485388
vt 0.203178 0.485388
vt 0.031250 1.000000
vt 0.173201 0.250001
vt 0.250000 0.813000
vt 0.174676 0.264984
vt 0.218750 0.813000
vt 0.174676 0.235018
vt 0.281250 0.813000
vt 0.186144 0.207333
vt 0.343750 0.813000
vt 0.186144 0.292668
vt 0.156250 0.813000
vt 0.195695 0.195695
vt 0.375000 0.813000
vt 0.179047 0.220611
vt 0.312500 0.813000
vt 0.179047 0.279390
vt 0.187500 0.813000
vt 0.207333 0.186144
vt 0.406250 0.813000
vt 0.207333 0.313857
vt 0.093750 0.813000
vt 0.235018 0.325325
vt 0.031250 0.813000
vt 0.264984 0.325325
vt 0.968750 0.813000
vt 0.250001 0.326800
vt 1.000000 0.813000
vt 0.000000 0.813000
vt 0.220611 0.320954
vt 0.062500 0.813000
vt 0.195695 0.304306
vt 0.125000 0.813000
vt 0.220611 0.179047
vt 0.437500 0.813000
vt 0.250001 0.173201
vt 0.500000 0.813000
vt 0.264984 0.174676
vt 0.531250 0.813000
vt 0.235018 0.174676
vt 0.468750 0.813000
vt 0.279391 0.179047
vt 0.562500 0.813000
vt 0.292668 0.313857
vt 0.906250 0.813000
vt 0.292668 0.186144
vt 0.593750 0.813000
vt 0.279391 0.320954
vt 0.937500 0.813000
vt 0.313858 0.207333
vt 0.656250 0.813000
vt 0.313858 0.292668
vt 0.843750 0.813000
vt 0.326801 0.250001
vt 0.750000 0.813000
vt 0.325325 0.235018
vt 0.718750 0.813000
vt 0.325325 0.264984
vt 0.781250 0.813000
vt 0.320955 0.279390
vt 0.812500 0.813000
vt 0.304306 0.195695
vt 0.625000 0.813000
vt 0.320955 0.220611
vt 0.687500 0.813000
vt 0.304306 0.304306
vt 0.875000 0.813000
vt 0.735018 0.325325
vt 0.031250 0.688000
vt 0.000000 0.688000
vt 0.750001 0.326800
vt 1.000000 0.688000
vt 0.764984 0.325325
vt 0.968750 0.688000
vt 0.779391 0.179047
vt 0.562500 0.688000
vt 0.792668 0.186144
vt 0.593750 0.688000
vt 0.937500 0.688000
vt 0.779391 0.320954
vt 0.764984 0.174676
vt 0.531250 0.688000
vt 0.792669 0.313857
vt 0.906250 0.688000
vt 0.813858 0.292668
vt 0.843750 0.688000
vt 0.813858 0.207333
vt 0.656250 0.688000
vt 0.804307 0.304306
vt 0.875000 0.688000
vt 0.826801 0.250001
vt 0.750000 0.688000
vt 0.825325 0.264984
vt 0.781250 0.688000
vt 0.820955 0.220611
vt 0.687500 0.688000
vt 0.825325 0.235018
vt 0.718750 0.688000
vt 0.820955 0.279390
vt 0.812500 0.688000
vt 0.804307 0.195695
vt 0.625000 0.688000
vt 0.673201 0.250001
vt 0.250000 0.688000
vt 0.679047 0.220611
vt 0.312500 0.688000
vt 0.674676 0.235018
vt 0.281250 0.688000
vt 0.674676 0.264984
vt 0.218750 0.688000
vt 0.686144 0.207333
vt 0.343750 0.688000
vt 0.686144 0.292668
vt 0.156250 0.688000
vt 0.695695 0.195695
vt 0.375000 0.688000
vt 0.679047 0.279390
vt 0.187500 0.688000
vt 0.707333 0.186144
vt 0.406250 0.688000
vt 0.093750 0.688000
vt 0.707333 0.313857
vt 0.720611 0.320954
vt 0.062500 0.688000
vt 0.750000 0.173201
vt 0.500000 0.688000
vt 0.735018 0.174676
vt 0.468750 0.688000
vt 0.720610 0.179047
vt 0.437500 0.688000
vt 0.695695 0.304306
vt 0.125000 0.688000
vt 0.375000 0.000000
vt 0.375000 1.000000
vt 0.125000 0.750000
vt 0.375000 0.000000
vt 0.375000 1.000000
vt 0.125000 0.750000
vt 0.375000 0.000000
vt 0.375000 1.000000
vt 0.125000 0.750000
vt 0.125000 0.500000
vt 0.375000 0.250000
vt 1.000000 0.500000
vt 0.000000 0.500000
vt 0.750000 0.490000
vt 0.625000 0.000000
vt 0.625000 1.000000
vt 0.875000 0.750000
vt 0.375000 0.750000
vt 0.125000 0.500000
vt 0.375000 0.250000
vt 0.625000 0.000000
vt 0.625000 1.000000
vt 0.875000 0.750000
vt 0.625000 0.250000
vt 0.875000 0.500000
vt 0.375000 0.500000
vt 0.375000 0.750000
vt 0.375000 0.000000
vt 0.375000 1.000000
vt 0.125000 0.750000
vt 0.625000 0.000000
vt 0.625000 1.000000
vt 0.875000 0.750000
vt 0.375000 0.500000
vt 0.625000 0.250000
vt 0.875000 0.500000
vt 0.625000 0.750000
vt 0.968750 0.500000
vt 0.703178 0.485388
vt 0.680612 0.612500
vt 0.625000 0.000000
vt 0.625000 1.000000
vt 0.625000 0.500000
vt 0.625000 0.750000
vt 0.375000 0.250000
vt 0.125000 0.500000
vt 0.937500 0.500000
vt 0.841844 0.471731
vt 0.625000 0.500000
vt 0.375000 0.250000
vt 0.125000 0.500000
vt 0.625000 0.250000
vt 0.875000 0.500000
vt 0.906250 0.500000
vt 0.883337 0.449553
vt 0.625000 0.250000
vt 0.875000 0.500000
vt 0.875000 0.500000
vt 0.919706 0.419706
vt 0.375000 0.750000
vt 0.625000 0.750000
vt 0.843750 0.500000
vt 0.949553 0.383337
vt 0.375000 0.500000
vt 0.375000 0.500000
vt 0.812500 0.500000
vt 0.971731 0.341844
vt 0.625000 0.500000
vt 0.625000 0.500000
vt 0.540625 0.343750
vt 0.000000 0.000000
vt 0.781250 0.500000
vt 0.985388 0.296822
vt 0.617188 0.265625
vt 0.000000 0.000000
vt 0.540625 0.406250
vt 0.000000 0.000000
vt 0.750000 0.500000
vt 0.990000 0.250000
vt 0.617187 0.484375
vt 0.000000 0.000000
vt 0.718750 0.500000
vt 0.985388 0.203178
vt 0.540625 0.906250
vt 0.000000 0.000000
vt 0.617188 0.984375
vt 0.000000 0.000000
vt 0.540625 0.843750
vt 0.000000 0.000000
vt 0.687500 0.500000
vt 0.971731 0.158156
vt 0.617187 0.765625
vt 0.000000 0.000000
vt 0.400000 0.257813
vt 0.000000 0.000000
vt 0.656250 0.500000
vt 0.949553 0.116663
vt 0.600000 0.257812
vt 0.000000 0.000000
vt 0.475000 0.331250
vt 0.000000 0.000000
vt 0.625000 0.500000
vt 0.919706 0.080294
vt 0.525000 0.331250
vt 0.000000 0.000000
vt 0.400000 0.992188
vt 0.000000 0.000000
vt 0.593750 0.500000
vt 0.883337 0.050447
vt 0.600000 0.992188
vt 0.000000 0.000000
vt 0.000000 0.000000
vt 0.475000 0.918750
vt 0.562500 0.500000
vt 0.841844 0.028269
vt 0.525000 0.918750
vt 0.000000 0.000000
vt 0.382813 0.265625
vt 0.000000 0.000000
vt 0.531250 0.500000
vt 0.796822 0.014612
vt 0.382812 0.484375
vt 0.000000 0.000000
vt 0.459375 0.343750
vt 0.000000 0.000000
vt 0.500000 0.500000
vt 0.750000 0.010000
vt 0.459375 0.406250
vt 0.000000 0.000000
vt 0.468750 0.500000
vt 0.796822 0.014612
vt 0.459375 0.906250
vt 0.000000 0.000000
vt 0.382813 0.984375
vt 0.000000 0.000000
vt 0.382812 0.765625
vt 0.000000 0.000000
vt 0.437500 0.500000
vt 0.841844 0.028269
vt 0.459375 0.843750
vt 0.000000 0.000000
vt 0.525000 0.418750
vt 0.000000 0.000000
vt 0.406250 0.500000
vt 0.883337 0.050447
vt 0.400000 0.492187
vt 0.000000 0.000000
vt 0.600000 0.492188
vt 0.000000 0.000000
vt 0.375000 0.500000
vt 0.919706 0.080294
vt 0.471591 0.422088
vt 0.000000 0.000000
vt 0.475000 0.418750
vt 0.000000 0.000000
vt 0.343750 0.500000
vt 0.949553 0.116663
vt 0.600000 0.757812
vt 0.000000 0.000000
vt 0.528409 0.827912
vt 0.000000 0.000000
vt 0.312500 0.500000
vt 0.971731 0.158156
vt 0.525000 0.831250
vt 0.000000 0.000000
vt 0.400000 0.757813
vt 0.000000 0.000000
vt 0.281250 0.500000
vt 0.985388 0.203178
vt 0.475000 0.831250
vt 0.000000 0.000000
vt 0.473861 0.413281
vt 0.395443 0.562500
vt 0.250000 0.500000
vt 0.990000 0.250000
vt 0.468750 0.413281
vt 0.375000 0.562500
vt 0.531250 0.413281
vt 0.627273 0.500000
vt 0.218750 0.500000
vt 0.985388 0.296822
vt 0.531250 0.336719
vt 0.625000 0.187500
vt 0.875000 0.562500
vt 0.468750 0.336719
vt 0.375000 0.187500
vt 0.125000 0.562500
vt 0.187500 0.500000
vt 0.971731 0.341844
vt 0.531250 0.836719
vt 0.625000 0.687500
vt 0.474753 0.836719
vt 0.399013 0.687500
vt 0.156250 0.500000
vt 0.949553 0.383337
vt 0.531250 0.913281
vt 0.625000 0.062500
vt 0.875000 0.687500
vt 0.468750 0.836719
vt 0.375000 0.687500
vt 0.125000 0.500000
vt 0.919706 0.419706
vt 0.468750 0.913281
vt 0.375000 0.062500
vt 0.125000 0.687500
vt 0.473861 0.913281
vt 0.395443 0.062500
vt 0.093750 0.500000
vt 0.883337 0.449553
vt 0.514062 0.413438
vt 0.375000 0.500000
vt 0.556250 0.562500
vt 0.514062 0.413281
vt 0.372727 0.500000
vt 0.062500 0.500000
vt 0.841844 0.471731
vt 0.531250 0.413438
vt 0.625000 0.500000
vt 0.531250 0.396250
vt 0.680612 0.562500
vt 0.625000 0.250000
vt 0.875000 0.500000
vt 0.031250 0.500000
vt 0.703178 0.485388
vt 0.556250 0.612500
vt 0.375000 0.752273
vt 0.372727 0.750000
vt 0.625000 0.612500
vt 0.625000 0.752273
vt 0.000000 0.937500
vt 0.498636 0.927273
vt 1.000000 0.937500
vt 0.487995 0.926225
vt 0.968750 0.937500
vt 0.509278 0.926225
vt 0.031250 0.937500
vt 0.468333 0.918080
vt 0.906250 0.937500
vt 0.477763 0.923121
vt 0.937500 0.937500
vt 0.528940 0.918080
vt 0.093750 0.937500
vt 0.519510 0.923121
vt 0.062500 0.937500
vt 0.445139 0.883368
vt 0.781250 0.937500
vt 0.448243 0.893601
vt 0.812500 0.937500
vt 0.453284 0.903031
vt 0.843750 0.937500
vt 0.445139 0.862086
vt 0.718750 0.937500
vt 0.453284 0.842423
vt 0.656250 0.937500
vt 0.448243 0.851854
vt 0.687500 0.937500
vt 0.444091 0.872727
vt 0.750000 0.937500
vt 0.460067 0.911297
vt 0.875000 0.937500
vt 0.537206 0.911297
vt 0.125000 0.937500
vt 0.549030 0.893601
vt 0.187500 0.937500
vt 0.543989 0.903031
vt 0.156250 0.937500
vt 0.552134 0.883369
vt 0.218750 0.937500
vt 0.552134 0.862086
vt 0.281250 0.937500
vt 0.553182 0.872727
vt 0.250000 0.937500
vt 0.543989 0.842423
vt 0.343750 0.937500
vt 0.549030 0.851854
vt 0.312500 0.937500
vt 0.460067 0.834158
vt 0.625000 0.937500
vt 0.468333 0.827374
vt 0.593750 0.937500
vt 0.528940 0.827374
vt 0.406250 0.937500
vt 0.498636 0.818182
vt 0.500000 0.937500
vt 0.487995 0.819230
vt 0.531250 0.937500
vt 0.509278 0.819230
vt 0.468750 0.937500
vt 0.519510 0.822334
vt 0.437500 0.937500
vt 0.477763 0.822334
vt 0.562500 0.937500
vt 0.537206 0.834158
vt 0.375000 0.937500
vt 0.843750 0.562500
vt 0.499999 0.250000
vt 0.499999 0.000000
vt 0.843750 0.687500
vt 0.499999 1.000000
vt 0.812500 0.562500
vt 0.499999 0.500000
vt 0.499999 0.750000
vt 0.812500 0.687500
vt 0.687500 0.562500
vt 0.499999 0.250000
vt 0.499999 0.000000
vt 0.687500 0.687500
vt 0.499999 1.000000
vt 0.656250 0.687500
vt 0.499999 0.750000
vt 0.656250 0.562500
vt 0.499999 0.500000
vt 0.187500 0.562500
vt 0.500001 0.500000
vt 0.500001 1.000000
vt 0.156250 0.687500
vt 0.500001 0.000000
vt 0.156250 0.562500
vt 0.500001 0.250000
vt 0.187500 0.687500
vt 0.500001 0.750000
vt 0.500001 1.000000
vt 0.312500 0.687500
vt 0.500001 0.000000
vt 0.312500 0.562500
vt 0.500001 0.250000
vt 0.343750 0.687500
vt 0.500001 0.750000
vt 0.343750 0.562500
vt 0.500001 0.500000
vt 1.000000 0.500000
vt 0.000000 0.500000
vt 0.750000 0.490000
vt 1.000000 1.000000
vt 0.250000 0.490000
vt 0.000000 1.000000
vt 0.968750 0.500000
vt 0.796822 0.485388
vt 0.968750 1.000000
vt 0.296822 0.485388
vt 0.937500 0.500000
vt 0.841844 0.471731
vt 0.937500 1.000000
vt 0.341844 0.471731
vt 0.906250 0.500000
vt 0.883337 0.449553
vt 0.906250 1.000000
vt 0.383337 0.449553
vt 0.875000 0.500000
vt 0.919706 0.419706
vt 0.875000 1.000000
vt 0.419706 0.419706
vt 0.843750 0.500000
vt 0.949553 0.383337
vt 0.843750 1.000000
vt 0.449553 0.383337
vt 0.812500 0.500000
vt 0.971731 0.341844
vt 0.812500 1.000000
vt 0.471731 0.341844
vt 0.781250 0.500000
vt 0.985388 0.296822
vt 0.781250 1.000000
vt 0.485388 0.296822
vt 0.750000 0.500000
vt 0.990000 0.250000
vt 0.750000 1.000000
vt 0.490000 0.250000
vt 0.718750 0.500000
vt 0.985388 0.203178
vt 0.718750 1.000000
vt 0.485388 0.203178
vt 0.687500 0.500000
vt 0.971731 0.158156
vt 0.687500 1.000000
vt 0.471731 0.158156
vt 0.656250 0.500000
vt 0.949553 0.116663
vt 0.656250 1.000000
vt 0.449553 0.116663
vt 0.625000 0.500000
vt 0.919706 0.080294
vt 0.625000 1.000000
vt 0.419706 0.080294
vt 0.593750 0.500000
vt 0.883337 0.050447
vt 0.593750 1.000000
vt 0.383337 0.050447
vt 0.562500 0.500000
vt 0.841844 0.028269
vt 0.562500 1.000000
vt 0.341844 0.028269
vt 0.531250 0.500000
vt 0.796822 0.014612
vt 0.531250 1.000000
vt 0.296822 0.014612
vt 0.500000 0.500000
vt 0.750000 0.010000
vt 0.500000 1.000000
vt 0.250000 0.010000
vt 0.468750 0.500000
vt 0.703178 0.014612
vt 0.468750 1.000000
vt 0.203178 0.014612
vt 0.437500 0.500000
vt 0.658156 0.028269
vt 0.437500 1.000000
vt 0.158156 0.028269
vt 0.406250 0.500000
vt 0.616663 0.050447
vt 0.406250 1.000000
vt 0.116663 0.050447
vt 0.375000 0.500000
vt 0.580294 0.080294
vt 0.375000 1.000000
vt 0.080294 0.080294
vt 0.343750 0.500000
vt 0.550447 0.116663
vt 0.343750 1.000000
vt 0.050447 0.116663
vt 0.312500 0.500000
vt 0.528269 0.158156
vt 0.312500 1.000000
vt 0.028269 0.158156
vt 0.281250 0.500000
vt 0.514612 0.203178
vt 0.281250 1.000000
vt 0.014612 0.203178
vt 0.250000 0.500000
vt 0.510000 0.250000
vt 0.250000 1.000000
vt 0.010000 0.250000
vt 0.218750 0.500000
vt 0.514612 0.296822
vt 0.218750 1.000000
vt 0.014612 0.296822
vt 0.187500 0.500000
vt 0.528269 0.341844
vt 0.187500 1.000000
vt 0.028269 0.341844
vt 0.156250 0.500000
vt 0.550447 0.383337
vt 0.156250 1.000000
vt 0.050447 0.383337
vt 0.125000 0.500000
vt 0.580294 0.419706
vt 0.125000 1.000000
vt 0.080294 0.419706
vt 0.093750 0.500000
vt 0.616663 0.449553
vt 0.093750 1.000000
vt 0.116663 0.449553
vt 0.062500 0.500000
vt 0.658156 0.471731
vt 0.158156 0.471731
vt 0.062500 1.000000
vt 0.031250 0.500000
vt 0.703178 0.485388
vt 0.203178 0.485388
vt 0.031250 1.000000
vt 0.134800 0.250000
vt 1.000000 0.578125
vt 0.000000 0.578125
vt 0.143569 0.205914
vt 0.937500 0.578125
vt 0.137013 0.227525
vt 0.968750 0.578125
vt 0.137013 0.272474
vt 0.031250 0.578125
vt 0.168541 0.168541
vt 0.875000 0.578125
vt 0.154214 0.185998
vt 0.906250 0.578125
vt 0.154214 0.314001
vt 0.093750 0.578125
vt 0.143569 0.294085
vt 0.062500 0.578125
vt 0.168541 0.331458
vt 0.125000 0.578125
vt 0.205915 0.143569
vt 0.812500 0.578125
vt 0.185998 0.154214
vt 0.843750 0.578125
vt 0.185998 0.345785
vt 0.156250 0.578125
vt 0.250000 0.365199
vt 0.250000 0.578125
vt 0.227525 0.362986
vt 0.218750 0.578125
vt 0.294085 0.356430
vt 0.312500 0.578125
vt 0.272474 0.362986
vt 0.281250 0.578125
vt 0.205915 0.356430
vt 0.187500 0.578125
vt 0.227525 0.137013
vt 0.781250 0.578125
vt 0.272474 0.137013
vt 0.718750 0.578125
vt 0.250000 0.134800
vt 0.750000 0.578125
vt 0.314001 0.154214
vt 0.656250 0.578125
vt 0.314001 0.345785
vt 0.343750 0.578125
vt 0.294085 0.143569
vt 0.687500 0.578125
vt 0.331458 0.331458
vt 0.375000 0.578125
vt 0.345785 0.185998
vt 0.593750 0.578125
vt 0.345785 0.314001
vt 0.406250 0.578125
vt 0.365199 0.250000
vt 0.500000 0.578125
vt 0.362986 0.272474
vt 0.468750 0.578125
vt 0.362986 0.227525
vt 0.531250 0.578125
vt 0.356430 0.294085
vt 0.437500 0.578125
vt 0.356430 0.205914
vt 0.562500 0.578125
vt 0.331458 0.168541
vt 0.625000 0.578125
vt 0.250000 0.734375
vt 0.750000 0.365200
vt 0.772474 0.362986
vt 0.281250 0.734375
vt 0.794084 0.143569
vt 0.687500 0.734375
vt 0.814001 0.345785
vt 0.343750 0.734375
vt 0.814001 0.154214
vt 0.656250 0.734375
vt 0.794085 0.356430
vt 0.312500 0.734375
vt 0.845785 0.185998
vt 0.593750 0.734375
vt 0.845785 0.314001
vt 0.406250 0.734375
vt 0.865199 0.250000
vt 0.500000 0.734375
vt 0.862986 0.272474
vt 0.468750 0.734375
vt 0.862986 0.227525
vt 0.531250 0.734375
vt 0.856430 0.294085
vt 0.437500 0.734375
vt 0.856430 0.205914
vt 0.562500 0.734375
vt 0.831458 0.331458
vt 0.375000 0.734375
vt 0.831458 0.168541
vt 0.625000 0.734375
vt 1.000000 0.734375
vt 0.000000 0.734375
vt 0.634800 0.250000
vt 0.643569 0.205914
vt 0.937500 0.734375
vt 0.637013 0.227525
vt 0.968750 0.734375
vt 0.637013 0.272474
vt 0.031250 0.734375
vt 0.875000 0.734375
vt 0.668541 0.168541
vt 0.654215 0.185998
vt 0.906250 0.734375
vt 0.654215 0.314001
vt 0.093750 0.734375
vt 0.643569 0.294085
vt 0.062500 0.734375
vt 0.705915 0.356431
vt 0.187500 0.734375
vt 0.705915 0.143569
vt 0.812500 0.734375
vt 0.685998 0.345785
vt 0.156250 0.734375
vt 0.727525 0.362986
vt 0.218750 0.734375
vt 0.772474 0.137013
vt 0.718750 0.734375
vt 0.750000 0.134800
vt 0.750000 0.734375
vt 0.727525 0.137013
vt 0.781250 0.734375
vt 0.685998 0.154214
vt 0.843750 0.734375
vt 0.668541 0.331458
vt 0.125000 0.734375
vt 0.000000 0.000000
vt 0.375000 0.000000
vt 0.375000 1.000000
vt 0.125000 0.750000
vt 0.375000 0.000000
vt 0.375000 1.000000
vt 0.125000 0.750000
vt 0.375000 0.000000
vt 0.375000 1.000000
vt 0.125000 0.750000
vt 0.125000 0.500000
vt 0.375000 0.250000
vt 0.625000 0.000000
vt 0.625000 1.000000
vt 0.875000 0.750000
vt 0.375000 0.750000
vt 0.125000 0.500000
vt 0.375000 0.250000
vt 0.375000 0.000000
vt 0.375000 1.000000
vt 0.125000 0.750000
vt 0.375000 0.500000
vt 0.625000 0.000000
vt 0.625000 1.000000
vt 0.875000 0.750000
vt 0.375000 0.750000
vt 0.125000 0.500000
vt 0.375000 0.250000
vt 0.625000 0.250000
vt 0.875000 0.500000
vt 0.375000 0.500000
vt 1.000000 0.500000
vt 0.000000 0.500000
vt 0.750000 0.490000
vt 1.000000 0.500000
vt 0.000000 0.500000
vt 0.750000 0.490000
vt 0.375000 0.750000
vt 0.625000 0.750000
vt 0.125000 0.500000
vt 0.375000 0.250000
vt 0.625000 0.250000
vt 0.875000 0.500000
vt 0.375000 0.500000
vt 0.968750 0.500000
vt 0.796822 0.485388
vt 0.625000 0.500000
vt 0.375000 0.750000
vt 1.000000 0.500000
vt 0.000000 0.500000
vt 0.750000 0.490000
vt 1.000000 0.500000
vt 0.000000 0.500000
vt 0.750000 0.490000
vt 0.625000 0.750000
vt 0.937500 0.500000
vt 0.841844 0.471731
vt 0.375000 0.500000
vt 0.968750 0.500000
vt 0.796822 0.485388
vt 0.625000 0.500000
vt 0.000000 0.000000
vt 0.968750 0.500000
vt 0.796822 0.485388
vt 0.906250 0.500000
vt 0.883337 0.449553
vt 0.937500 0.500000
vt 0.841844 0.471731
vt 0.000000 0.000000
vt 0.875000 0.500000
vt 0.919706 0.419706
vt 0.968750 0.500000
vt 0.796822 0.485388
vt 0.843750 0.500000
vt 0.949553 0.383337
vt 0.906250 0.500000
vt 0.883337 0.449553
vt 0.937500 0.500000
vt 0.841844 0.471731
vt 0.000000 0.000000
vt 0.812500 0.500000
vt 0.971731 0.341844
vt 0.875000 0.500000
vt 0.919706 0.419706
vt 0.906250 0.500000
vt 0.883337 0.449553
vt 0.781250 0.500000
vt 0.985388 0.296822
vt 0.000000 0.000000
vt 0.750000 0.500000
vt 0.990000 0.250000
vt 0.843750 0.500000
vt 0.949553 0.383337
vt 0.937500 0.500000
vt 0.841844 0.471731
vt 0.718750 0.500000
vt 0.985388 0.296822
vt 0.875000 0.500000
vt 0.919706 0.419706
vt 0.812500 0.500000
vt 0.971731 0.341844
vt 0.000000 0.000000
vt 0.687500 0.500000
vt 0.971731 0.341844
vt 0.000000 0.000000
vt 0.656250 0.500000
vt 0.949553 0.383337
vt 0.781250 0.500000
vt 0.985388 0.296822
vt 0.843750 0.500000
vt 0.949553 0.383337
vt 0.906250 0.500000
vt 0.883337 0.449553
vt 0.625000 0.500000
vt 0.919706 0.419706
vt 0.750000 0.500000
vt 0.990000 0.250000
vt 0.593750 0.500000
vt 0.883337 0.449553
vt 0.000000 0.000000
vt 0.718750 0.500000
vt 0.985388 0.296822
vt 0.812500 0.500000
vt 0.971731 0.341844
vt 0.562500 0.500000
vt 0.841844 0.471731
vt 0.000000 0.000000
vt 0.531250 0.500000
vt 0.796822 0.485388
vt 0.875000 0.500000
vt 0.919706 0.419706
vt 0.687500 0.500000
vt 0.971731 0.341844
vt 0.500000 0.500000
vt 0.750000 0.490000
vt 0.781250 0.500000
vt 0.985388 0.296822
vt 0.000000 0.000000
vt 0.468750 0.500000
vt 0.703178 0.485388
vt 0.656250 0.500000
vt 0.949553 0.383337
vt 0.000000 0.000000
vt 0.437500 0.500000
vt 0.658156 0.028269
vt 0.843750 0.500000
vt 0.949553 0.383337
vt 0.625000 0.500000
vt 0.919706 0.419706
vt 0.406250 0.500000
vt 0.616663 0.050447
vt 0.750000 0.500000
vt 0.990000 0.250000
vt 0.000000 0.000000
vt 0.375000 0.500000
vt 0.580294 0.080294
vt 0.593750 0.500000
vt 0.883337 0.449553
vt 0.718750 0.500000
vt 0.985388 0.296822
vt 0.343750 0.500000
vt 0.550447 0.116663
vt 0.000000 0.000000
vt 0.562500 0.500000
vt 0.841844 0.471731
vt 0.312500 0.500000
vt 0.528269 0.158156
vt 0.812500 0.500000
vt 0.971731 0.341844
vt 0.531250 0.500000
vt 0.796822 0.485388
vt 0.000000 0.000000
vt 0.281250 0.500000
vt 0.514612 0.203178
vt 0.687500 0.500000
vt 0.971731 0.341844
vt 0.250000 0.500000
vt 0.510000 0.250000
vt 0.500000 0.500000
vt 0.750000 0.490000
vt 0.781250 0.500000
vt 0.985388 0.296822
vt 0.218750 0.500000
vt 0.514612 0.203178
vt 0.000000 0.000000
vt 0.468750 0.500000
vt 0.703178 0.485388
vt 0.656250 0.500000
vt 0.949553 0.383337
vt 0.187500 0.500000
vt 0.528269 0.158156
vt 0.000000 0.000000
vt 0.156250 0.500000
vt 0.550447 0.116663
vt 0.437500 0.500000
vt 0.658156 0.028269
vt 0.625000 0.500000
vt 0.919706 0.419706
vt 0.750000 0.500000
vt 0.990000 0.250000
vt 0.125000 0.500000
vt 0.580294 0.080294
vt 0.000000 0.000000
vt 0.406250 0.500000
vt 0.616663 0.050447
vt 0.093750 0.500000
vt 0.616663 0.050447
vt 0.000000 0.000000
vt 0.062500 0.500000
vt 0.658156 0.028269
vt 0.375000 0.500000
vt 0.580294 0.080294
vt 0.593750 0.500000
vt 0.883337 0.449553
vt 0.031250 0.500000
vt 0.703178 0.485388
vt 0.718750 0.500000
vt 0.985388 0.296822
vt 0.343750 0.500000
vt 0.550447 0.116663
vt 0.562500 0.500000
vt 0.841844 0.471731
vt 0.000000 0.000000
vt 0.000000 0.000000
vt 0.312500 0.500000
vt 0.528269 0.158156
vt 0.687500 0.500000
vt 0.971731 0.341844
vt 0.531250 0.500000
vt 0.796822 0.485388
vt 0.281250 0.500000
vt 0.514612 0.203178
vt 0.000000 0.000000
vt 0.250000 0.500000
vt 0.510000 0.250000
vt 0.000000 0.000000
vt 0.500000 0.500000
vt 0.750000 0.490000
vt 0.656250 0.500000
vt 0.949553 0.383337
vt 0.218750 0.500000
vt 0.514612 0.203178
vt 0.000000 0.000000
vt 0.468750 0.500000
vt 0.703178 0.485388
vt 0.187500 0.500000
vt 0.528269 0.158156
vt 0.000000 0.000000
vt 0.000000 0.000000
vt 0.156250 0.500000
vt 0.550447 0.116663
vt 0.437500 0.500000
vt 0.658156 0.028269
vt 0.625000 0.500000
vt 0.919706 0.419706
vt 0.125000 0.500000
vt 0.580294 0.080294
vt 0.000000 0.000000
vt 0.406250 0.500000
vt 0.616663 0.050447
vt 0.093750 0.500000
vt 0.616663 0.050447
vt 0.000000 0.000000
vt 0.593750 0.500000
vt 0.883337 0.449553
vt 0.062500 0.500000
vt 0.658156 0.028269
vt 0.375000 0.500000
vt 0.580294 0.080294
vt 0.000000 0.000000
vt 0.031250 0.500000
vt 0.703178 0.485388
vt 0.000000 0.000000
vt 0.343750 0.500000
vt 0.550447 0.116663
vt 0.562500 0.500000
vt 0.841844 0.471731
vt 0.312500 0.500000
vt 0.528269 0.158156
vt 0.000000 0.000000
vt 0.531250 0.500000
vt 0.796822 0.485388
vt 0.000000 0.000000
vt 0.281250 0.500000
vt 0.514612 0.203178
vt 0.000000 0.000000
vt 0.500000 0.500000
vt 0.750000 0.490000
vt 0.250000 0.500000
vt 0.510000 0.250000
vt 0.000000 0.000000
vt 0.000000 0.000000
vt 0.218750 0.500000
vt 0.514612 0.203178
vt 0.000000 0.000000
vt 0.468750 0.500000
vt 0.703178 0.485388
vt 0.187500 0.500000
vt 0.528269 0.158156
vt 0.000000 0.000000
vt 0.437500 0.500000
vt 0.658156 0.028269
vt 0.156250 0.500000
vt 0.550447 0.116663
vt 0.000000 0.000000
vt 0.000000 0.000000
vt 0.125000 0.500000
vt 0.580294 0.080294
vt 0.406250 0.500000
vt 0.616663 0.050447
vt 0.093750 0.500000
vt 0.616663 0.050447
vt 0.000000 0.000000
vt 0.000000 0.000000
vt 0.000000 0.000000
vt 0.062500 0.500000
vt 0.658156 0.028269
vt 0.375000 0.500000
vt 0.580294 0.080294
vt 0.031250 0.500000
vt 0.703178 0.485388
vt 0.000000 0.000000
vt 0.000000 0.000000
vt 0.343750 0.500000
vt 0.550447 0.116663
vt 0.000000 0.000000
vt 0.000000 0.000000
vt 0.312500 0.500000
vt 0.528269 0.158156
vt 0.000000 0.000000
vt 0.000000 0.000000
vt 0.281250 0.500000
vt 0.514612 0.203178
vt 0.000000 0.000000
vt 0.250000 0.500000
vt 0.510000 0.250000
vt 0.000000 0.000000
vt 0.000000 0.000000
vt 0.000000 0.000000
vt 0.218750 0.500000
vt 0.514612 0.203178
vt 0.000000 0.000000
vt 0.000000 0.000000
vt 0.187500 0.500000
vt 0.528269 0.158156
vt 0.000000 0.000000
vt 0.000000 0.000000
vt 0.156250 0.500000
vt 0.550447 0.116663
vt 0.000000 0.000000
vt 0.125000 0.500000
vt 0.750000 0.490000
vt 0.093750 0.500000
vt 0.796822 0.485388
vt 0.062500 0.500000
vt 0.841844 0.471731
vt 0.031250 0.500000
vt 0.703178 0.485388
vt 0.000000 0.000000
vt 0.250000 0.874999
vt 0.000000 0.000000
vt 0.281250 0.874999
vt 0.000000 0.000000
vt 0.218750 0.874999
vt 0.000000 0.000000
vt 0.343750 0.874999
vt 0.000000 0.000000
vt 0.187500 0.874999
vt 0.000000 0.000000
vt 0.312500 0.874999
vt 0.000000 0.000000
vt 0.156250 0.874999
vt 0.000000 0.000000
vt 0.406250 0.874999
vt 0.000000 0.000000
vt 0.125000 0.874999
vt 0.000000 0.000000
vt 0.031250 0.874999
vt 0.000000 0.000000
vt 0.468750 0.874999
vt 0.000000 0.000000
vt 0.062500 0.874999
vt 0.437500 0.874999
vt 0.000000 0.000000
vt 0.000000 0.000000
vt 0.093750 0.874999
vt 0.000000 0.000000
vt 0.375000 0.874999
vt 0.000000 0.000000
vt 0.531250 0.874999
vt 0.000000 0.000000
vt 0.968750 0.874999
vt 0.000000 0.000000
vt 0.593750 0.874999
vt 0.000000 0.000000
vt 0.906250 0.874999
vt 0.000000 0.000000
vt 0.562500 0.874999
vt 0.000000 0.000000
vt 0.937500 0.874999
vt 0.000000 0.000000
vt 0.656250 0.874999
vt 0.000000 0.000000
vt 0.843750 0.874999
vt 0.000000 0.000000
vt 0.750000 0.874999
vt 0.000000 0.000000
vt 0.781250 0.874999
vt 0.000000 0.000000
vt 0.718750 0.874999
vt 0.000000 0.000000
vt 0.789063 0.874999
vt 0.000000 0.000000
vt 0.812500 0.874999
vt 0.000000 0.000000
vt 0.687500 0.874999
vt 0.000000 0.000000
vt 0.875000 0.874999
vt 0.000000 0.000000
vt 0.625000 0.874999
vt 0.000000 0.874999
vt 0.000000 0.000000
vt 1.000000 0.874999
vt 0.000000 0.000000
vt 0.500000 0.874999
vt 0.000000 0.000000
vt 0.250000 0.874999
vt 0.000000 0.000000
vt 0.281250 0.874999
vt 0.000000 0.000000
vt 0.195312 0.874999
vt 0.000000 0.000000
vt 0.218750 0.874999
vt 0.000000 0.000000
vt 0.343750 0.874999
vt 0.000000 0.000000
vt 0.156250 0.874999
vt 0.000000 0.000000
vt 0.312500 0.874999
vt 0.000000 0.000000
vt 0.187500 0.874999
vt 0.000000 0.000000
vt 0.406250 0.874999
vt 0.000000 0.000000
vt 0.093750 0.874999
vt 0.000000 0.000000
vt 0.468750 0.874999
vt 0.000000 0.000000
vt 0.031250 0.874999
vt 0.000000 0.000000
vt 0.437500 0.874999
vt 0.000000 0.000000
vt 0.062500 0.874999
vt 0.000000 0.000000
vt 0.375000 0.874999
vt 0.000000 0.000000
vt 0.125000 0.874999
vt 0.000000 0.000000
vt 0.531250 0.874999
vt 0.000000 0.000000
vt 0.968750 0.874999
vt 0.000000 0.000000
vt 0.593750 0.874999
vt 0.000000 0.000000
vt 0.906250 0.874999
vt 0.000000 0.000000
vt 0.562500 0.874999
vt 0.000000 0.000000
vt 0.937500 0.874999
vt 0.000000 0.000000
vt 0.656250 0.874999
vt 0.000000 0.000000
vt 0.843750 0.874999
vt 0.000000 0.000000
vt 0.750000 0.874999
vt 0.000000 0.000000
vt 0.718750 0.874999
vt 0.000000 0.000000
vt 0.781250 0.874999
vt 0.000000 0.000000
vt 0.687500 0.874999
vt 0.000000 0.000000
vt 0.812500 0.874999
vt 0.000000 0.000000
vt 0.625000 0.874999
vt 0.000000 0.000000
vt 0.875000 0.874999
vt 0.000000 0.874999
vt 0.000000 0.000000
vt 1.000000 0.874999
vt 0.000000 0.000000
vt 0.500000 0.874999
vt 0.000000 0.000000
vt 0.250000 0.874999
vt 0.000000 0.000000
vt 0.281250 0.874999
vt 0.000000 0.000000
vt 0.218750 0.874999
vt 0.000000 0.000000
vt 0.343750 0.874999
vt 0.000000 0.000000
vt 0.156250 0.874999
vt 0.000000 0.000000
vt 0.312500 0.874999
vt 0.000000 0.000000
vt 0.187500 0.874999
vt 0.000000 0.000000
vt 0.406250 0.874999
vt 0.000000 0.000000
vt 0.093750 0.874999
vt 0.000000 0.000000
vt 0.031250 0.874999
vt 0.000000 0.000000
vt 0.468750 0.874999
vt 0.000000 0.000000
vt 0.062500 0.874999
vt 0.000000 0.000000
vt 0.437500 0.874999
vt 0.000000 0.000000
vt 0.125000 0.874999
vt 0.000000 0.000000
vt 0.375000 0.874999
vt 0.000000 0.000000
vt 0.531250 0.874999
vt 0.000000 0.000000
vt 0.968750 0.874999
vt 0.000000 0.000000
vt 0.593750 0.874999
vt 0.000000 0.000000
vt 0.906250 0.874999
vt 0.000000 0.000000
vt 0.562500 0.874999
vt 0.000000 0.000000
vt 0.937500 0.874999
vt 0.000000 0.000000
vt 0.656250 0.874999
vt 0.000000 0.000000
vt 0.843750 0.874999
vt 0.000000 0.000000
vt 0.750000 0.874999
vt 0.000000 0.000000
vt 0.781250 0.874999
vt 0.000000 0.000000
vt 0.718750 0.874999
vt 0.000000 0.000000
vt 0.695312 0.874999
vt 0.000000 0.000000
vt 0.812500 0.874999
vt 0.000000 0.000000
vt 0.687500 0.874999
vt 0.000000 0.000000
vt 0.875000 0.874999
vt 0.000000 0.000000
vt 0.500000 0.874999
vt 0.000000 0.000000
vt 0.625000 0.874999
vt 0.000000 0.874999
vt 0.000000 0.000000
vt 1.000000 0.874999
vt 0.000000 0.000000
vt 0.250000 0.874999
vt 0.000000 0.000000
vt 0.289063 0.874999
vt 0.000000 0.000000
vt 0.281250 0.874999
vt 0.000000 0.000000
vt 0.218750 0.874999
vt 0.000000 0.000000
vt 0.343750 0.874999
vt 0.000000 0.000000
vt 0.156250 0.874999
vt 0.000000 0.000000
vt 0.312500 0.874999
vt 0.000000 0.000000
vt 0.187500 0.874999
vt 0.000000 0.000000
vt 0.406250 0.874999
vt 0.000000 0.000000
vt 0.093750 0.874999
vt 0.000000 0.000000
vt 0.468750 0.874999
vt 0.000000 0.000000
vt 0.031250 0.874999
vt 0.000000 0.000000
vt 0.437500 0.874999
vt 0.000000 0.000000
vt 0.062500 0.874999
vt 0.000000 0.000000
vt 0.500000 0.874999
vt 0.000000 0.000000
vt 0.375000 0.874999
vt 0.000000 0.000000
vt 0.125000 0.874999
vt 0.000000 0.000000
vt 0.531250 0.874999
vt 0.000000 0.000000
vt 0.968750 0.874999
vt 0.000000 0.000000
vt 0.976563 0.874999
vt 0.000000 0.000000
vt 0.937500 0.874999
vt 0.000000 0.000000
vt 0.593750 0.874999
vt 0.000000 0.000000
vt 0.906250 0.874999
vt 0.000000 0.000000
vt 0.562500 0.874999
vt 0.000000 0.874999
vt 0.000000 0.000000
vt 1.000000 0.874999
vt 0.000000 0.000000
vt 0.656250 0.874999
vt 0.000000 0.000000
vt 0.843750 0.874999
vt 0.000000 0.000000
vt 0.750000 0.874999
vt 0.000000 0.000000
vt 0.781250 0.874999
vt 0.000000 0.000000
vt 0.718750 0.874999
vt 0.000000 0.000000
vt 0.687500 0.874999
vt 0.000000 0.000000
vt 0.812500 0.874999
vt 0.000000 0.000000
vt 0.625000 0.874999
vt 0.000000 0.000000
vt 0.875000 0.874999
vt 0.000000 0.000000
vt 0.500003 0.000000
vt 0.500003 1.000000
vt 0.500003 0.250000
vt 0.000000 0.000000
vt 0.000000 0.000000
vt 0.500003 0.500000
vt 0.000000 0.000000
vt 0.500003 0.750000
vt 0.375003 1.000000
vt 0.000000 0.000000
vt 0.375000 0.000000
vt 0.000000 0.000000
vt 0.375003 0.250000
vt 0.000000 0.000000
vt 0.375000 0.500000
vt 0.000000 0.000000
vt 0.375003 0.750000
vt 0.000000 0.000000
vt 0.500003 0.000000
vt 0.500003 1.000000
vt 0.000000 0.000000
vt 0.500003 0.250000
vt 0.000000 0.000000
vt 0.500003 0.750000
vt 0.000000 0.000000
vt 0.500003 0.500000
vt 0.000000 0.000000
vt 0.375002 0.250000
vt 0.375002 1.000000
vt 0.000000 0.000000
vt 0.375000 0.000000
vt 0.000000 0.000000
vt 0.375002 0.750000
vt 0.000000 0.000000
vt 0.375000 0.500000
vt 0.500003 1.000000
vt 0.000000 0.000000
vt 0.500003 0.000000
vt 0.000000 0.000000
vt 0.500003 0.250000
vt 0.000000 0.000000
vt 0.500003 0.500000
vt 0.000000 0.000000
vt 0.500003 0.750000
vt 0.500004 1.000000
vt 0.000000 0.000000
vt 0.500004 0.000000
vt 0.000000 0.000000
vt 0.500004 0.250000
vt 0.000000 0.000000
vt 0.500004 0.750000
vt 0.000000 0.000000
vt 0.500004 0.500000
vt 0.000000 0.000000
vt 0.000000 0.000000
vt 0.000000 0.000000
vt 0.000000 0.000000
vt 0.000000 0.000000
vt 0.000000 0.000000
vt 0.000000 0.000000
vt 0.000000 0.000000
vt 1.000000 0.500000
vt 0.000000 0.500000
vt 0.750000 0.490000
vt 1.000000 1.000000
vt 0.250000 0.490000
vt 0.000000 1.000000
vt 0.968750 0.500000
vt 0.796822 0.485388
vt 0.968750 1.000000
vt 0.296822 0.485388
vt 0.937500 0.500000
vt 0.841844 0.471731
vt 0.937500 1.000000
vt 0.341844 0.471731
vt 0.906250 0.500000
vt 0.883337 0.449553
vt 0.906250 1.000000
vt 0.383337 0.449553
vt 0.875000 0.500000
vt 0.919706 0.419706
vt 0.875000 1.000000
vt 0.419706 0.419706
vt 0.843750 0.500000
vt 0.949553 0.383337
vt 0.843750 1.000000
vt 0.449553 0.383337
vt 0.812500 0.500000
vt 0.971731 0.341844
vt 0.812500 1.000000
vt 0.471731 0.341844
vt 0.781250 0.500000
vt 0.985388 0.296822
vt 0.781250 1.000000
vt 0.485388 0.296822
vt 0.750000 0.500000
vt 0.990000 0.250000
vt 0.750000 1.000000
vt 0.490000 0.250000
vt 0.718750 0.500000
vt 0.985388 0.203178
vt 0.718750 1.000000
vt 0.485388 0.203178
vt 0.687500 0.500000
vt 0.971731 0.158156
vt 0.687500 1.000000
vt 0.471731 0.158156
vt 0.656250 0.500000
vt 0.949553 0.116663
vt 0.656250 1.000000
vt 0.449553 0.116663
vt 0.625000 0.500000
vt 0.919706 0.080294
vt 0.625000 1.000000
vt 0.419706 0.080294
vt 0.593750 0.500000
vt 0.883337 0.050447
vt 0.593750 1.000000
vt 0.383337 0.050447
vt 0.562500 0.500000
vt 0.841844 0.028269
vt 0.562500 1.000000
vt 0.341844 0.028269
vt 0.531250 0.500000
vt 0.796822 0.014612
vt 0.531250 1.000000
vt 0.296822 0.014612
vt 0.500000 0.500000
vt 0.750000 0.010000
vt 0.500000 1.000000
vt 0.250000 0.010000
vt 0.468750 0.500000
vt 0.703178 0.014612
vt 0.468750 1.000000
vt 0.203178 0.014612
vt 0.437500 0.500000
vt 0.658156 0.028269
vt 0.437500 1.000000
vt 0.158156 0.028269
vt 0.406250 0.500000
vt 0.616663 0.050447
vt 0.406250 1.000000
vt 0.116663 0.050447
vt 0.375000 0.500000
vt 0.580294 0.080294
vt 0.375000 1.000000
vt 0.080294 0.080294
vt 0.343750 0.500000
vt 0.550447 0.116663
vt 0.343750 1.000000
vt 0.050447 0.116663
vt 0.312500 0.500000
vt 0.528269 0.158156
vt 0.312500 1.000000
vt 0.028269 0.158156
vt 0.281250 0.500000
vt 0.514612 0.203178
vt 0.281250 1.000000
vt 0.014612 0.203178
vt 0.250000 0.500000
vt 0.510000 0.250000
vt 0.250000 1.000000
vt 0.010000 0.250000
vt 0.218750 0.500000
vt 0.514612 0.296822
vt 0.218750 1.000000
vt 0.014612 0.296822
vt 0.187500 0.500000
vt 0.528269 0.341844
vt 0.187500 1.000000
vt 0.028269 0.341844
vt 0.156250 0.500000
vt 0.550447 0.383337
vt 0.156250 1.000000
vt 0.050447 0.383337
vt 0.125000 0.500000
vt 0.580294 0.419706
vt 0.125000 1.000000
vt 0.080294 0.419706
vt 0.093750 0.500000
vt 0.616663 0.449553
vt 0.093750 1.000000
vt 0.116663 0.449553
vt 0.062500 0.500000
vt 0.658156 0.471731
vt 0.158156 0.471731
vt 0.062500 1.000000
vt 0.031250 0.500000
vt 0.703178 0.485388
vt 0.203178 0.485388
vt 0.031250 1.000000
vt 0.163600 0.250004
vt 0.250000 0.812501
vt 0.165260 0.233149
vt 0.281250 0.812501
vt 0.165260 0.266860
vt 0.218750 0.812501
vt 0.178161 0.202003
vt 0.343750 0.812501
vt 0.178161 0.298006
vt 0.156250 0.812501
vt 0.188906 0.188911
vt 0.375000 0.812501
vt 0.170177 0.216941
vt 0.312500 0.812501
vt 0.170177 0.283068
vt 0.187500 0.812501
vt 0.188906 0.311098
vt 0.125000 0.812501
vt 0.216936 0.170181
vt 0.437500 0.812501
vt 0.201999 0.178166
vt 0.406250 0.812501
vt 0.201999 0.321843
vt 0.093750 0.812501
vt 0.250000 0.336405
vt 1.000000 0.812501
vt 0.000000 0.812501
vt 0.233144 0.334744
vt 0.031250 0.812501
vt 0.283064 0.329828
vt 0.937500 0.812501
vt 0.266856 0.334744
vt 0.968750 0.812501
vt 0.216936 0.329828
vt 0.062500 0.812501
vt 0.233144 0.165265
vt 0.468750 0.812501
vt 0.266856 0.165265
vt 0.531250 0.812501
vt 0.250000 0.163605
vt 0.500000 0.812501
vt 0.298001 0.178166
vt 0.593750 0.812501
vt 0.298001 0.321844
vt 0.906250 0.812501
vt 0.283064 0.170181
vt 0.562500 0.812501
vt 0.321839 0.202003
vt 0.656250 0.812501
vt 0.321839 0.298006
vt 0.843750 0.812501
vt 0.336400 0.250004
vt 0.750000 0.812501
vt 0.334740 0.233149
vt 0.718750 0.812501
vt 0.334740 0.266860
vt 0.781250 0.812501
vt 0.329823 0.216941
vt 0.687500 0.812501
vt 0.329823 0.283068
vt 0.812500 0.812501
vt 0.311094 0.311098
vt 0.875000 0.812501
vt 0.311094 0.188911
vt 0.625000 0.812501
vt 0.733144 0.334744
vt 0.031250 0.687501
vt 0.000000 0.687501
vt 0.750000 0.336405
vt 1.000000 0.687501
vt 0.766856 0.334744
vt 0.968750 0.687501
vt 0.783064 0.170181
vt 0.562500 0.687501
vt 0.798001 0.178166
vt 0.593750 0.687501
vt 0.783064 0.329828
vt 0.937500 0.687501
vt 0.766856 0.165265
vt 0.531250 0.687501
vt 0.798001 0.321843
vt 0.906250 0.687501
vt 0.811094 0.311098
vt 0.875000 0.687501
vt 0.821839 0.202003
vt 0.656250 0.687501
vt 0.821839 0.298006
vt 0.843750 0.687501
vt 0.836400 0.250004
vt 0.750000 0.687501
vt 0.834740 0.266860
vt 0.781250 0.687501
vt 0.834740 0.233149
vt 0.718750 0.687501
vt 0.829823 0.283068
vt 0.812500 0.687501
vt 0.829823 0.216941
vt 0.687500 0.687501
vt 0.811094 0.188911
vt 0.625000 0.687501
vt 0.663600 0.250005
vt 0.250000 0.687501
vt 0.670177 0.216941
vt 0.312500 0.687501
vt 0.665260 0.233149
vt 0.281250 0.687501
vt 0.665260 0.266860
vt 0.218750 0.687501
vt 0.678161 0.202003
vt 0.343750 0.687501
vt 0.678161 0.298006
vt 0.156250 0.687501
vt 0.688906 0.188910
vt 0.375000 0.687501
vt 0.670177 0.283068
vt 0.187500 0.687501
vt 0.716936 0.329828
vt 0.062500 0.687501
vt 0.701999 0.178166
vt 0.406250 0.687501
vt 0.701999 0.321843
vt 0.093750 0.687501
vt 0.750000 0.163605
vt 0.500000 0.687501
vt 0.733144 0.165265
vt 0.468750 0.687501
vt 0.716936 0.170181
vt 0.437500 0.687501
vt 0.688906 0.311098
vt 0.125000 0.687501
vt 1.000000 0.500000
vt 0.000000 0.500000
vt 0.750000 0.490000
vt 1.000000 1.000000
vt 0.250000 0.490000
vt 0.000000 1.000000
vt 0.968750 0.500000
vt 0.796822 0.485388
vt 0.968750 1.000000
vt 0.296822 0.485388
vt 0.937500 0.500000
vt 0.841844 0.471731
vt 0.937500 1.000000
vt 0.341844 0.471731
vt 0.906250 0.500000
vt 0.883337 0.449553
vt 0.906250 1.000000
vt 0.383337 0.449553
vt 0.875000 0.500000
vt 0.919706 0.419706
vt 0.875000 1.000000
vt 0.419706 0.419706
vt 0.843750 0.500000
vt 0.949553 0.383337
vt 0.843750 1.000000
vt 0.449553 0.383337
vt 0.812500 0.500000
vt 0.971731 0.341844
vt 0.812500 1.000000
vt 0.471731 0.341844
vt 0.781250 0.500000
vt 0.985388 0.296822
vt 0.781250 1.000000
vt 0.485388 0.296822
vt 0.750000 0.500000
vt 0.990000 0.250000
vt 0.750000 1.000000
vt 0.490000 0.250000
vt 0.718750 0.500000
vt 0.985388 0.203178
vt 0.718750 1.000000
vt 0.485388 0.203178
vt 0.687500 0.500000
vt 0.971731 0.158156
vt 0.687500 1.000000
vt 0.471731 0.158156
vt 0.656250 0.500000
vt 0.949553 0.116663
vt 0.656250 1.000000
vt 0.449553 0.116663
vt 0.625000 0.500000
vt 0.919706 0.080294
vt 0.625000 1.000000
vt 0.419706 0.080294
vt 0.593750 0.500000
vt 0.883337 0.050447
vt 0.593750 1.000000
vt 0.383337 0.050447
vt 0.562500 0.500000
vt 0.841844 0.028269
vt 0.562500 1.000000
vt 0.341844 0.028269
vt 0.531250 0.500000
vt 0.796822 0.014612
vt 0.531250 1.000000
vt 0.296822 0.014612
vt 0.500000 0.500000
vt 0.750000 0.010000
vt 0.500000 1.000000
vt 0.250000 0.010000
vt 0.468750 0.500000
vt 0.703178 0.014612
vt 0.468750 1.000000
vt 0.203178 0.014612
vt 0.437500 0.500000
vt 0.658156 0.028269
vt 0.437500 1.000000
vt 0.158156 0.028269
vt 0.406250 0.500000
vt 0.616663 0.050447
vt 0.406250 1.000000
vt 0.116663 0.050447
vt 0.375000 0.500000
vt 0.580294 0.080294
vt 0.375000 1.000000
vt 0.080294 0.080294
vt 0.343750 0.500000
vt 0.550447 0.116663
vt 0.343750 1.000000
vt 0.050447 0.116663
vt 0.312500 0.500000
vt 0.528269 0.158156
vt 0.312500 1.000000
vt 0.028269 0.158156
vt 0.281250 0.500000
vt 0.514612 0.203178
vt 0.281250 1.000000
vt 0.014612 0.203178
vt 0.250000 0.500000
vt 0.510000 0.250000
vt 0.250000 1.000000
vt 0.010000 0.250000
vt 0.218750 0.500000
vt 0.514612 0.296822
vt 0.218750 1.000000
vt 0.014612 0.296822
vt 0.187500 0.500000
vt 0.528269 0.341844
vt 0.187500 1.000000
vt 0.028269 0.341844
vt 0.156250 0.500000
vt 0.550447 0.383337
vt 0.156250 1.000000
vt 0.050447 0.383337
vt 0.125000 0.500000
vt 0.580294 0.419706
vt 0.125000 1.000000
vt 0.080294 0.419706
vt 0.093750 0.500000
vt 0.616663 0.449553
vt 0.093750 1.000000
vt 0.116663 0.449553
vt 0.062500 0.500000
vt 0.658156 0.471731
vt 0.158156 0.471731
vt 0.062500 1.000000
vt 0.031250 0.500000
vt 0.703178 0.485388
vt 0.203178 0.485388
vt 0.031250 1.000000
vt 0.163600 0.250004
vt 0.250000 0.812501
vt 0.165260 0.233149
vt 0.281250 0.812501
vt 0.165260 0.266860
vt 0.218750 0.812501
vt 0.178161 0.202003
vt 0.343750 0.812501
vt 0.178161 0.298006
vt 0.156250 0.812501
vt 0.188906 0.188911
vt 0.375000 0.812501
vt 0.170177 0.216941
vt 0.312500 0.812501
vt 0.170177 0.283068
vt 0.187500 0.812501
vt 0.188906 0.311098
vt 0.125000 0.812501
vt 0.216936 0.170181
vt 0.437500 0.812501
vt 0.201999 0.178166
vt 0.406250 0.812501
vt 0.201999 0.321843
vt 0.093750 0.812501
vt 0.250000 0.336405
vt 1.000000 0.812501
vt 0.000000 0.812501
vt 0.233144 0.334744
vt 0.031250 0.812501
vt 0.283064 0.329828
vt 0.937500 0.812501
vt 0.266856 0.334744
vt 0.968750 0.812501
vt 0.216936 0.329828
vt 0.062500 0.812501
vt 0.233144 0.165265
vt 0.468750 0.812501
vt 0.266856 0.165265
vt 0.531250 0.812501
vt 0.250000 0.163605
vt 0.500000 0.812501
vt 0.298001 0.178166
vt 0.593750 0.812501
vt 0.298001 0.321844
vt 0.906250 0.812501
vt 0.283064 0.170181
vt 0.562500 0.812501
vt 0.321839 0.202003
vt 0.656250 0.812501
vt 0.321839 0.298006
vt 0.843750 0.812501
vt 0.336400 0.250004
vt 0.750000 0.812501
vt 0.334740 0.233149
vt 0.718750 0.812501
vt 0.334740 0.266860
vt 0.781250 0.812501
vt 0.329823 0.216941
vt 0.687500 0.812501
vt 0.329823 0.283068
vt 0.812500 0.812501
vt 0.311094 0.311098
vt 0.875000 0.812501
vt 0.311094 0.188911
vt 0.625000 0.812501
vt 0.733144 0.334744
vt 0.031250 0.687501
vt 0.000000 0.687501
vt 0.750000 0.336405
vt 1.000000 0.687501
vt 0.766856 0.334744
vt 0.968750 0.687501
vt 0.783064 0.170181
vt 0.562500 0.687501
vt 0.798001 0.178166
vt 0.593750 0.687501
vt 0.783064 0.329828
vt 0.937500 0.687501
vt 0.766856 0.165265
vt 0.531250 0.687501
vt 0.798001 0.321843
vt 0.906250 0.687501
vt 0.811094 0.311098
vt 0.875000 0.687501
vt 0.821839 0.202003
vt 0.656250 0.687501
vt 0.821839 0.298006
vt 0.843750 0.687501
vt 0.836400 0.250004
vt 0.750000 0.687501
vt 0.834740 0.266860
vt 0.781250 0.687501
vt 0.834740 0.233149
vt 0.718750 0.687501
vt 0.829823 0.283068
vt 0.812500 0.687501
vt 0.829823 0.216941
vt 0.687500 0.687501
vt 0.811094 0.188911
vt 0.625000 0.687501
vt 0.663600 0.250005
vt 0.250000 0.687501
vt 0.670177 0.216941
vt 0.312500 0.687501
vt 0.665260 0.233149
vt 0.281250 0.687501
vt 0.665260 0.266860
vt 0.218750 0.687501
vt 0.678161 0.202003
vt 0.343750 0.687501
vt 0.678161 0.298006
vt 0.156250 0.687501
vt 0.688906 0.188910
vt 0.375000 0.687501
vt 0.670177 0.283068
vt 0.187500 0.687501
vt 0.716936 0.329828
vt 0.062500 0.687501
vt 0.701999 0.178166
vt 0.406250 0.687501
vt 0.701999 0.321843
vt 0.093750 0.687501
vt 0.750000 0.163605
vt 0.500000 0.687501
vt 0.733144 0.165265
vt 0.468750 0.687501
vt 0.716936 0.170181
vt 0.437500 0.687501
vt 0.688906 0.311098
vt 0.125000 0.687501
vt 1.000000 0.500000
vt 0.000000 0.500000
vt 0.750000 0.490000
vt 1.000000 1.000000
vt 0.250000 0.490000
vt 0.000000 1.000000
vt 0.968750 0.500000
vt 0.796822 0.485388
vt 0.968750 1.000000
vt 0.296822 0.485388
vt 0.937500 0.500000
vt 0.841844 0.471731
vt 0.937500 1.000000
vt 0.341844 0.471731
vt 0.906250 0.500000
vt 0.883337 0.449553
vt 0.906250 1.000000
vt 0.383337 0.449553
vt 0.875000 0.500000
vt 0.919706 0.419706
vt 0.875000 1.000000
vt 0.419706 0.419706
vt 0.843750 0.500000
vt 0.949553 0.383337
vt 0.843750 1.000000
vt 0.449553 0.383337
vt 0.812500 0.500000
vt 0.971731 0.341844
vt 0.812500 1.000000
vt 0.471731 0.341844
vt 0.781250 0.500000
vt 0.985388 0.296822
vt 0.781250 1.000000
vt 0.485388 0.296822
vt 0.750000 0.500000
vt 0.990000 0.250000
vt 0.750000 1.000000
vt 0.490000 0.250000
vt 0.718750 0.500000
vt 0.985388 0.203178
vt 0.718750 1.000000
vt 0.485388 0.203178
vt 0.687500 0.500000
vt 0.971731 0.158156
vt 0.687500 1.000000
vt 0.471731 0.158156
vt 0.656250 0.500000
vt 0.949553 0.116663
vt 0.656250 1.000000
vt 0.449553 0.116663
vt 0.625000 0.500000
vt 0.919706 0.080294
vt 0.625000 1.000000
vt 0.419706 0.080294
vt 0.593750 0.500000
vt 0.883337 0.050447
vt 0.593750 1.000000
vt 0.383337 0.050447
vt 0.562500 0.500000
vt 0.841844 0.028269
vt 0.562500 1.000000
vt 0.341844 0.028269
vt 0.531250 0.500000
vt 0.796822 0.014612
vt 0.531250 1.000000
vt 0.296822 0.014612
vt 0.500000 0.500000
vt 0.750000 0.010000
vt 0.500000 1.000000
vt 0.250000 0.010000
vt 0.468750 0.500000
vt 0.703178 0.014612
vt 0.468750 1.000000
vt 0.203178 0.014612
vt 0.437500 0.500000
vt 0.658156 0.028269
vt 0.437500 1.000000
vt 0.158156 0.028269
vt 0.406250 0.500000
vt 0.616663 0.050447
vt 0.406250 1.000000
vt 0.116663 0.050447
vt 0.375000 0.500000
vt 0.580294 0.080294
vt 0.375000 1.000000
vt 0.080294 0.080294
vt 0.343750 0.500000
vt 0.550447 0.116663
vt 0.343750 1.000000
vt 0.050447 0.116663
vt 0.312500 0.500000
vt 0.528269 0.158156
vt 0.312500 1.000000
vt 0.028269 0.158156
vt 0.281250 0.500000
vt 0.514612 0.203178
vt 0.281250 1.000000
vt 0.014612 0.203178
vt 0.250000 0.500000
vt 0.510000 0.250000
vt 0.250000 1.000000
vt 0.010000 0.250000
vt 0.218750 0.500000
vt 0.514612 0.296822
vt 0.218750 1.000000
vt 0.014612 0.296822
vt 0.187500 0.500000
vt 0.528269 0.341844
vt 0.187500 1.000000
vt 0.028269 0.341844
vt 0.156250 0.500000
vt 0.550447 0.383337
vt 0.156250 1.000000
vt 0.050447 0.383337
vt 0.125000 0.500000
vt 0.580294 0.419706
vt 0.125000 1.000000
vt 0.080294 0.419706
vt 0.093750 0.500000
vt 0.616663 0.449553
vt 0.093750 1.000000
vt 0.116663 0.449553
vt 0.062500 0.500000
vt 0.658156 0.471731
vt 0.158156 0.471731
vt 0.062500 1.000000
vt 0.031250 0.500000
vt 0.703178 0.485388
vt 0.203178 0.485388
vt 0.031250 1.000000
vt 0.163600 0.250004
vt 0.250000 0.812501
vt 0.165260 0.233149
vt 0.281250 0.812501
vt 0.165260 0.266860
vt 0.218750 0.812501
vt 0.178161 0.202003
vt 0.343750 0.812501
vt 0.178161 0.298006
vt 0.156250 0.812501
vt 0.188906 0.188911
vt 0.375000 0.812501
vt 0.170177 0.216941
vt 0.312500 0.812501
vt 0.170177 0.283068
vt 0.187500 0.812501
vt 0.188906 0.311098
vt 0.125000 0.812501
vt 0.216936 0.170181
vt 0.437500 0.812501
vt 0.201999 0.178166
vt 0.406250 0.812501
vt 0.201999 0.321843
vt 0.093750 0.812501
vt 0.250000 0.336405
vt 1.000000 0.812501
vt 0.000000 0.812501
vt 0.233144 0.334744
vt 0.031250 0.812501
vt 0.283064 0.329828
vt 0.937500 0.812501
vt 0.266856 0.334744
vt 0.968750 0.812501
vt 0.216936 0.329828
vt 0.062500 0.812501
vt 0.233144 0.165265
vt 0.468750 0.812501
vt 0.266856 0.165265
vt 0.531250 0.812501
vt 0.250000 0.163605
vt 0.500000 0.812501
vt 0.298001 0.178166
vt 0.593750 0.812501
vt 0.298001 0.321844
vt 0.906250 0.812501
vt 0.283064 0.170181
vt 0.562500 0.812501
vt 0.321839 0.202003
vt 0.656250 0.812501
vt 0.321839 0.298006
vt 0.843750 0.812501
vt 0.336400 0.250004
vt 0.750000 0.812501
vt 0.334740 0.233149
vt 0.718750 0.812501
vt 0.334740 0.266860
vt 0.781250 0.812501
vt 0.329823 0.216941
vt 0.687500 0.812501
vt 0.329823 0.283068
vt 0.812500 0.812501
vt 0.311094 0.311098
vt 0.875000 0.812501
vt 0.311094 0.188911
vt 0.625000 0.812501
vt 0.733144 0.334744
vt 0.031250 0.687501
vt 0.000000 0.687501
vt 0.750000 0.336405
vt 1.000000 0.687501
vt 0.766856 0.334744
vt 0.968750 0.687501
vt 0.783064 0.170181
vt 0.562500 0.687501
vt 0.798001 0.178166
vt 0.593750 0.687501
vt 0.783064 0.329828
vt 0.937500 0.687501
vt 0.766856 0.165265
vt 0.531250 0.687501
vt 0.798001 0.321843
vt 0.906250 0.687501
vt 0.811094 0.311098
vt 0.875000 0.687501
vt 0.821839 0.202003
vt 0.656250 0.687501
vt 0.821839 0.298006
vt 0.843750 0.687501
vt 0.836400 0.250004
vt 0.750000 0.687501
vt 0.834740 0.266860
vt 0.781250 0.687501
vt 0.834740 0.233149
vt 0.718750 0.687501
vt 0.829823 0.283068
vt 0.812500 0.687501
vt 0.829823 0.216941
vt 0.687500 0.687501
vt 0.811094 0.188911
vt 0.625000 0.687501
vt 0.663600 0.250005
vt 0.250000 0.687501
vt 0.670177 0.216941
vt 0.312500 0.687501
vt 0.665260 0.233149
vt 0.281250 0.687501
vt 0.665260 0.266860
vt 0.218750 0.687501
vt 0.678161 0.202003
vt 0.343750 0.687501
vt 0.678161 0.298006
vt 0.156250 0.687501
vt 0.688906 0.188910
vt 0.375000 0.687501
vt 0.670177 0.283068
vt 0.187500 0.687501
vt 0.716936 0.329828
vt 0.062500 0.687501
vt 0.701999 0.178166
vt 0.406250 0.687501
vt 0.701999 0.321843
vt 0.093750 0.687501
vt 0.750000 0.163605
vt 0.500000 0.687501
vt 0.733144 0.165265
vt 0.468750 0.687501
vt 0.716936 0.170181
vt 0.437500 0.687501
vt 0.688906 0.311098
vt 0.125000 0.687501
vt 1.000000 0.500000
vt 0.000000 0.500000
vt 0.750000 0.490000
vt 1.000000 1.000000
vt 0.250000 0.490000
vt 0.000000 1.000000
vt 0.968750 0.500000
vt 0.796822 0.485388
vt 0.968750 1.000000
vt 0.296822 0.485388
vt 0.937500 0.500000
vt 0.841844 0.471731
vt 0.937500 1.000000
vt 0.341844 0.471731
vt 0.906250 0.500000
vt 0.883337 0.449553
vt 0.906250 1.000000
vt 0.383337 0.449553
vt 0.875000 0.500000
vt 0.919706 0.419706
vt 0.875000 1.000000
vt 0.419706 0.419706
vt 0.843750 0.500000
vt 0.949553 0.383337
vt 0.843750 1.000000
vt 0.449553 0.383337
vt 0.812500 0.500000
vt 0.971731 0.341844
vt 0.812500 1.000000
vt 0.471731 0.341844
vt 0.781250 0.500000
vt 0.985388 0.296822
vt 0.781250 1.000000
vt 0.485388 0.296822
vt 0.750000 0.500000
vt 0.990000 0.250000
vt 0.750000 1.000000
vt 0.490000 0.250000
vt 0.718750 0.500000
vt 0.985388 0.203178
vt 0.718750 1.000000
vt 0.485388 0.203178
vt 0.687500 0.500000
vt 0.971731 0.158156
vt 0.687500 1.000000
vt 0.471731 0.158156
vt 0.656250 0.500000
vt 0.949553 0.116663
vt 0.656250 1.000000
vt 0.449553 0.116663
vt 0.625000 0.500000
vt 0.919706 0.080294
vt 0.625000 1.000000
vt 0.419706 0.080294
vt 0.593750 0.500000
vt 0.883337 0.050447
vt 0.593750 1.000000
vt 0.383337 0.050447
vt 0.562500 0.500000
vt 0.841844 0.028269
vt 0.562500 1.000000
vt 0.341844 0.028269
vt 0.531250 0.500000
vt 0.796822 0.014612
vt 0.531250 1.000000
vt 0.296822 0.014612
vt 0.500000 0.500000
vt 0.750000 0.010000
vt 0.500000 1.000000
vt 0.250000 0.010000
vt 0.468750 0.500000
vt 0.703178 0.014612
vt 0.468750 1.000000
vt 0.203178 0.014612
vt 0.437500 0.500000
vt 0.658156 0.028269
vt 0.437500 1.000000
vt 0.158156 0.028269
vt 0.406250 0.500000
vt 0.616663 0.050447
vt 0.406250 1.000000
vt 0.116663 0.050447
vt 0.375000 0.500000
vt 0.580294 0.080294
vt 0.375000 1.000000
vt 0.080294 0.080294
vt 0.343750 0.500000
vt 0.550447 0.116663
vt 0.343750 1.000000
vt 0.050447 0.116663
vt 0.312500 0.500000
vt 0.528269 0.158156
vt 0.312500 1.000000
vt 0.028269 0.158156
vt 0.281250 0.500000
vt 0.514612 0.203178
vt 0.281250 1.000000
vt 0.014612 0.203178
vt 0.250000 0.500000
vt 0.510000 0.250000
vt 0.250000 1.000000
vt 0.010000 0.250000
vt 0.218750 0.500000
vt 0.514612 0.296822
vt 0.218750 1.000000
vt 0.014612 0.296822
vt 0.187500 0.500000
vt 0.528269 0.341844
vt 0.187500 1.000000
vt 0.028269 0.341844
vt 0.156250 0.500000
vt 0.550447 0.383337
vt 0.156250 1.000000
vt 0.050447 0.383337
vt 0.125000 0.500000
vt 0.580294 0.419706
vt 0.125000 1.000000
vt 0.080294 0.419706
vt 0.093750 0.500000
vt 0.616663 0.449553
vt 0.093750 1.000000
vt 0.116663 0.449553
vt 0.062500 0.500000
vt 0.658156 0.471731
vt 0.158156 0.471731
vt 0.062500 1.000000
vt 0.031250 0.500000
vt 0.703178 0.485388
vt 0.203178 0.485388
vt 0.031250 1.000000
vt 0.163600 0.250004
vt 0.250000 0.812501
vt 0.165260 0.233149
vt 0.281250 0.812501
vt 0.165260 0.266860
vt 0.218750 0.812501
vt 0.178161 0.202003
vt 0.343750 0.812501
vt 0.178161 0.298006
vt 0.156250 0.812501
vt 0.188906 0.188911
vt 0.375000 0.812501
vt 0.170177 0.216941
vt 0.312500 0.812501
vt 0.170177 0.283068
vt 0.187500 0.812501
vt 0.188906 0.311098
vt 0.125000 0.812501
vt 0.216936 0.170181
vt 0.437500 0.812501
vt 0.201999 0.178166
vt 0.406250 0.812501
vt 0.201999 0.321843
vt 0.093750 0.812501
vt 0.250000 0.336405
vt 1.000000 0.812501
vt 0.000000 0.812501
vt 0.233144 0.334744
vt 0.031250 0.812501
vt 0.283064 0.329828
vt 0.937500 0.812501
vt 0.266856 0.334744
vt 0.968750 0.812501
vt 0.216936 0.329828
vt 0.062500 0.812501
vt 0.233144 0.165265
vt 0.468750 0.812501
vt 0.266856 0.165265
vt 0.531250 0.812501
vt 0.250000 0.163605
vt 0.500000 0.812501
vt 0.298001 0.178166
vt 0.593750 0.812501
vt 0.298001 0.321844
vt 0.906250 0.812501
vt 0.283064 0.170181
vt 0.562500 0.812501
vt 0.321839 0.202003
vt 0.656250 0.812501
vt 0.321839 0.298006
vt 0.843750 0.812501
vt 0.336400 0.250004
vt 0.750000 0.812501
vt 0.334740 0.233149
vt 0.718750 0.812501
vt 0.334740 0.266860
vt 0.781250 0.812501
vt 0.329823 0.216941
vt 0.687500 0.812501
vt 0.329823 0.283068
vt 0.812500 0.812501
vt 0.311094 0.311098
vt 0.875000 0.812501
vt 0.311094 0.188911
vt 0.625000 0.812501
vt 0.733144 0.334744
vt 0.031250 0.687501
vt 0.000000 0.687501
vt 0.750000 0.336405
vt 1.000000 0.687501
vt 0.766856 0.334744
vt 0.968750 0.687501
vt 0.783064 0.170181
vt 0.562500 0.687501
vt 0.798001 0.178166
vt 0.593750 0.687501
vt 0.783064 0.329828
vt 0.937500 0.687501
vt 0.766856 0.165265
vt 0.531250 0.687501
vt 0.798001 0.321843
vt 0.906250 0.687501
vt 0.811094 0.311098
vt 0.875000 0.687501
vt 0.821839 0.202003
vt 0.656250 0.687501
vt 0.821839 0.298006
vt 0.843750 0.687501
vt 0.836400 0.250004
vt 0.750000 0.687501
vt 0.834740 0.266860
vt 0.781250 0.687501
vt 0.834740 0.233149
vt 0.718750 0.687501
vt 0.829823 0.283068
vt 0.812500 0.687501
vt 0.829823 0.216941
vt 0.687500 0.687501
vt 0.811094 0.188911
vt 0.625000 0.687501
vt 0.663600 0.250005
vt 0.250000 0.687501
vt 0.670177 0.216941
vt 0.312500 0.687501
vt 0.665260 0.233149
vt 0.281250 0.687501
vt 0.665260 0.266860
vt 0.218750 0.687501
vt 0.678161 0.202003
vt 0.343750 0.687501
vt 0.678161 0.298006
vt 0.156250 0.687501
vt 0.688906 0.188910
vt 0.375000 0.687501
vt 0.670177 0.283068
vt 0.187500 0.687501
vt 0.716936 0.329828
vt 0.062500 0.687501
vt 0.701999 0.178166
vt 0.406250 0.687501
vt 0.701999 0.321843
vt 0.093750 0.687501
vt 0.750000 0.163605
vt 0.500000 0.687501
vt 0.733144 0.165265
vt 0.468750 0.687501
vt 0.716936 0.170181
vt 0.437500 0.687501
vt 0.688906 0.311098
vt 0.125000 0.687501
vt 1.000000 0.500000
vt 0.000000 0.500000
vt 0.750000 0.490000
vt 1.000000 1.000000
vt 0.250000 0.490000
vt 0.000000 1.000000
vt 0.968750 0.500000
vt 0.796822 0.485388
vt 0.968750 1.000000
vt 0.296822 0.485388
vt 0.937500 0.500000
vt 0.841844 0.471731
vt 0.937500 1.000000
vt 0.341844 0.471731
vt 0.906250 0.500000
vt 0.883337 0.449553
vt 0.906250 1.000000
vt 0.383337 0.449553
vt 0.875000 0.500000
vt 0.919706 0.419706
vt 0.875000 1.000000
vt 0.419706 0.419706
vt 0.843750 0.500000
vt 0.949553 0.383337
vt 0.843750 1.000000
vt 0.449553 0.383337
vt 0.812500 0.500000
vt 0.971731 0.341844
vt 0.812500 1.000000
vt 0.471731 0.341844
vt 0.781250 0.500000
vt 0.985388 0.296822
vt 0.781250 1.000000
vt 0.485388 0.296822
vt 0.750000 0.500000
vt 0.990000 0.250000
vt 0.750000 1.000000
vt 0.490000 0.250000
vt 0.718750 0.500000
vt 0.985388 0.203178
vt 0.718750 1.000000
vt 0.485388 0.203178
vt 0.687500 0.500000
vt 0.971731 0.158156
vt 0.687500 1.000000
vt 0.471731 0.158156
vt 0.656250 0.500000
vt 0.949553 0.116663
vt 0.656250 1.000000
vt 0.449553 0.116663
vt 0.625000 0.500000
vt 0.919706 0.080294
vt 0.625000 1.000000
vt 0.419706 0.080294
vt 0.593750 0.500000
vt 0.883337 0.050447
vt 0.593750 1.000000
vt 0.383337 0.050447
vt 0.562500 0.500000
vt 0.841844 0.028269
vt 0.562500 1.000000
vt 0.341844 0.028269
vt 0.531250 0.500000
vt 0.796822 0.014612
vt 0.531250 1.000000
vt 0.296822 0.014612
vt 0.500000 0.500000
vt 0.750000 0.010000
vt 0.500000 1.000000
vt 0.250000 0.010000
vt 0.468750 0.500000
vt 0.703178 0.014612
vt 0.468750 1.000000
vt 0.203178 0.014612
vt 0.437500 0.500000
vt 0.658156 0.028269
vt 0.437500 1.000000
vt 0.158156 0.028269
vt 0.406250 0.500000
vt 0.616663 0.050447
vt 0.406250 1.000000
vt 0.116663 0.050447
vt 0.375000 0.500000
vt 0.580294 0.080294
vt 0.375000 1.000000
vt 0.080294 0.080294
vt 0.343750 0.500000
vt 0.550447 0.116663
vt 0.343750 1.000000
vt 0.050447 0.116663
vt 0.312500 0.500000
vt 0.528269 0.158156
vt 0.312500 1.000000
vt 0.028269 0.158156
vt 0.281250 0.500000
vt 0.514612 0.203178
vt 0.281250 1.000000
vt 0.014612 0.203178
vt 0.250000 0.500000
vt 0.510000 0.250000
vt 0.250000 1.000000
vt 0.010000 0.250000
vt 0.218750 0.500000
vt 0.514612 0.296822
vt 0.218750 1.000000
vt 0.014612 0.296822
vt 0.187500 0.500000
vt 0.528269 0.341844
vt 0.187500 1.000000
vt 0.028269 0.341844
vt 0.156250 0.500000
vt 0.550447 0.383337
vt 0.156250 1.000000
vt 0.050447 0.383337
vt 0.125000 0.500000
vt 0.580294 0.419706
vt 0.125000 1.000000
vt 0.080294 0.419706
vt 0.093750 0.500000
vt 0.616663 0.449553
vt 0.093750 1.000000
vt 0.116663 0.449553
vt 0.062500 0.500000
vt 0.658156 0.471731
vt 0.158156 0.471731
vt 0.062500 1.000000
vt 0.031250 0.500000
vt 0.703178 0.485388
vt 0.203178 0.485388
vt 0.031250 1.000000
vt 0.134800 0.250000
vt 0.250000 0.917333
vt 0.143569 0.205915
vt 0.312500 0.917333
vt 0.137014 0.227526
vt 0.281250 0.917333
vt 0.137014 0.272474
vt 0.218750 0.917333
vt 0.168541 0.168541
vt 0.375000 0.917333
vt 0.154215 0.185998
vt 0.343750 0.917333
vt 0.154215 0.314001
vt 0.156250 0.917333
vt 0.143569 0.294085
vt 0.187500 0.917333
vt 0.185998 0.154215
vt 0.406250 0.917333
vt 0.185998 0.345785
vt 0.093750 0.917333
vt 0.227526 0.362986
vt 0.031250 0.917333
vt 0.272474 0.362986
vt 0.968750 0.917333
vt 0.250000 0.365200
vt 1.000000 0.917333
vt 0.000000 0.917333
vt 0.205915 0.356431
vt 0.062500 0.917333
vt 0.168541 0.331458
vt 0.125000 0.917333
vt 0.205915 0.143569
vt 0.437500 0.917333
vt 0.250000 0.134800
vt 0.500000 0.917333
vt 0.272475 0.137013
vt 0.531250 0.917333
vt 0.227526 0.137013
vt 0.468750 0.917333
vt 0.294085 0.356431
vt 0.937500 0.917333
vt 0.314002 0.154215
vt 0.593750 0.917333
vt 0.294085 0.143569
vt 0.562500 0.917333
vt 0.314002 0.345785
vt 0.906250 0.917333
vt 0.331459 0.331458
vt 0.875000 0.917333
vt 0.345785 0.185998
vt 0.656250 0.917333
vt 0.345785 0.314001
vt 0.843750 0.917333
vt 0.365200 0.250000
vt 0.750000 0.917333
vt 0.362987 0.272474
vt 0.781250 0.917333
vt 0.356431 0.205915
vt 0.687500 0.917333
vt 0.362987 0.227525
vt 0.718750 0.917333
vt 0.356431 0.294085
vt 0.812500 0.917333
vt 0.331459 0.168541
vt 0.625000 0.917333
vt 0.727526 0.362986
vt 0.031250 0.750667
vt 0.000000 0.750667
vt 0.750000 0.365200
vt 1.000000 0.750667
vt 0.968750 0.750667
vt 0.772475 0.362986
vt 0.794085 0.143569
vt 0.562500 0.750667
vt 0.814002 0.154215
vt 0.593750 0.750667
vt 0.794085 0.356431
vt 0.937500 0.750667
vt 0.772474 0.137013
vt 0.531250 0.750667
vt 0.814002 0.345785
vt 0.906250 0.750667
vt 0.845785 0.314001
vt 0.843750 0.750667
vt 0.845785 0.185998
vt 0.656250 0.750667
vt 0.831459 0.331458
vt 0.875000 0.750667
vt 0.865200 0.250000
vt 0.750000 0.750667
vt 0.862987 0.272474
vt 0.781250 0.750667
vt 0.856431 0.205915
vt 0.687500 0.750667
vt 0.862987 0.227525
vt 0.718750 0.750667
vt 0.856431 0.294085
vt 0.812500 0.750667
vt 0.831459 0.168541
vt 0.625000 0.750667
vt 0.634800 0.250000
vt 0.250000 0.750667
vt 0.643569 0.205915
vt 0.312500 0.750667
vt 0.281250 0.750667
vt 0.637014 0.227525
vt 0.637014 0.272474
vt 0.218750 0.750667
vt 0.654215 0.185998
vt 0.343750 0.750667
vt 0.156250 0.750667
vt 0.654215 0.314001
vt 0.668541 0.168541
vt 0.375000 0.750667
vt 0.643569 0.294085
vt 0.187500 0.750667
vt 0.062500 0.750667
vt 0.705915 0.356431
vt 0.685998 0.154215
vt 0.406250 0.750667
vt 0.685999 0.345785
vt 0.093750 0.750667
vt 0.750000 0.134800
vt 0.500000 0.750667
vt 0.727526 0.137013
vt 0.468750 0.750667
vt 0.705915 0.143569
vt 0.437500 0.750667
vt 0.668541 0.331458
vt 0.125000 0.750667
vt 1.000000 0.500000
vt 0.000000 0.500000
vt 0.750000 0.490000
vt 1.000000 1.000000
vt 0.250000 0.490000
vt 0.000000 1.000000
vt 0.968750 0.500000
vt 0.796822 0.485388
vt 0.968750 1.000000
vt 0.296822 0.485388
vt 0.937500 0.500000
vt 0.841844 0.471731
vt 0.937500 1.000000
vt 0.341844 0.471731
vt 0.906250 0.500000
vt 0.883337 0.449553
vt 0.906250 1.000000
vt 0.383337 0.449553
vt 0.875000 0.500000
vt 0.919706 0.419706
vt 0.875000 1.000000
vt 0.419706 0.419706
vt 0.843750 0.500000
vt 0.949553 0.383337
vt 0.843750 1.000000
vt 0.449553 0.383337
vt 0.812500 0.500000
vt 0.971731 0.341844
vt 0.812500 1.000000
vt 0.471731 0.341844
vt 0.781250 0.500000
vt 0.985388 0.296822
vt 0.781250 1.000000
vt 0.485388 0.296822
vt 0.750000 0.500000
vt 0.990000 0.250000
vt 0.750000 1.000000
vt 0.490000 0.250000
vt 0.718750 0.500000
vt 0.985388 0.203178
vt 0.718750 1.000000
vt 0.485388 0.203178
vt 0.687500 0.500000
vt 0.971731 0.158156
vt 0.687500 1.000000
vt 0.471731 0.158156
vt 0.656250 0.500000
vt 0.949553 0.116663
vt 0.656250 1.000000
vt 0.449553 0.116663
vt 0.625000 0.500000
vt 0.919706 0.080294
vt 0.625000 1.000000
vt 0.419706 0.080294
vt 0.593750 0.500000
vt 0.883337 0.050447
vt 0.593750 1.000000
vt 0.383337 0.050447
vt 0.562500 0.500000
vt 0.841844 0.028269
vt 0.562500 1.000000
vt 0.341844 0.028269
vt 0.531250 0.500000
vt 0.796822 0.014612
vt 0.531250 1.000000
vt 0.296822 0.014612
vt 0.500000 0.500000
vt 0.750000 0.010000
vt 0.500000 1.000000
vt 0.250000 0.010000
vt 0.468750 0.500000
vt 0.703178 0.014612
vt 0.468750 1.000000
vt 0.203178 0.014612
vt 0.437500 0.500000
vt 0.658156 0.028269
vt 0.437500 1.000000
vt 0.158156 0.028269
vt 0.406250 0.500000
vt 0.616663 0.050447
vt 0.406250 1.000000
vt 0.116663 0.050447
vt 0.375000 0.500000
vt 0.580294 0.080294
vt 0.375000 1.000000
vt 0.080294 0.080294
vt 0.343750 0.500000
vt 0.550447 0.116663
vt 0.343750 1.000000
vt 0.050447 0.116663
vt 0.312500 0.500000
vt 0.528269 0.158156
vt 0.312500 1.000000
vt 0.028269 0.158156
vt 0.281250 0.500000
vt 0.514612 0.203178
vt 0.281250 1.000000
vt 0.014612 0.203178
vt 0.250000 0.500000
vt 0.510000 0.250000
vt 0.250000 1.000000
vt 0.010000 0.250000
vt 0.218750 0.500000
vt 0.514612 0.296822
vt 0.218750 1.000000
vt 0.014612 0.296822
vt 0.187500 0.500000
vt 0.528269 0.341844
vt 0.187500 1.000000
vt 0.028269 0.341844
vt 0.156250 0.500000
vt 0.550447 0.383337
vt 0.156250 1.000000
vt 0.050447 0.383337
vt 0.125000 0.500000
vt 0.580294 0.419706
vt 0.125000 1.000000
vt 0.080294 0.419706
vt 0.093750 0.500000
vt 0.616663 0.449553
vt 0.093750 1.000000
vt 0.116663 0.449553
vt 0.062500 0.500000
vt 0.658156 0.471731
vt 0.158156 0.471731
vt 0.062500 1.000000
vt 0.031250 0.500000
vt 0.703178 0.485388
vt 0.203178 0.485388
vt 0.031250 1.000000
vt 0.134800 0.250000
vt 0.250000 0.917333
vt 0.143569 0.205915
vt 0.312500 0.917333
vt 0.137014 0.227526
vt 0.281250 0.917333
vt 0.137014 0.272474
vt 0.218750 0.917333
vt 0.168541 0.168541
vt 0.375000 0.917333
vt 0.154215 0.185998
vt 0.343750 0.917333
vt 0.154215 0.314001
vt 0.156250 0.917333
vt 0.143569 0.294085
vt 0.187500 0.917333
vt 0.185998 0.154215
vt 0.406250 0.917333
vt 0.185998 0.345785
vt 0.093750 0.917333
vt 0.227526 0.362986
vt 0.031250 0.917333
vt 0.272474 0.362986
vt 0.968750 0.917333
vt 0.250000 0.365200
vt 1.000000 0.917333
vt 0.000000 0.917333
vt 0.205915 0.356431
vt 0.062500 0.917333
vt 0.168541 0.331458
vt 0.125000 0.917333
vt 0.205915 0.143569
vt 0.437500 0.917333
vt 0.250000 0.134800
vt 0.500000 0.917333
vt 0.272475 0.137013
vt 0.531250 0.917333
vt 0.227526 0.137013
vt 0.468750 0.917333
vt 0.294085 0.356431
vt 0.937500 0.917333
vt 0.314002 0.154215
vt 0.593750 0.917333
vt 0.294085 0.143569
vt 0.562500 0.917333
vt 0.314002 0.345785
vt 0.906250 0.917333
vt 0.331459 0.331458
vt 0.875000 0.917333
vt 0.345785 0.185998
vt 0.656250 0.917333
vt 0.345785 0.314001
vt 0.843750 0.917333
vt 0.365200 0.250000
vt 0.750000 0.917333
vt 0.362987 0.272474
vt 0.781250 0.917333
vt 0.356431 0.205915
vt 0.687500 0.917333
vt 0.362987 0.227525
vt 0.718750 0.917333
vt 0.356431 0.294085
vt 0.812500 0.917333
vt 0.331459 0.168541
vt 0.625000 0.917333
vt 0.727526 0.362986
vt 0.031250 0.750667
vt 0.000000 0.750667
vt 0.750000 0.365200
vt 1.000000 0.750667
vt 0.968750 0.750667
vt 0.772475 0.362986
vt 0.794085 0.143569
vt 0.562500 0.750667
vt 0.814002 0.154215
vt 0.593750 0.750667
vt 0.794085 0.356431
vt 0.937500 0.750667
vt 0.772474 0.137013
vt 0.531250 0.750667
vt 0.814002 0.345785
vt 0.906250 0.750667
vt 0.845785 0.314001
vt 0.843750 0.750667
vt 0.845785 0.185998
vt 0.656250 0.750667
vt 0.831459 0.331458
vt 0.875000 0.750667
vt 0.865200 0.250000
vt 0.750000 0.750667
vt 0.862987 0.272474
vt 0.781250 0.750667
vt 0.856431 0.205915
vt 0.687500 0.750667
vt 0.862987 0.227525
vt 0.718750 0.750667
vt 0.856431 0.294085
vt 0.812500 0.750667
vt 0.831459 0.168541
vt 0.625000 0.750667
vt 0.634800 0.250000
vt 0.250000 0.750667
vt 0.643569 0.205915
vt 0.312500 0.750667
vt 0.281250 0.750667
vt 0.637014 0.227525
vt 0.637014 0.272474
vt 0.218750 0.750667
vt 0.654215 0.185998
vt 0.343750 0.750667
vt 0.156250 0.750667
vt 0.654215 0.314001
vt 0.668541 0.168541
vt 0.375000 0.750667
vt 0.643569 0.294085
vt 0.187500 0.750667
vt 0.062500 0.750667
vt 0.705915 0.356431
vt 0.685998 0.154215
vt 0.406250 0.750667
vt 0.685999 0.345785
vt 0.093750 0.750667
vt 0.750000 0.134800
vt 0.500000 0.750667
vt 0.727526 0.137013
vt 0.468750 0.750667
vt 0.705915 0.143569
vt 0.437500 0.750667
vt 0.668541 0.331458
vt 0.125000 0.750667
vt 0.375000 0.250000
vt 0.375000 1.000000
vt 0.125000 0.750000
vt 0.625000 0.000000
vt 0.625000 0.750000
vt 0.875000 0.750000
vt 0.375000 0.250000
vt 0.375000 1.000000
vt 0.125000 0.750000
vt 0.625000 0.000000
vt 0.625000 0.750000
vt 0.875000 0.750000
vt 0.625000 0.000000
vt 0.625000 0.250000
vt 0.875000 0.500000
vt 0.375000 0.000000
vt 0.375000 1.000000
vt 0.125000 0.750000
vt 0.625000 0.000000
vt 0.625000 0.250000
vt 0.875000 0.500000
vt 0.375000 0.000000
vt 0.375000 1.000000
vt 0.125000 0.750000
vt 0.625000 0.500000
vt 0.625000 0.750000
vt 0.125000 0.500000
vt 0.375000 0.250000
vt 0.375000 0.500000
vt 0.625000 0.250000
vt 0.625000 0.500000
vt 0.625000 0.500000
vt 0.625000 0.750000
vt 0.125000 0.500000
vt 0.375000 0.250000
vt 0.375000 0.500000
vt 0.375000 1.000000
vt 0.375000 0.750000
vt 0.625000 0.250000
vt 0.625000 0.500000
vt 1.000000 1.000000
vt 0.250000 0.490000
vt 0.000000 1.000000
vt 1.000000 1.000000
vt 0.250000 0.490000
vt 0.000000 1.000000
vt 0.375000 1.000000
vt 0.375000 0.750000
vt 0.375000 0.750000
vt 0.375000 0.500000
vt 0.968750 1.000000
vt 0.296822 0.485388
vt 0.375000 0.000000
vt 0.375000 1.000000
vt 0.125000 0.750000
vt 0.625000 1.000000
vt 0.625000 0.000000
vt 0.875000 0.750000
vt 0.375000 0.750000
vt 0.375000 0.500000
vt 0.968750 1.000000
vt 0.296822 0.485388
vt 0.937500 1.000000
vt 0.341844 0.471731
vt 0.625000 0.000000
vt 0.625000 1.000000
vt 0.875000 0.750000
vt 0.906250 1.000000
vt 0.116663 0.449553
vt 0.937500 1.000000
vt 0.341844 0.471731
vt 0.375000 0.250000
vt 0.125000 0.500000
vt 0.625000 0.000000
vt 0.625000 1.000000
vt 0.875000 0.750000
vt 0.875000 1.000000
vt 0.080294 0.419706
vt 0.906250 1.000000
vt 0.116663 0.449553
vt 0.843750 1.000000
vt 0.050447 0.383337
vt 0.625000 0.250000
vt 0.875000 0.500000
vt 0.375000 0.250000
vt 0.125000 0.500000
vt 0.875000 1.000000
vt 0.080294 0.419706
vt 0.812500 1.000000
vt 0.028269 0.341844
vt 0.375000 0.250000
vt 0.125000 0.500000
vt 0.625000 0.250000
vt 0.875000 0.500000
vt 0.781250 1.000000
vt 0.014612 0.296822
vt 0.843750 1.000000
vt 0.050447 0.383337
vt 0.750000 1.000000
vt 0.010000 0.250000
vt 0.375000 0.500000
vt 0.625000 0.250000
vt 0.875000 0.500000
vt 0.718750 1.000000
vt 0.014612 0.203178
vt 0.812500 1.000000
vt 0.028269 0.341844
vt 0.625000 0.500000
vt 0.687500 1.000000
vt 0.028269 0.158156
vt 0.375000 0.750000
vt 0.375000 0.750000
vt 0.781250 1.000000
vt 0.014612 0.296822
vt 0.656250 1.000000
vt 0.050447 0.116663
vt 0.625000 0.750000
vt 0.625000 1.000000
vt 0.080294 0.080294
vt 0.625000 0.750000
vt 0.750000 1.000000
vt 0.010000 0.250000
vt 0.375000 0.500000
vt 0.593750 1.000000
vt 0.116663 0.050447
vt 0.718750 1.000000
vt 0.014612 0.203178
vt 0.625000 0.500000
vt 0.562500 1.000000
vt 0.158156 0.028269
vt 0.617188 0.023438
vt 0.375000 0.261364
vt 0.136364 0.500000
vt 0.375000 0.988636
vt 0.136364 0.750000
vt 0.617188 0.226562
vt 0.531250 1.000000
vt 0.203178 0.014612
vt 0.687500 1.000000
vt 0.028269 0.158156
vt 0.500000 1.000000
vt 0.250000 0.010000
vt 0.863636 0.750000
vt 0.531250 0.142187
vt 0.625000 0.988636
vt 0.531250 0.107813
vt 0.625000 0.261364
vt 0.863636 0.500000
vt 0.656250 1.000000
vt 0.050447 0.116663
vt 0.468750 1.000000
vt 0.203178 0.014612
vt 0.625000 0.488636
vt 0.531250 0.642187
vt 0.636364 0.500000
vt 0.617188 0.726562
vt 0.375000 0.488636
vt 0.363636 0.500000
vt 0.437500 1.000000
vt 0.158156 0.028269
vt 0.625000 1.000000
vt 0.080294 0.080294
vt 0.406250 1.000000
vt 0.116663 0.050447
vt 0.531250 0.607813
vt 0.625000 0.761364
vt 0.636364 0.750000
vt 0.617188 0.523438
vt 0.375000 0.761364
vt 0.363636 0.750000
vt 0.593750 1.000000
vt 0.116663 0.050447
vt 0.375000 1.000000
vt 0.080294 0.080294
vt 0.517188 0.156250
vt 0.375000 0.261364
vt 0.863636 0.500000
vt 0.343750 1.000000
vt 0.050447 0.116663
vt 0.482812 0.156250
vt 0.375000 0.988636
vt 0.863636 0.500000
vt 0.562500 1.000000
vt 0.158156 0.028269
vt 0.398438 0.242188
vt 0.375000 0.988636
vt 0.136364 0.500000
vt 0.312500 1.000000
vt 0.028269 0.158156
vt 0.136364 0.500000
vt 0.601562 0.242187
vt 0.375000 0.261364
vt 0.531250 1.000000
vt 0.203178 0.014612
vt 0.281250 1.000000
vt 0.014612 0.203178
vt 0.601562 0.507812
vt 0.375000 0.488636
vt 0.363636 0.500000
vt 0.375000 0.488636
vt 0.517187 0.593750
vt 0.636364 0.500000
vt 0.250000 1.000000
vt 0.010000 0.250000
vt 0.500000 1.000000
vt 0.250000 0.010000
vt 0.375000 0.761364
vt 0.398438 0.507812
vt 0.363636 0.500000
vt 0.218750 1.000000
vt 0.014612 0.296822
vt 0.636364 0.500000
vt 0.482812 0.593750
vt 0.375000 0.761364
vt 0.468750 1.000000
vt 0.203178 0.014612
vt 0.187500 1.000000
vt 0.028269 0.341844
vt 0.382812 0.023437
vt 0.375000 0.988636
vt 0.136364 0.750000
vt 0.136364 0.500000
vt 0.382812 0.226562
vt 0.375000 0.261364
vt 0.156250 1.000000
vt 0.050447 0.383337
vt 0.437500 1.000000
vt 0.158156 0.028269
vt 0.125000 1.000000
vt 0.080294 0.419706
vt 0.625000 0.261364
vt 0.863636 0.500000
vt 0.468750 0.142187
vt 0.468750 0.107813
vt 0.625000 0.988636
vt 0.863636 0.750000
vt 0.093750 1.000000
vt 0.116663 0.449553
vt 0.406250 1.000000
vt 0.116663 0.050447
vt 0.375000 0.761364
vt 0.382813 0.726563
vt 0.363636 0.750000
vt 0.375000 1.000000
vt 0.080294 0.080294
vt 0.062500 1.000000
vt 0.341844 0.471731
vt 0.382812 0.523438
vt 0.375000 0.488636
vt 0.363636 0.500000
vt 0.468750 0.642188
vt 0.625000 0.761364
vt 0.636364 0.750000
vt 0.296822 0.485388
vt 0.031250 1.000000
vt 0.343750 1.000000
vt 0.050447 0.116663
vt 0.468750 0.607812
vt 0.625000 0.488636
vt 0.636364 0.500000
vt 0.601563 0.007812
vt 0.375000 0.988636
vt 0.136364 0.500000
vt 0.312500 1.000000
vt 0.028269 0.158156
vt 0.398437 0.007812
vt 0.375000 0.261364
vt 0.136364 0.500000
vt 0.517187 0.093750
vt 0.375000 0.988636
vt 0.863636 0.500000
vt 0.281250 1.000000
vt 0.014612 0.203178
vt 0.375000 0.261364
vt 0.482812 0.093750
vt 0.863636 0.500000
vt 0.363636 0.500000
vt 0.398438 0.742188
vt 0.375000 0.488636
vt 0.375000 0.761364
vt 0.601563 0.742188
vt 0.363636 0.500000
vt 0.250000 1.000000
vt 0.010000 0.250000
vt 0.482813 0.656250
vt 0.375000 0.488636
vt 0.636364 0.500000
vt 0.636364 0.500000
vt 0.517187 0.656250
vt 0.375000 0.761364
vt 0.218750 1.000000
vt 0.014612 0.296822
vt 0.519002 0.100000
vt 0.616935 0.906250
vt 0.520312 0.100000
vt 0.625000 0.906250
vt 0.781250 0.750000
vt 0.187500 1.000000
vt 0.028269 0.341844
vt 0.218750 0.500000
vt 0.479687 0.150000
vt 0.375000 0.343750
vt 0.520313 0.150000
vt 0.625000 0.343750
vt 0.781250 0.500000
vt 0.156250 1.000000
vt 0.050447 0.383337
vt 0.479688 0.100000
vt 0.375000 0.906250
vt 0.218750 0.750000
vt 0.125000 1.000000
vt 0.080294 0.419706
vt 0.479688 0.650000
vt 0.375000 0.843750
vt 0.281250 0.750000
vt 0.515323 0.650000
vt 0.594293 0.843750
vt 0.093750 1.000000
vt 0.116663 0.449553
vt 0.520313 0.600000
vt 0.625000 0.406250
vt 0.718750 0.500000
vt 0.519002 0.600000
vt 0.616935 0.406250
vt 0.062500 1.000000
vt 0.341844 0.471731
vt 0.718750 0.750000
vt 0.520312 0.650000
vt 0.625000 0.843750
vt 0.479687 0.600000
vt 0.375000 0.406250
vt 0.281250 0.500000
vt 0.501562 0.150000
vt 0.375000 0.250000
vt 0.125000 0.500000
vt 0.296822 0.485388
vt 0.031250 1.000000
vt 0.517188 0.150000
vt 0.625000 0.250000
vt 0.875000 0.500000
vt 0.501562 0.150000
vt 0.509615 0.343750
vt 0.125000 0.500000
vt 0.517188 0.150000
vt 0.605769 0.343750
vt 0.875000 0.500000
vt 0.605769 0.375000
vt 0.625000 0.500000
vt 0.509615 0.375000
vt 0.375000 0.500000
vt 0.501563 0.100000
vt 0.375000 1.000000
vt 0.125000 0.750000
vt 0.517188 0.100000
vt 0.625000 1.000000
vt 0.875000 0.750000
vt 0.501563 0.100000
vt 0.509615 0.906250
vt 0.125000 0.750000
vt 0.517188 0.100000
vt 0.605769 0.906250
vt 0.875000 0.750000
vt 0.509615 0.875000
vt 0.375000 0.750000
vt 0.605769 0.875000
vt 0.625000 0.750000
vt 0.497000 0.690833
vt 0.500000 0.583333
vt 0.474039 0.687027
vt 0.562500 0.583333
vt 0.485295 0.689873
vt 0.531250 0.583333
vt 0.508705 0.689873
vt 0.468750 0.583333
vt 0.539426 0.676189
vt 0.375000 0.583333
vt 0.463666 0.682407
vt 0.593750 0.583333
vt 0.530334 0.682407
vt 0.406250 0.583333
vt 0.454574 0.676189
vt 0.625000 0.583333
vt 0.519961 0.687027
vt 0.437500 0.583333
vt 0.447112 0.668612
vt 0.656250 0.583333
vt 0.437000 0.640833
vt 0.750000 0.583333
vt 0.438153 0.650588
vt 0.718750 0.583333
vt 0.441567 0.659967
vt 0.687500 0.583333
vt 0.441567 0.621699
vt 0.812500 0.583333
vt 0.454574 0.605478
vt 0.875000 0.583333
vt 0.463666 0.599260
vt 0.906250 0.583333
vt 0.438153 0.631079
vt 0.781250 0.583333
vt 0.447112 0.613055
vt 0.843750 0.583333
vt 0.546888 0.668612
vt 0.343750 0.583333
vt 0.555847 0.650588
vt 0.281250 0.583333
vt 0.552433 0.659967
vt 0.312500 0.583333
vt 0.555847 0.631079
vt 0.218750 0.583333
vt 0.546888 0.613055
vt 0.156250 0.583333
vt 0.552433 0.621699
vt 0.187500 0.583333
vt 0.557000 0.640833
vt 0.250000 0.583333
vt 0.530334 0.599260
vt 0.093750 0.583333
vt 0.497000 0.590833
vt 1.000000 0.583333
vt 0.000000 0.583333
vt 0.485295 0.591794
vt 0.968750 0.583333
vt 0.508705 0.591794
vt 0.031250 0.583333
vt 0.474039 0.594639
vt 0.937500 0.583333
vt 0.519961 0.594639
vt 0.062500 0.583333
vt 0.539426 0.605478
vt 0.125000 0.583333
vt 0.530334 0.650740
vt 0.406250 0.583333
vt 0.539426 0.644522
vt 0.375000 0.583333
vt 0.552433 0.628301
vt 0.312500 0.583333
vt 0.546888 0.636945
vt 0.343750 0.583333
vt 0.557000 0.609167
vt 0.250000 0.583333
vt 0.546888 0.581388
vt 0.156250 0.583333
vt 0.552433 0.590033
vt 0.187500 0.583333
vt 0.555847 0.599412
vt 0.218750 0.583333
vt 0.555847 0.618921
vt 0.281250 0.583333
vt 0.463666 0.567593
vt 0.906250 0.583333
vt 0.454574 0.573811
vt 0.875000 0.583333
vt 0.530334 0.567593
vt 0.093750 0.583333
vt 0.497000 0.559167
vt 1.000000 0.583333
vt 0.000000 0.583333
vt 0.508705 0.560127
vt 0.031250 0.583333
vt 0.474039 0.562973
vt 0.937500 0.583333
vt 0.485295 0.560127
vt 0.968750 0.583333
vt 0.519961 0.562973
vt 0.062500 0.583333
vt 0.539426 0.573811
vt 0.125000 0.583333
vt 0.497000 0.659167
vt 0.500000 0.583333
vt 0.485295 0.658206
vt 0.531250 0.583333
vt 0.508705 0.658206
vt 0.468750 0.583333
vt 0.463666 0.650740
vt 0.593750 0.583333
vt 0.474039 0.655361
vt 0.562500 0.583333
vt 0.519961 0.655361
vt 0.437500 0.583333
vt 0.447112 0.636945
vt 0.656250 0.583333
vt 0.438153 0.618921
vt 0.718750 0.583333
vt 0.441567 0.628301
vt 0.687500 0.583333
vt 0.438153 0.599412
vt 0.781250 0.583333
vt 0.447112 0.581388
vt 0.843750 0.583333
vt 0.441567 0.590033
vt 0.812500 0.583333
vt 0.437000 0.609167
vt 0.750000 0.583333
vt 0.454574 0.644522
vt 0.625000 0.583333
vt 0.500001 0.500000
vt 0.812500 0.687500
vt 0.500001 0.750000
vt 0.500001 0.000000
vt 0.500001 0.750000
vt 0.812500 0.718750
vt 0.687500 0.718750
vt 0.500001 0.000000
vt 0.500001 0.250000
vt 0.500001 0.250000
vt 0.687500 0.687500
vt 0.500001 0.500000
vt 0.500001 0.000000
vt 0.500001 0.750000
vt 0.812500 0.562500
vt 0.500001 0.500000
vt 0.812500 0.531250
vt 0.500001 0.750000
vt 0.500001 0.250000
vt 0.687500 0.531250
vt 0.500001 0.500000
vt 0.687500 0.562500
vt 0.500001 0.000000
vt 0.500001 0.250000
vt 0.499999 0.500000
vt 0.312500 0.687500
vt 0.499999 0.250000
vt 0.187500 0.718750
vt 0.499999 0.000000
vt 0.499999 0.750000
vt 0.187500 0.687500
vt 0.499999 0.500000
vt 0.499999 0.750000
vt 0.499999 0.000000
vt 0.499999 0.250000
vt 0.312500 0.718750
vt 0.187500 0.562500
vt 0.499999 0.000000
vt 0.499999 0.750000
vt 0.187500 0.531250
vt 0.499999 0.500000
vt 0.499999 0.750000
vt 0.499999 0.500000
vt 0.312500 0.531250
vt 0.499999 0.250000
vt 0.499999 0.000000
vt 0.499999 0.250000
vt 0.312500 0.562500
vt 1.000000 0.500000
vt 0.000000 0.500000
vt 0.750000 0.490000
vt 1.000000 1.000000
vt 0.250000 0.490000
vt 0.000000 1.000000
vt 0.968750 0.500000
vt 0.796822 0.485388
vt 0.968750 1.000000
vt 0.296822 0.485388
vt 0.937500 0.500000
vt 0.841844 0.471731
vt 0.937500 1.000000
vt 0.341844 0.471731
vt 0.906250 0.500000
vt 0.883337 0.449553
vt 0.906250 1.000000
vt 0.383337 0.449553
vt 0.875000 0.500000
vt 0.919706 0.419706
vt 0.875000 1.000000
vt 0.419706 0.419706
vt 0.843750 0.500000
vt 0.949553 0.383337
vt 0.843750 1.000000
vt 0.449553 0.383337
vt 0.812500 0.500000
vt 0.971731 0.341844
vt 0.812500 1.000000
vt 0.471731 0.341844
vt 0.781250 0.500000
vt 0.985388 0.296822
vt 0.781250 1.000000
vt 0.485388 0.296822
vt 0.750000 0.500000
vt 0.990000 0.250000
vt 0.750000 1.000000
vt 0.490000 0.250000
vt 0.718750 0.500000
vt 0.985388 0.203178
vt 0.718750 1.000000
vt 0.485388 0.203178
vt 0.687500 0.500000
vt 0.971731 0.158156
vt 0.687500 1.000000
vt 0.471731 0.158156
vt 0.656250 0.500000
vt 0.949553 0.116663
vt 0.656250 1.000000
vt 0.449553 0.116663
vt 0.625000 0.500000
vt 0.919706 0.080294
vt 0.625000 1.000000
vt 0.419706 0.080294
vt 0.593750 0.500000
vt 0.883337 0.050447
vt 0.593750 1.000000
vt 0.383337 0.050447
vt 0.562500 0.500000
vt 0.841844 0.028269
vt 0.562500 1.000000
vt 0.341844 0.028269
vt 0.531250 0.500000
vt 0.796822 0.014612
vt 0.531250 1.000000
vt 0.296822 0.014612
vt 0.500000 0.500000
vt 0.750000 0.010000
vt 0.500000 1.000000
vt 0.250000 0.010000
vt 0.468750 0.500000
vt 0.703178 0.014612
vt 0.468750 1.000000
vt 0.203178 0.014612
vt 0.437500 0.500000
vt 0.658156 0.028269
vt 0.437500 1.000000
vt 0.158156 0.028269
vt 0.406250 0.500000
vt 0.616663 0.050447
vt 0.406250 1.000000
vt 0.116663 0.050447
vt 0.375000 0.500000
vt 0.580294 0.080294
vt 0.375000 1.000000
vt 0.080294 0.080294
vt 0.343750 0.500000
vt 0.550447 0.116663
vt 0.343750 1.000000
vt 0.050447 0.116663
vt 0.312500 0.500000
vt 0.528269 0.158156
vt 0.312500 1.000000
vt 0.028269 0.158156
vt 0.281250 0.500000
vt 0.514612 0.203178
vt 0.281250 1.000000
vt 0.014612 0.203178
vt 0.250000 0.500000
vt 0.510000 0.250000
vt 0.250000 1.000000
vt 0.010000 0.250000
vt 0.218750 0.500000
vt 0.514612 0.296822
vt 0.218750 1.000000
vt 0.014612 0.296822
vt 0.187500 0.500000
vt 0.528269 0.341844
vt 0.187500 1.000000
vt 0.028269 0.341844
vt 0.156250 0.500000
vt 0.550447 0.383337
vt 0.156250 1.000000
vt 0.050447 0.383337
vt 0.125000 0.500000
vt 0.580294 0.419706
vt 0.125000 1.000000
vt 0.080294 0.419706
vt 0.093750 0.500000
vt 0.616663 0.449553
vt 0.093750 1.000000
vt 0.116663 0.449553
vt 0.062500 0.500000
vt 0.658156 0.471731
vt 0.158156 0.471731
vt 0.062500 1.000000
vt 0.031250 0.500000
vt 0.703178 0.485388
vt 0.203178 0.485388
vt 0.031250 1.000000
vt 0.134800 0.250000
vt 0.250000 0.770834
vt 0.143569 0.205915
vt 0.312500 0.770834
vt 0.137014 0.227525
vt 0.281250 0.770834
vt 0.137014 0.272474
vt 0.218750 0.770834
vt 0.154215 0.185998
vt 0.343750 0.770834
vt 0.154215 0.314001
vt 0.156250 0.770834
vt 0.143569 0.294085
vt 0.187500 0.770834
vt 0.185999 0.154215
vt 0.406250 0.770834
vt 0.185999 0.345785
vt 0.093750 0.770834
vt 0.227526 0.362986
vt 0.031250 0.770834
vt 0.272475 0.362986
vt 0.968750 0.770834
vt 0.250000 0.365200
vt 1.000000 0.770834
vt 0.000000 0.770834
vt 0.205915 0.356431
vt 0.062500 0.770834
vt 0.168542 0.168541
vt 0.375000 0.770834
vt 0.168542 0.331458
vt 0.125000 0.770834
vt 0.205915 0.143569
vt 0.437500 0.770834
vt 0.250000 0.134800
vt 0.500000 0.770834
vt 0.272475 0.137013
vt 0.531250 0.770834
vt 0.227526 0.137013
vt 0.468750 0.770834
vt 0.294085 0.143569
vt 0.562500 0.770834
vt 0.314002 0.345785
vt 0.906250 0.770834
vt 0.314002 0.154215
vt 0.593750 0.770834
vt 0.294086 0.356431
vt 0.937500 0.770834
vt 0.345786 0.314001
vt 0.843750 0.770834
vt 0.345786 0.185998
vt 0.656250 0.770834
vt 0.331459 0.331458
vt 0.875000 0.770834
vt 0.365200 0.250000
vt 0.750000 0.770834
vt 0.362987 0.272474
vt 0.781250 0.770834
vt 0.356431 0.205915
vt 0.687500 0.770834
vt 0.362987 0.227525
vt 0.718750 0.770834
vt 0.356431 0.294085
vt 0.812500 0.770834
vt 0.331459 0.168541
vt 0.625000 0.770834
vt 0.727526 0.362986
vt 0.031250 0.562500
vt 0.000000 0.562500
vt 0.750000 0.365200
vt 1.000000 0.562500
vt 0.772475 0.362986
vt 0.968750 0.562500
vt 0.794085 0.143569
vt 0.562500 0.562500
vt 0.814002 0.154215
vt 0.593750 0.562500
vt 0.794085 0.356431
vt 0.937500 0.562500
vt 0.772475 0.137013
vt 0.531250 0.562500
vt 0.814002 0.345785
vt 0.906250 0.562500
vt 0.831459 0.331458
vt 0.875000 0.562500
vt 0.845785 0.185998
vt 0.656250 0.562500
vt 0.845786 0.314001
vt 0.843750 0.562500
vt 0.865200 0.250000
vt 0.750000 0.562500
vt 0.862987 0.272474
vt 0.781250 0.562500
vt 0.856431 0.205915
vt 0.687500 0.562500
vt 0.862987 0.227525
vt 0.718750 0.562500
vt 0.856431 0.294085
vt 0.812500 0.562500
vt 0.831459 0.168541
vt 0.625000 0.562500
vt 0.634800 0.250000
vt 0.250000 0.562500
vt 0.643569 0.205915
vt 0.312500 0.562500
vt 0.637014 0.227525
vt 0.281250 0.562500
vt 0.637014 0.272474
vt 0.218750 0.562500
vt 0.654215 0.185998
vt 0.343750 0.562500
vt 0.654215 0.314001
vt 0.156250 0.562500
vt 0.668542 0.168541
vt 0.375000 0.562500
vt 0.643569 0.294085
vt 0.187500 0.562500
vt 0.685999 0.345785
vt 0.093750 0.562500
vt 0.685999 0.154215
vt 0.406250 0.562500
vt 0.668542 0.331458
vt 0.125000 0.562500
vt 0.750000 0.134800
vt 0.500000 0.562500
vt 0.727526 0.137013
vt 0.468750 0.562500
vt 0.705915 0.143569
vt 0.437500 0.562500
vt 0.705915 0.356431
vt 0.062500 0.562500
vt 1.000000 0.500000
vt 0.000000 0.500000
vt 0.750000 0.490000
vt 1.000000 1.000000
vt 0.250000 0.490000
vt 0.000000 1.000000
vt 0.968750 0.500000
vt 0.796822 0.485388
vt 0.968750 1.000000
vt 0.296822 0.485388
vt 0.937500 0.500000
vt 0.841844 0.471731
vt 0.937500 1.000000
vt 0.341844 0.471731
vt 0.906250 0.500000
vt 0.883337 0.449553
vt 0.906250 1.000000
vt 0.383337 0.449553
vt 0.875000 0.500000
vt 0.919706 0.419706
vt 0.875000 1.000000
vt 0.419706 0.419706
vt 0.843750 0.500000
vt 0.949553 0.383337
vt 0.843750 1.000000
vt 0.449553 0.383337
vt 0.812500 0.500000
vt 0.971731 0.341844
vt 0.812500 1.000000
vt 0.471731 0.341844
vt 0.781250 0.500000
vt 0.985388 0.296822
vt 0.781250 1.000000
vt 0.485388 0.296822
vt 0.750000 0.500000
vt 0.990000 0.250000
vt 0.750000 1.000000
vt 0.490000 0.250000
vt 0.718750 0.500000
vt 0.985388 0.203178
vt 0.718750 1.000000
vt 0.485388 0.203178
vt 0.687500 0.500000
vt 0.971731 0.158156
vt 0.687500 1.000000
vt 0.471731 0.158156
vt 0.656250 0.500000
vt 0.949553 0.116663
vt 0.656250 1.000000
vt 0.449553 0.116663
vt 0.625000 0.500000
vt 0.919706 0.080294
vt 0.625000 1.000000
vt 0.419706 0.080294
vt 0.593750 0.500000
vt 0.883337 0.050447
vt 0.593750 1.000000
vt 0.383337 0.050447
vt 0.562500 0.500000
vt 0.841844 0.028269
vt 0.562500 1.000000
vt 0.341844 0.028269
vt 0.531250 0.500000
vt 0.796822 0.014612
vt 0.531250 1.000000
vt 0.296822 0.014612
vt 0.500000 0.500000
vt 0.750000 0.010000
vt 0.500000 1.000000
vt 0.250000 0.010000
vt 0.468750 0.500000
vt 0.703178 0.014612
vt 0.468750 1.000000
vt 0.203178 0.014612
vt 0.437500 0.500000
vt 0.658156 0.028269
vt 0.437500 1.000000
vt 0.158156 0.028269
vt 0.406250 0.500000
vt 0.616663 0.050447
vt 0.406250 1.000000
vt 0.116663 0.050447
vt 0.375000 0.500000
vt 0.580294 0.080294
vt 0.375000 1.000000
vt 0.080294 0.080294
vt 0.343750 0.500000
vt 0.550447 0.116663
vt 0.343750 1.000000
vt 0.050447 0.116663
vt 0.312500 0.500000
vt 0.528269 0.158156
vt 0.312500 1.000000
vt 0.028269 0.158156
vt 0.281250 0.500000
vt 0.514612 0.203178
vt 0.281250 1.000000
vt 0.014612 0.203178
vt 0.250000 0.500000
vt 0.510000 0.250000
vt 0.250000 1.000000
vt 0.010000 0.250000
vt 0.218750 0.500000
vt 0.514612 0.296822
vt 0.218750 1.000000
vt 0.014612 0.296822
vt 0.187500 0.500000
vt 0.528269 0.341844
vt 0.187500 1.000000
vt 0.028269 0.341844
vt 0.156250 0.500000
vt 0.550447 0.383337
vt 0.156250 1.000000
vt 0.050447 0.383337
vt 0.125000 0.500000
vt 0.580294 0.419706
vt 0.125000 1.000000
vt 0.080294 0.419706
vt 0.093750 0.500000
vt 0.616663 0.449553
vt 0.093750 1.000000
vt 0.116663 0.449553
vt 0.062500 0.500000
vt 0.658156 0.471731
vt 0.158156 0.471731
vt 0.062500 1.000000
vt 0.031250 0.500000
vt 0.703178 0.485388
vt 0.203178 0.485388
vt 0.031250 1.000000
vt 0.134800 0.250000
vt 0.250000 0.770834
vt 0.143569 0.205915
vt 0.312500 0.770834
vt 0.137014 0.227525
vt 0.281250 0.770834
vt 0.137014 0.272474
vt 0.218750 0.770834
vt 0.154215 0.185998
vt 0.343750 0.770834
vt 0.154215 0.314001
vt 0.156250 0.770834
vt 0.143569 0.294085
vt 0.187500 0.770834
vt 0.185999 0.154215
vt 0.406250 0.770834
vt 0.185999 0.345785
vt 0.093750 0.770834
vt 0.227526 0.362986
vt 0.031250 0.770834
vt 0.272475 0.362986
vt 0.968750 0.770834
vt 0.250000 0.365200
vt 1.000000 0.770834
vt 0.000000 0.770834
vt 0.205915 0.356431
vt 0.062500 0.770834
vt 0.168542 0.168541
vt 0.375000 0.770834
vt 0.168542 0.331458
vt 0.125000 0.770834
vt 0.205915 0.143569
vt 0.437500 0.770834
vt 0.250000 0.134800
vt 0.500000 0.770834
vt 0.272475 0.137013
vt 0.531250 0.770834
vt 0.227526 0.137013
vt 0.468750 0.770834
vt 0.294085 0.143569
vt 0.562500 0.770834
vt 0.314002 0.345785
vt 0.906250 0.770834
vt 0.314002 0.154215
vt 0.593750 0.770834
vt 0.294086 0.356431
vt 0.937500 0.770834
vt 0.345786 0.314001
vt 0.843750 0.770834
vt 0.345786 0.185998
vt 0.656250 0.770834
vt 0.331459 0.331458
vt 0.875000 0.770834
vt 0.365200 0.250000
vt 0.750000 0.770834
vt 0.362987 0.272474
vt 0.781250 0.770834
vt 0.356431 0.205915
vt 0.687500 0.770834
vt 0.362987 0.227525
vt 0.718750 0.770834
vt 0.356431 0.294085
vt 0.812500 0.770834
vt 0.331459 0.168541
vt 0.625000 0.770834
vt 0.727526 0.362986
vt 0.031250 0.562500
vt 0.000000 0.562500
vt 0.750000 0.365200
vt 1.000000 0.562500
vt 0.772475 0.362986
vt 0.968750 0.562500
vt 0.794085 0.143569
vt 0.562500 0.562500
vt 0.814002 0.154215
vt 0.593750 0.562500
vt 0.794085 0.356431
vt 0.937500 0.562500
vt 0.772475 0.137013
vt 0.531250 0.562500
vt 0.814002 0.345785
vt 0.906250 0.562500
vt 0.831459 0.331458
vt 0.875000 0.562500
vt 0.845785 0.185998
vt 0.656250 0.562500
vt 0.845786 0.314001
vt 0.843750 0.562500
vt 0.865200 0.250000
vt 0.750000 0.562500
vt 0.862987 0.272474
vt 0.781250 0.562500
vt 0.856431 0.205915
vt 0.687500 0.562500
vt 0.862987 0.227525
vt 0.718750 0.562500
vt 0.856431 0.294085
vt 0.812500 0.562500
vt 0.831459 0.168541
vt 0.625000 0.562500
vt 0.634800 0.250000
vt 0.250000 0.562500
vt 0.643569 0.205915
vt 0.312500 0.562500
vt 0.637014 0.227525
vt 0.281250 0.562500
vt 0.637014 0.272474
vt 0.218750 0.562500
vt 0.654215 0.185998
vt 0.343750 0.562500
vt 0.654215 0.314001
vt 0.156250 0.562500
vt 0.668542 0.168541
vt 0.375000 0.562500
vt 0.643569 0.294085
vt 0.187500 0.562500
vt 0.685999 0.345785
vt 0.093750 0.562500
vt 0.685999 0.154215
vt 0.406250 0.562500
vt 0.668542 0.331458
vt 0.125000 0.562500
vt 0.750000 0.134800
vt 0.500000 0.562500
vt 0.727526 0.137013
vt 0.468750 0.562500
vt 0.705915 0.143569
vt 0.437500 0.562500
vt 0.705915 0.356431
vt 0.062500 0.562500
vt 0.375000 0.000000
vt 0.375000 1.000000
vt 0.125000 0.750000
vt 0.375000 1.000000
vt 0.375000 0.000000
vt 0.125000 0.750000
vt 0.375000 0.000000
vt 0.375000 1.000000
vt 0.125000 0.750000
vt 0.125000 0.750000
vt 0.375000 0.250000
vt 0.625000 0.000000
vt 0.375000 1.000000
vt 0.875000 0.500000
vt 0.125000 0.750000
vt 0.375000 0.250000
vt 0.375000 0.750000
vt 0.375000 0.500000
vt 0.625000 0.000000
vt 0.375000 1.000000
vt 0.875000 0.500000
vt 1.000000 0.500000
vt 0.000000 0.500000
vt 0.750000 0.490000
vt 0.375000 0.750000
vt 0.375000 0.500000
vt 0.375000 0.500000
vt 0.625000 0.250000
vt 0.375000 0.250000
vt 0.875000 0.500000
vt 1.000000 0.500000
vt 0.000000 0.500000
vt 0.750000 0.490000
vt 0.625000 0.000000
vt 0.625000 1.000000
vt 0.875000 0.750000
vt 0.375000 0.500000
vt 0.375000 0.750000
vt 0.625000 0.750000
vt 0.625000 0.250000
vt 0.375000 0.250000
vt 0.875000 0.500000
vt 0.968750 0.500000
vt 0.796822 0.485388
vt 0.375000 0.750000
vt 0.625000 0.750000
vt 0.375000 0.500000
vt 0.625000 0.500000
vt 0.625000 0.750000
vt 0.625000 0.000000
vt 0.625000 1.000000
vt 0.875000 0.750000
vt 0.937500 0.500000
vt 0.841844 0.471731
vt 0.968750 0.500000
vt 0.796822 0.485388
vt 0.375000 0.500000
vt 0.625000 0.500000
vt 0.625000 0.750000
vt 0.375000 0.250000
vt 0.125000 0.500000
vt 0.625000 0.250000
vt 0.875000 0.500000
vt 0.906250 0.500000
vt 0.883337 0.449553
vt 0.937500 0.500000
vt 0.841844 0.471731
vt 0.875000 0.500000
vt 0.919706 0.419706
vt 0.625000 0.250000
vt 0.875000 0.500000
vt 0.375000 0.750000
vt 0.843750 0.500000
vt 0.949553 0.383337
vt 0.906250 0.500000
vt 0.883337 0.449553
vt 0.375000 0.750000
vt 0.625000 0.750000
vt 0.812500 0.500000
vt 0.971731 0.341844
vt 0.875000 0.500000
vt 0.919706 0.419706
vt 0.625000 0.750000
vt 0.781250 0.500000
vt 0.985388 0.296822
vt 0.843750 0.500000
vt 0.949553 0.383337
vt 0.375000 0.500000
vt 0.750000 0.500000
vt 0.990000 0.250000
vt 0.625000 0.500000
vt 0.375000 0.500000
vt 0.718750 0.500000
vt 0.985388 0.203178
vt 0.812500 0.500000
vt 0.971731 0.341844
vt 0.625000 0.500000
vt 0.687500 0.500000
vt 0.971731 0.158156
vt 0.781250 0.500000
vt 0.985388 0.296822
vt 0.625000 0.500000
vt 0.656250 0.500000
vt 0.949553 0.116663
vt 0.225000 0.584375
vt 0.000000 0.000000
vt 0.750000 0.500000
vt 0.990000 0.250000
vt 0.625000 0.500000
vt 0.919706 0.080294
vt 0.146875 0.507812
vt 0.000000 0.000000
vt 0.353125 0.507812
vt 0.000000 0.000000
vt 0.593750 0.500000
vt 0.883337 0.050447
vt 0.275000 0.584375
vt 0.000000 0.000000
vt 0.562500 0.500000
vt 0.841844 0.028269
vt 0.718750 0.500000
vt 0.985388 0.203178
vt 0.853125 0.507812
vt 0.000000 0.000000
vt 0.531250 0.500000
vt 0.796822 0.014612
vt 0.646875 0.507812
vt 0.000000 0.000000
vt 0.687500 0.500000
vt 0.971731 0.158156
vt 0.500000 0.500000
vt 0.750000 0.010000
vt 0.725000 0.584375
vt 0.000000 0.000000
vt 0.775000 0.584375
vt 0.000000 0.000000
vt 0.468750 0.500000
vt 0.703178 0.014612
vt 0.656250 0.500000
vt 0.949553 0.116663
vt 0.290625 0.650000
vt 0.000000 0.000000
vt 0.437500 0.500000
vt 0.658156 0.028269
vt 0.290625 0.600000
vt 0.000000 0.000000
vt 0.625000 0.500000
vt 0.919706 0.080294
vt 0.367187 0.728125
vt 0.000000 0.000000
vt 0.406250 0.500000
vt 0.616663 0.050447
vt 0.593750 0.500000
vt 0.883337 0.050447
vt 0.367188 0.521875
vt 0.000000 0.000000
vt 0.375000 0.500000
vt 0.580294 0.080294
vt 0.709375 0.600000
vt 0.000000 0.000000
vt 0.343750 0.500000
vt 0.550447 0.116663
vt 0.000000 0.000000
vt 0.709375 0.650000
vt 0.562500 0.500000
vt 0.841844 0.028269
vt 0.312500 0.500000
vt 0.528269 0.158156
vt 0.632813 0.728125
vt 0.000000 0.000000
vt 0.632813 0.521875
vt 0.000000 0.000000
vt 0.281250 0.500000
vt 0.514612 0.203178
vt 0.531250 0.500000
vt 0.796822 0.014612
vt 0.132813 0.728125
vt 0.000000 0.000000
vt 0.132812 0.521875
vt 0.000000 0.000000
vt 0.250000 0.500000
vt 0.510000 0.250000
vt 0.500000 0.500000
vt 0.750000 0.010000
vt 0.209375 0.600000
vt 0.000000 0.000000
vt 0.218750 0.500000
vt 0.514612 0.296822
vt 0.209375 0.650000
vt 0.000000 0.000000
vt 0.468750 0.500000
vt 0.703178 0.014612
vt 0.187500 0.500000
vt 0.528269 0.341844
vt 0.867187 0.728125
vt 0.000000 0.000000
vt 0.437500 0.500000
vt 0.658156 0.028269
vt 0.156250 0.500000
vt 0.550447 0.383337
vt 0.867188 0.521875
vt 0.000000 0.000000
vt 0.125000 0.500000
vt 0.580294 0.419706
vt 0.790625 0.600000
vt 0.000000 0.000000
vt 0.790625 0.650000
vt 0.000000 0.000000
vt 0.093750 0.500000
vt 0.616663 0.449553
vt 0.406250 0.500000
vt 0.616663 0.050447
vt 0.353125 0.742187
vt 0.000000 0.000000
vt 0.062500 0.500000
vt 0.658156 0.471731
vt 0.375000 0.500000
vt 0.580294 0.080294
vt 0.146875 0.742188
vt 0.000000 0.000000
vt 0.275000 0.665625
vt 0.000000 0.000000
vt 0.031250 0.500000
vt 0.703178 0.485388
vt 0.343750 0.500000
vt 0.550447 0.116663
vt 0.225000 0.665625
vt 0.000000 0.000000
vt 0.853125 0.742188
vt 0.000000 0.000000
vt 0.312500 0.500000
vt 0.528269 0.158156
vt 0.725000 0.665625
vt 0.000000 0.000000
vt 0.646875 0.742188
vt 0.000000 0.000000
vt 0.281250 0.500000
vt 0.514612 0.203178
vt 0.775000 0.665625
vt 0.000000 0.000000
vt 0.220312 0.601562
vt 0.437500 0.250000
vt 0.279688 0.648438
vt 0.437500 0.750000
vt 0.250000 0.500000
vt 0.510000 0.250000
vt 0.279687 0.601562
vt 0.437500 0.500000
vt 0.220312 0.648438
vt 0.437500 0.000000
vt 0.437500 1.000000
vt 0.218750 0.500000
vt 0.514612 0.296822
vt 0.720312 0.648437
vt 0.562500 0.750000
vt 0.720313 0.601563
vt 0.562500 0.500000
vt 0.187500 0.500000
vt 0.528269 0.341844
vt 0.779688 0.648438
vt 0.562500 0.000000
vt 0.562500 1.000000
vt 0.625000 0.250000
vt 0.562000 0.083333
vt 0.875000 0.500000
vt 0.156250 0.500000
vt 0.550447 0.383337
vt 0.562000 0.000000
vt 0.562000 1.000000
vt 0.875000 0.750000
vt 0.499500 0.083333
vt 0.375000 0.250000
vt 0.125000 0.500000
vt 0.125000 0.500000
vt 0.580294 0.419706
vt 0.499500 0.000000
vt 0.499500 1.000000
vt 0.125000 0.750000
vt 0.499500 0.934211
vt 0.375000 0.750000
vt 0.093750 0.500000
vt 0.616663 0.449553
vt 0.562000 0.934211
vt 0.625000 0.750000
vt 0.764063 0.601563
vt 0.625000 0.500000
vt 0.062500 0.500000
vt 0.658156 0.471731
vt 0.562500 0.315789
vt 0.764063 0.601563
vt 0.625000 0.500000
vt 0.031250 0.500000
vt 0.703178 0.485388
vt 0.779688 0.601563
vt 0.625000 0.250000
vt 0.625000 0.000000
vt 0.779688 0.617188
vt 0.625000 1.000000
vt 0.779688 0.617188
vt 0.562500 0.166667
vt 0.625000 1.000000
vt 0.500000 0.166667
vt 0.375000 1.000000
vt 0.125000 0.750000
vt 0.500000 0.250000
vt 0.125000 0.500000
vt 0.500000 0.315789
vt 0.375000 0.500000
vt 0.202500 0.640000
vt 0.250000 0.958333
vt 0.203653 0.628295
vt 0.218750 0.958333
vt 0.203653 0.651705
vt 0.281250 0.958333
vt 0.212612 0.673334
vt 0.343750 0.958333
vt 0.213234 0.674092
vt 0.346354 0.958333
vt 0.212612 0.606666
vt 0.156250 0.958333
vt 0.220074 0.682426
vt 0.375000 0.958333
vt 0.207067 0.662961
vt 0.312500 0.958333
vt 0.207067 0.617039
vt 0.187500 0.958333
vt 0.220074 0.597574
vt 0.125000 0.958333
vt 0.229166 0.689888
vt 0.406250 0.958333
vt 0.262500 0.700000
vt 0.500000 0.958333
vt 0.250795 0.698847
vt 0.468750 0.958333
vt 0.239539 0.695433
vt 0.437500 0.958333
vt 0.285461 0.695433
vt 0.562500 0.958333
vt 0.304926 0.682426
vt 0.625000 0.958333
vt 0.531250 0.958333
vt 0.274205 0.698847
vt 0.295834 0.689888
vt 0.593750 0.958333
vt 0.229166 0.590112
vt 0.093750 0.958333
vt 0.239539 0.584567
vt 0.062500 0.958333
vt 0.250795 0.581153
vt 0.031250 0.958333
vt 0.000000 0.958333
vt 0.262500 0.580000
vt 1.000000 0.958333
vt 0.295834 0.590112
vt 0.906250 0.958333
vt 0.285461 0.584567
vt 0.937500 0.958333
vt 0.274205 0.581153
vt 0.968750 0.958333
vt 0.312388 0.673334
vt 0.656250 0.958333
vt 0.312388 0.606666
vt 0.843750 0.958333
vt 0.322500 0.640000
vt 0.750000 0.958333
vt 0.718750 0.958333
vt 0.321347 0.651705
vt 0.321347 0.628295
vt 0.781250 0.958333
vt 0.317933 0.662961
vt 0.687500 0.958333
vt 0.317933 0.617039
vt 0.812500 0.958333
vt 0.304926 0.597574
vt 0.875000 0.958333
vt 0.212612 0.576666
vt 0.156250 0.956667
vt 0.229166 0.560112
vt 0.093750 0.956667
vt 0.220074 0.567574
vt 0.125000 0.956667
vt 0.239539 0.554567
vt 0.062500 0.956667
vt 0.000000 0.956667
vt 0.262500 0.550000
vt 1.000000 0.956667
vt 0.250795 0.551153
vt 0.031250 0.956667
vt 0.285461 0.554567
vt 0.937500 0.956667
vt 0.274205 0.551153
vt 0.968750 0.956667
vt 0.312388 0.643334
vt 0.656250 0.956667
vt 0.312388 0.576666
vt 0.843750 0.956667
vt 0.304926 0.652426
vt 0.625000 0.956667
vt 0.304926 0.567574
vt 0.875000 0.956667
vt 0.322500 0.610000
vt 0.750000 0.956667
vt 0.321347 0.598295
vt 0.781250 0.956667
vt 0.317933 0.632961
vt 0.687500 0.956667
vt 0.718750 0.956667
vt 0.321347 0.621705
vt 0.317933 0.587039
vt 0.812500 0.956667
vt 0.295834 0.560112
vt 0.906250 0.956667
vt 0.295834 0.659888
vt 0.593750 0.956667
vt 0.203653 0.621705
vt 0.281250 0.956667
vt 0.202500 0.610000
vt 0.250000 0.956667
vt 0.203653 0.598295
vt 0.218750 0.956667
vt 0.212612 0.643334
vt 0.343750 0.956667
vt 0.207067 0.632961
vt 0.312500 0.956667
vt 0.207067 0.587039
vt 0.187500 0.956667
vt 0.229166 0.659888
vt 0.406250 0.956667
vt 0.250795 0.668847
vt 0.468750 0.956667
vt 0.239539 0.665433
vt 0.437500 0.956667
vt 0.531250 0.956667
vt 0.274205 0.668847
vt 0.285461 0.665433
vt 0.562500 0.956667
vt 0.262500 0.670000
vt 0.500000 0.956667
vt 0.220074 0.652426
vt 0.375000 0.956667
vt 0.499999 0.500000
vt 0.562500 0.937500
vt 0.375000 0.500000
vt 0.375000 0.250000
vt 0.562500 0.968750
vt 0.499999 0.250000
vt 0.499999 0.000000
vt 0.437500 0.968750
vt 0.375000 1.000000
vt 0.437500 0.937500
vt 0.499999 0.750000
vt 0.375000 0.750000
vt 0.375000 0.250000
vt 0.562500 0.812500
vt 0.499999 0.250000
vt 0.499999 0.000000
vt 0.437500 0.812500
vt 0.375000 1.000000
vt 0.437500 0.781250
vt 0.499999 0.750000
vt 0.375000 0.750000
vt 0.499999 0.500000
vt 0.562500 0.781250
vt 0.375000 0.500000
vt 0.375000 1.000000
vt 0.437500 0.281250
vt 0.500001 0.000000
vt 0.562500 0.281250
vt 0.500001 0.250000
vt 0.375000 0.250000
vt 0.375000 0.500000
vt 0.562500 0.312500
vt 0.500001 0.500000
vt 0.500001 0.750000
vt 0.437500 0.312500
vt 0.375000 0.750000
vt 0.437500 0.437500
vt 0.500001 0.000000
vt 0.375000 1.000000
vt 0.562500 0.437500
vt 0.500001 0.250000
vt 0.375000 0.250000
vt 0.437500 0.468750
vt 0.500001 0.750000
vt 0.375000 0.750000
vt 0.375000 0.500000
vt 0.562500 0.468750
vt 0.500001 0.500000
s 0
usemtl 
f 195/322/1 62/99/1 59/92/1
f 70/113/1 193/316/1 192/314/1
f 72/118/2 62/99/2 71/116/2
f 66/107/3 84/140/3 85/141/3
f 59/94/4 77/128/4 78/130/4
f 68/110/5 59/93/5 62/98/5
f 70/114/6 69/111/6 140/229/6
f 61/97/6 141/232/6 197/329/6
f 57/89/6 198/331/6 196/325/6
f 83/138/6 74/122/6 82/137/6
f 57/89/6 58/90/6 89/149/6
f 83/138/6 82/137/6 58/90/6
f 80/134/6 67/108/6 81/136/6
f 80/134/6 76/126/6 75/124/6
f 73/120/6 88/148/6 60/95/6
f 88/148/6 92/153/6 91/152/6
f 92/153/6 81/136/6 91/152/6
f 201/337/6 89/149/6 88/148/6
f 82/137/6 90/150/6 76/126/6
f 114/184/6 72/117/6 71/115/6
f 116/188/7 117/189/7 86/144/7
f 80/135/6 86/144/6 67/109/6
f 63/100/6 80/135/6 75/125/6
f 186/302/6 189/307/6 65/106/6
f 78/129/6 188/305/6 187/303/6
f 65/106/6 64/103/6 74/121/6
f 85/142/6 165/273/6 163/269/6
f 64/104/6 162/268/6 164/271/6
f 100/167/2 36/57/2 55/87/2
f 111/180/1 56/88/1 55/87/1
f 111/180/2 36/57/2 105/174/2
f 97/161/1 49/78/1 54/86/1
f 94/155/6 97/161/6 95/158/6
f 94/156/3 42/66/3 27/45/3
f 95/159/4 54/86/4 42/66/4
f 96/160/2 27/44/2 49/78/2
f 98/163/6 101/168/6 99/165/6
f 98/164/3 52/83/3 36/56/3
f 99/166/4 56/88/4 52/83/4
f 101/168/1 55/87/1 56/88/1
f 120/196/3 51/82/3 31/49/3
f 124/206/3 47/74/3 21/37/3
f 121/199/6 118/191/6 119/195/6
f 119/194/1 44/68/1 53/85/1
f 121/200/4 53/84/4 51/81/4
f 118/193/2 31/50/2 44/69/2
f 125/209/6 122/201/6 123/205/6
f 123/204/1 40/63/1 50/79/1
f 122/203/2 21/36/2 40/62/2
f 125/210/4 50/80/4 47/75/4
f 178/293/4 37/58/4 183/298/4
f 142/233/2 24/40/2 41/64/2
f 40/63/8 130/215/8 50/80/8
f 146/243/3 38/59/3 1/1/3
f 144/238/6 142/234/6 143/236/6
f 145/242/3 46/72/3 24/41/3
f 144/239/4 48/77/4 46/73/4
f 143/237/1 41/65/1 48/76/1
f 148/249/6 147/246/6 149/252/6
f 149/251/1 34/54/1 45/70/1
f 147/248/2 1/2/2 34/53/2
f 148/250/4 45/71/4 38/60/4
f 178/293/3 6/14/3 25/42/3
f 37/58/1 179/294/1 183/298/1
f 185/300/4 32/51/4 43/67/4
f 173/288/1 39/61/1 43/67/1
f 168/280/4 37/58/4 25/42/4
f 166/275/6 169/281/6 168/279/6
f 167/278/2 6/15/2 29/47/2
f 166/277/3 25/42/3 6/14/3
f 169/281/1 29/47/1 37/58/1
f 170/282/6 173/288/6 171/285/6
f 171/286/4 43/67/4 32/51/4
f 172/287/2 17/32/2 39/61/2
f 170/284/3 32/51/3 17/31/3
f 208/352/12 78/130/12 207/350/12
f 209/354/13 69/112/13 206/349/13
f 52/83/3 105/174/3 36/56/3
f 56/88/4 109/178/4 52/83/4
f 112/181/2 49/78/2 27/45/2
f 164/272/4 156/261/4 165/274/4
f 72/118/14 218/375/14 220/379/14
f 84/140/15 219/377/15 221/381/15
f 210/357/14 77/128/14 211/360/14
f 213/363/13 85/142/13 212/361/13
f 115/186/3 103/172/3 114/183/3
f 73/120/15 215/368/15 214/365/15
f 217/372/12 73/120/12 71/116/12
f 33/52/4 195/323/4 28/46/4
f 22/38/1 33/52/1 28/46/1
f 22/38/2 191/312/2 35/55/2
f 22/38/6 195/324/6 194/319/6
f 26/43/1 200/336/1 30/48/1
f 13/26/5 192/315/5 18/33/5
f 30/48/5 18/33/5 193/318/5
f 33/52/5 26/43/5 30/48/5
f 26/43/5 191/313/5 13/26/5
f 13/26/3 203/342/3 202/340/3
f 204/344/2 198/332/2 13/26/2
f 205/346/4 18/33/4 199/334/4
f 7/16/1 209/355/1 206/347/1
f 14/27/2 207/351/2 209/355/2
f 23/39/3 208/353/3 207/351/3
f 208/353/4 7/17/4 206/348/4
f 14/28/6 19/34/6 23/39/6
f 4/9/1 212/362/1 210/356/1
f 10/22/2 213/364/2 212/362/2
f 213/364/3 15/29/3 211/359/3
f 15/29/4 210/358/4 211/359/4
f 10/23/6 15/29/6 20/35/6
f 8/19/1 214/366/1 3/6/1
f 8/19/2 217/373/2 216/371/2
f 16/30/3 215/369/3 217/373/3
f 12/25/4 214/367/4 215/369/4
f 8/20/6 12/25/6 16/30/6
f 2/3/1 220/380/1 218/374/1
f 11/24/2 220/380/2 5/12/2
f 11/24/3 221/382/3 219/378/3
f 9/21/4 218/376/4 221/382/4
f 5/13/6 9/21/6 11/24/6
f 334/617/1 245/431/1 338/626/1
f 339/628/1 245/431/1 252/444/1
f 305/543/6 302/536/6 239/422/6
f 249/439/6 300/530/6 303/538/6
f 238/419/5 245/432/5 244/429/5
f 250/442/3 238/420/3 249/440/3
f 238/419/16 244/430/16 247/435/16
f 257/454/15 309/552/15 308/550/15
f 255/450/15 238/420/15 260/460/15
f 245/431/17 240/423/17 252/444/17
f 310/554/18 307/547/18 252/445/18
f 240/423/13 262/468/13 266/477/13
f 223/387/2 260/461/2 233/407/2
f 234/411/1 257/455/1 228/397/1
f 256/453/4 228/397/4 257/455/4
f 223/388/3 256/453/3 255/449/3
f 225/392/6 223/386/6 233/408/6
f 233/409/16 258/458/16 234/410/16
f 261/464/3 222/384/3 262/466/3
f 226/394/2 261/465/2 263/469/2
f 231/402/1 263/471/1 265/473/1
f 222/385/4 266/478/4 262/467/4
f 232/405/6 222/383/6 224/391/6
f 232/406/17 265/475/17 266/476/17
f 294/518/1 274/487/1 273/486/1
f 272/484/4 254/448/4 237/417/4
f 274/487/3 254/448/3 273/486/3
f 267/479/2 275/488/2 264/472/2
f 264/472/1 272/485/1 237/418/1
f 280/494/2 267/479/2 264/472/2
f 276/489/4 242/426/4 229/398/4
f 279/493/3 242/426/3 277/491/3
f 259/459/2 278/492/2 251/443/2
f 251/443/1 276/490/1 229/399/1
f 284/501/2 259/459/2 251/443/2
f 280/494/6 283/499/6 281/495/6
f 281/495/3 254/448/3 267/479/3
f 254/448/4 282/497/4 237/417/4
f 282/498/1 264/472/1 237/418/1
f 284/501/6 287/506/6 285/502/6
f 242/426/4 286/504/4 229/398/4
f 285/502/3 242/426/3 259/459/3
f 286/505/1 251/443/1 229/399/1
f 297/525/1 279/493/1 277/491/1
f 298/527/4 279/493/4 293/516/4
f 276/489/2 297/525/2 277/491/2
f 272/485/3 295/520/3 291/511/3
f 276/490/3 298/527/3 296/521/3
f 295/520/4 274/487/4 299/528/4
f 291/513/2 273/486/2 272/484/2
f 243/427/19 335/620/19 341/632/19
f 243/428/20 345/640/20 253/446/20
f 253/447/21 344/638/21 246/433/21
f 246/434/22 335/621/22 227/395/22
f 313/561/4 227/396/4 243/427/4
f 236/415/19 348/646/19 349/648/19
f 236/416/20 351/652/20 248/437/20
f 248/438/21 336/622/21 241/424/21
f 241/425/22 348/647/22 230/400/22
f 319/578/6 236/416/6 248/437/6
f 327/597/5 343/637/5 340/630/5
f 330/606/5 350/651/5 347/644/5
f 314/564/1 313/562/1 315/566/1
f 246/433/2 315/567/2 253/447/2
f 315/568/6 243/428/6 253/446/6
f 312/560/5 246/434/5 227/395/5
f 318/575/1 317/573/1 319/577/1
f 317/574/4 230/401/4 236/415/4
f 241/424/2 319/579/2 248/438/2
f 316/571/5 241/425/5 230/400/5
f 328/602/4 342/634/4 343/636/4
f 323/588/6 342/635/6 329/603/6
f 324/591/6 337/624/6 325/593/6
f 333/616/2 327/599/2 340/631/2
f 346/643/2 330/608/2 347/645/2
f 331/611/4 337/625/4 350/650/4
f 377/708/3 368/691/3 375/703/3
f 367/689/6 420/813/6 410/791/6
f 377/707/6 412/797/6 421/815/6
f 374/701/23 371/695/23 426/821/23
f 371/695/1 429/827/1 427/823/1
f 371/696/5 369/692/5 370/693/5
f 371/695/16 374/701/16 368/691/16
f 380/714/15 375/704/15 382/719/15
f 384/727/15 368/691/15 383/723/15
f 370/694/17 369/692/17 373/699/17
f 369/692/13 387/734/13 389/739/13
f 377/708/13 385/728/13 388/736/13
f 383/724/2 353/658/2 384/725/2
f 364/682/1 380/715/1 359/668/1
f 359/669/4 382/720/4 356/664/4
f 353/659/3 382/721/3 384/726/3
f 356/664/6 353/657/6 362/678/6
f 379/713/16 362/679/16 383/722/16
f 360/671/1 385/729/1 386/731/1
f 361/674/4 387/735/4 357/665/4
f 388/737/3 357/665/3 387/735/3
f 385/730/2 354/660/2 388/737/2
f 361/675/6 357/665/6 354/660/6
f 361/676/17 386/733/17 389/738/17
f 401/766/4 418/809/4 419/810/4
f 409/789/3 417/807/3 418/808/3
f 405/778/2 411/794/2 414/800/2
f 416/805/24 366/687/24 417/806/24
f 366/688/25 418/808/25 417/807/25
f 418/809/26 378/710/26 419/810/26
f 378/709/27 416/804/27 419/811/27
f 392/747/3 358/666/3 378/709/3
f 363/680/24 411/794/24 355/661/24
f 363/681/25 415/802/25 414/801/25
f 415/803/26 372/698/26 413/799/26
f 372/697/27 411/795/27 413/798/27
f 395/754/2 372/698/2 376/705/2
f 391/744/6 392/748/6 393/750/6
f 358/667/4 391/745/4 366/687/4
f 393/749/2 378/710/2 381/717/2
f 391/746/1 381/718/1 366/688/1
f 394/751/6 397/759/6 395/755/6
f 355/661/4 394/752/4 363/680/4
f 394/753/1 376/706/1 363/681/1
f 397/760/3 355/662/3 372/697/3
f 402/771/2 416/805/2 417/806/2
f 408/787/1 413/798/1 411/795/1
f 413/799/4 403/773/4 415/803/4
f 403/774/3 414/801/3 415/802/3
f 400/765/1 419/811/1 416/804/1
f 457/878/3 464/889/3 453/873/3
f 457/878/5 460/882/5 458/879/5
f 463/888/6 535/1046/6 534/1044/6
f 462/886/6 464/890/6 532/1038/6
f 501/979/1 460/883/1 498/973/1
f 496/968/28 460/883/28 462/885/28
f 458/880/16 465/891/16 457/878/16
f 468/899/15 457/878/15 470/905/15
f 466/893/15 463/888/15 469/901/15
f 453/872/17 462/885/17 460/883/17
f 453/873/13 473/913/13 475/919/13
f 464/890/13 471/906/13 474/916/13
f 437/844/4 466/894/4 469/902/4
f 444/857/3 469/902/3 468/900/3
f 446/861/2 468/900/2 470/903/2
f 466/895/1 447/863/1 467/896/1
f 447/864/6 437/845/6 446/861/6
f 467/898/16 446/862/16 470/904/16
f 439/849/1 471/907/1 472/909/1
f 438/846/4 475/920/4 473/912/4
f 438/847/3 474/917/3 433/838/3
f 471/908/2 433/837/2 474/915/2
f 433/838/6 439/850/6 445/859/6
f 445/860/17 472/911/17 475/918/17
f 492/955/2 499/975/2 490/949/2
f 494/961/4 506/989/4 491/952/4
f 434/839/21 502/982/21 497/971/21
f 502/981/20 459/881/20 504/985/20
f 459/881/19 503/983/19 504/986/19
f 448/866/22 497/970/22 503/984/22
f 482/933/5 434/840/5 448/866/5
f 432/835/21 506/989/21 505/987/21
f 506/990/20 452/871/20 507/991/20
f 452/871/19 499/975/19 507/992/19
f 443/856/22 505/988/22 499/976/22
f 478/927/5 432/836/5 443/856/5
f 476/922/1 479/928/1 477/924/1
f 452/871/4 478/927/4 443/856/4
f 476/923/2 435/841/2 432/835/2
f 477/925/6 452/871/6 435/841/6
f 483/935/1 481/931/1 480/929/1
f 481/931/4 448/866/4 459/881/4
f 442/855/6 481/931/6 459/881/6
f 483/936/2 442/855/2 434/839/2
f 495/965/5 502/981/5 504/985/5
f 493/959/2 504/986/2 503/983/2
f 494/963/6 499/976/6 505/988/6
f 488/944/6 503/984/6 497/970/6
f 492/957/5 506/990/5 507/991/5
f 488/945/4 502/982/4 489/946/4
f 520/1013/2 440/852/2 521/1015/2
f 461/884/1 520/1013/1 527/1028/1
f 456/877/4 527/1028/4 531/1036/4
f 456/877/3 521/1016/3 440/853/3
f 441/854/2 523/1020/2 522/1018/2
f 455/876/1 522/1018/1 528/1030/1
f 529/1033/4 455/876/4 528/1031/4
f 451/870/3 523/1021/3 436/842/3
f 436/842/3 512/1000/3 451/870/3
f 461/884/4 510/998/4 511/999/4
f 509/997/6 510/998/6 508/993/6
f 508/994/2 449/867/2 509/996/2
f 449/867/1 511/999/1 509/996/1
f 440/853/3 510/998/3 456/877/3
f 513/1001/6 514/1004/6 515/1005/6
f 455/876/4 512/1000/4 513/1001/4
f 441/854/29 513/1001/29 515/1006/29
f 436/843/2 515/1006/2 514/1002/2
f 557/1095/3 549/1079/3 553/1086/3
f 603/1209/6 607/1220/6 604/1211/6
f 558/1096/6 557/1094/6 602/1206/6
f 612/1235/6 608/1222/6 609/1224/6
f 621/1259/6 625/1271/6 624/1267/6
f 615/1243/6 617/1248/6 614/1240/6
f 552/1084/6 606/1217/6 623/1264/6
f 578/1145/30 555/1091/30 561/1102/30
f 556/1092/1 579/1148/1 581/1154/1
f 556/1093/5 549/1078/5 555/1090/5
f 553/1087/16 556/1093/16 562/1105/16
f 557/1095/15 566/1115/15 562/1105/15
f 563/1107/15 553/1087/15 568/1121/15
f 558/1097/13 571/1128/13 569/1123/13
f 549/1079/13 570/1126/13 573/1134/13
f 549/1079/17 561/1103/17 555/1090/17
f 564/1110/4 536/1048/4 566/1114/4
f 543/1064/3 564/1111/3 563/1106/3
f 546/1071/2 563/1108/2 568/1120/2
f 566/1116/1 547/1074/1 567/1117/1
f 541/1062/6 543/1064/6 546/1071/6
f 546/1072/16 567/1119/16 547/1073/16
f 538/1054/3 569/1124/3 539/1056/3
f 542/1063/2 569/1124/2 571/1129/2
f 544/1066/1 571/1129/1 572/1130/1
f 538/1055/4 573/1135/4 570/1125/4
f 545/1069/6 538/1053/6 539/1057/6
f 545/1070/17 572/1132/17 573/1133/17
f 593/1181/1 607/1218/1 605/1215/1
f 601/1203/3 616/1246/3 614/1239/3
f 551/1082/26 610/1228/26 537/1051/26
f 565/1113/27 612/1233/27 603/1210/27
f 565/1112/24 608/1223/24 612/1234/24
f 559/1098/25 610/1229/25 608/1221/25
f 537/1051/2 587/1170/2 551/1082/2
f 617/1249/26 548/1076/26 619/1254/26
f 560/1101/27 625/1269/27 620/1258/27
f 560/1100/24 615/1244/24 625/1270/24
f 554/1088/25 617/1250/25 615/1242/25
f 583/1158/4 554/1089/4 560/1100/4
f 585/1163/6 583/1159/6 584/1160/6
f 584/1161/3 560/1101/3 548/1077/3
f 582/1157/1 540/1058/1 554/1088/1
f 540/1059/2 584/1162/2 548/1076/2
f 586/1167/6 588/1172/6 587/1169/6
f 589/1174/1 537/1052/1 559/1098/1
f 587/1171/3 565/1113/3 551/1083/3
f 588/1173/4 559/1099/4 565/1112/4
f 593/1183/4 611/1232/4 607/1219/4
f 592/1180/3 609/1225/3 611/1230/3
f 599/1198/4 614/1241/4 618/1251/4
f 599/1199/1 618/1252/1 621/1260/1
f 616/1247/2 595/1189/2 624/1266/2
f 609/1226/2 598/1196/2 613/1236/2
f 663/1352/17 685/1403/17 687/1406/17
f 674/1375/14 652/1320/14 676/1379/14
f 676/1380/2 678/1385/2 681/1390/2
f 683/1397/6 653/1323/6 674/1374/6
f 656/1331/3 676/1380/3 652/1319/3
f 681/1391/5 656/1332/5 655/1328/5
f 683/1398/1 655/1329/1 654/1325/1
f 673/1371/32 661/1347/32 658/1337/32
f 680/1389/2 672/1369/2 673/1372/2
f 682/1395/6 659/1340/6 680/1388/6
f 677/1382/3 659/1341/3 660/1343/3
f 672/1370/5 660/1344/5 661/1346/5
f 673/1373/1 657/1335/1 682/1393/1
f 669/1364/5 663/1352/5 664/1355/5
f 647/1310/1 645/1305/1 663/1353/1
f 665/1356/33 645/1305/33 644/1303/33
f 629/1280/6 665/1357/6 666/1359/6
f 667/1360/6 631/1284/6 679/1387/6
f 653/1324/15 654/1327/15 669/1364/15
f 632/1288/15 655/1330/15 656/1333/15
f 669/1364/16 658/1339/16 665/1357/16
f 664/1355/16 660/1345/16 659/1342/16
f 668/1363/3 669/1364/3 667/1361/3
f 630/1282/5 684/1400/5 686/1405/5
f 637/1294/3 686/1405/3 687/1407/3
f 634/1291/6 687/1407/6 685/1402/6
f 684/1401/1 634/1291/1 685/1402/1
f 634/1291/4 630/1283/4 637/1294/4
f 731/1495/32 708/1444/32 710/1448/32
f 734/1499/2 729/1492/2 731/1496/2
f 729/1493/5 712/1454/5 708/1443/5
f 732/1497/1 710/1449/1 709/1446/1
f 711/1451/6 732/1497/6 709/1446/6
f 736/1506/3 711/1451/3 712/1453/3
f 716/1464/14 727/1485/14 713/1456/14
f 728/1489/2 735/1501/2 733/1498/2
f 735/1502/5 714/1459/5 733/1498/5
f 730/1494/1 714/1459/1 715/1461/1
f 727/1487/6 715/1461/6 713/1457/6
f 717/1467/3 728/1490/3 716/1463/3
f 724/1481/16 710/1450/16 721/1475/16
f 723/1479/16 712/1455/16 711/1452/16
f 717/1468/15 719/1472/15 714/1460/15
f 713/1458/15 715/1462/15 724/1481/15
f 693/1422/6 719/1471/6 721/1475/6
f 720/1474/6 692/1419/6 689/1412/6
f 702/1436/1 725/1483/1 700/1432/1
f 701/1434/1 723/1480/1 722/1478/1
f 724/1481/3 720/1473/3 726/1484/3
f 724/1481/5 722/1477/5 723/1479/5
f 720/1474/13 737/1508/13 739/1514/13
f 740/1516/17 718/1470/17 722/1478/17
f 691/1416/3 737/1510/3 740/1517/3
f 697/1426/6 740/1517/6 738/1511/6
f 739/1515/1 697/1426/1 738/1511/1
f 688/1409/5 739/1515/5 737/1507/5
f 694/1423/4 691/1417/4 697/1426/4
f 777/1605/5 773/1597/5 779/1608/5
f 773/1598/34 790/1636/34 792/1642/34
f 783/1618/12 762/1567/12 761/1563/12
f 783/1619/2 785/1624/2 787/1627/2
f 782/1617/1 763/1569/1 762/1566/1
f 785/1623/6 761/1564/6 765/1575/6
f 764/1572/3 785/1624/3 765/1576/3
f 787/1629/5 763/1570/5 789/1633/5
f 780/1609/35 767/1581/35 781/1612/35
f 786/1626/2 780/1610/2 781/1613/2
f 786/1625/1 766/1578/1 768/1584/1
f 784/1621/6 768/1585/6 769/1587/6
f 770/1591/3 784/1622/3 769/1588/3
f 781/1614/5 766/1579/5 788/1630/5
f 777/1605/15 761/1565/15 774/1600/15
f 776/1603/15 763/1571/15 764/1574/15
f 770/1592/36 769/1589/36 777/1605/36
f 772/1596/36 766/1580/36 774/1599/36
f 772/1596/37 756/1552/37 755/1549/37
f 773/1598/38 754/1546/38 771/1593/38
f 743/1525/6 776/1604/6 775/1602/6
f 745/1529/6 771/1594/6 778/1607/6
f 777/1605/1 775/1601/1 776/1603/1
f 775/1602/13 791/1641/13 793/1645/13
f 744/1526/3 793/1646/3 791/1639/3
f 792/1643/6 744/1526/6 791/1639/6
f 746/1530/1 792/1643/1 790/1638/1
f 741/1519/5 790/1638/5 793/1644/5
f 746/1530/4 744/1527/4 750/1538/4
f 813/1686/6 833/1733/6 835/1738/6
f 815/1690/6 809/1677/6 834/1735/6
f 819/1699/13 811/1682/13 823/1708/13
f 822/1706/13 814/1689/13 820/1701/13
f 817/1694/3 846/1752/3 794/1647/3
f 818/1696/3 809/1678/3 797/1655/3
f 816/1693/5 803/1666/5 817/1695/5
f 811/1681/34 824/1712/34 825/1715/34
f 816/1693/39 849/1759/39 847/1755/39
f 798/1657/3 820/1702/3 819/1698/3
f 801/1663/5 822/1707/5 820/1702/5
f 810/1680/1 822/1707/1 807/1673/1
f 798/1658/6 823/1709/6 812/1683/6
f 810/1680/4 807/1673/4 801/1664/4
f 812/1685/12 821/1705/12 810/1679/12
f 795/1650/3 825/1716/3 824/1711/3
f 808/1674/5 826/1718/5 828/1721/5
f 800/1662/1 826/1718/1 805/1669/1
f 795/1651/6 827/1720/6 800/1662/6
f 806/1671/4 795/1649/4 800/1662/4
f 806/1672/35 828/1723/35 825/1714/35
f 813/1687/15 852/1768/15 853/1771/15
f 817/1695/36 851/1767/36 854/1773/36
f 803/1667/1 814/1689/1 813/1687/1
f 853/1772/3 796/1652/3 851/1764/3
f 804/1668/5 853/1772/5 852/1770/5
f 802/1665/1 852/1770/1 854/1774/1
f 796/1653/6 854/1774/6 851/1765/6
f 802/1665/2 799/1661/2 804/1668/2
f 865/1805/4 1099/2273/4 1102/2280/4
f 877/1832/5 1102/2282/5 1101/2277/5
f 1100/2275/2 877/1831/2 1101/2278/2
f 859/1788/6 1100/2276/6 1099/2271/6
f 877/1832/3 859/1789/3 865/1804/3
f 864/1802/4 1105/2291/4 1106/2292/4
f 873/1823/5 1106/2294/5 1103/2283/5
f 1104/2287/2 873/1822/2 1103/2284/2
f 858/1785/6 1104/2288/6 1105/2289/6
f 873/1823/3 858/1786/3 864/1801/3
f 857/1781/4 1108/2300/4 1110/2304/4
f 863/1799/5 1109/2302/5 1108/2298/5
f 867/1809/2 1109/2303/2 869/1813/2
f 857/1782/6 1107/2297/6 867/1810/6
f 863/1800/1 867/1810/1 869/1813/1
f 856/1778/4 1114/2318/4 1111/2307/4
f 860/1791/5 1113/2314/5 1114/2316/5
f 862/1796/2 1113/2315/2 866/1807/2
f 856/1779/6 1112/2312/6 862/1797/6
f 860/1792/1 862/1797/1 866/1807/1
f 1212/2466/48 1213/2469/48 1211/2463/48
f 1214/2471/49 1215/2473/49 1213/2469/49
f 1216/2475/50 1217/2477/50 1215/2473/50
f 1218/2479/51 1219/2481/51 1217/2477/51
f 1220/2483/52 1221/2485/52 1219/2481/52
f 1222/2487/53 1223/2489/53 1221/2485/53
f 1224/2491/120 1225/2493/120 1223/2489/120
f 1226/2495/121 1227/2497/121 1225/2493/121
f 1228/2499/122 1229/2501/122 1227/2497/122
f 1230/2503/123 1231/2505/123 1229/2501/123
f 1231/2505/124 1234/2511/124 1233/2509/124
f 1234/2511/59 1235/2513/59 1233/2509/59
f 1235/2513/83 1238/2519/83 1237/2517/83
f 1238/2519/61 1239/2521/61 1237/2517/61
f 1239/2521/62 1242/2527/62 1241/2525/62
f 1241/2525/63 1244/2531/63 1243/2529/63
f 1243/2529/64 1246/2535/64 1245/2533/64
f 1245/2533/65 1248/2539/65 1247/2537/65
f 1248/2539/66 1249/2541/66 1247/2537/66
f 1249/2541/67 1252/2547/67 1251/2545/67
f 1252/2547/68 1253/2549/68 1251/2545/68
f 1253/2549/69 1256/2555/69 1255/2553/69
f 1256/2555/125 1257/2557/125 1255/2553/125
f 1258/2559/126 1259/2561/126 1257/2557/126
f 1260/2563/127 1261/2565/127 1259/2561/127
f 1262/2567/128 1263/2569/128 1261/2565/128
f 1264/2571/74 1265/2573/74 1263/2569/74
f 1266/2575/86 1267/2577/86 1265/2573/86
f 1268/2579/76 1269/2581/76 1267/2577/76
f 1270/2583/77 1271/2585/77 1269/2581/77
f 1281/2605/5 1277/2597/5 1258/2560/5
f 1302/2648/5 1224/2492/5 1303/2650/5
f 1272/2588/78 1273/2589/78 1271/2585/78
f 1274/2592/79 1211/2464/79 1273/2589/79
f 1314/2673/6 1312/2670/6 1215/2474/6
f 1332/2709/6 1251/2546/6 1330/2705/6
f 1340/2726/48 1341/2729/48 1339/2723/48
f 1342/2731/49 1343/2733/49 1341/2729/49
f 1344/2735/50 1345/2737/50 1343/2733/50
f 1346/2739/51 1347/2741/51 1345/2737/51
f 1348/2743/52 1349/2745/52 1347/2741/52
f 1350/2747/53 1351/2749/53 1349/2745/53
f 1352/2751/120 1353/2753/120 1351/2749/120
f 1354/2755/121 1355/2757/121 1353/2753/121
f 1356/2759/122 1357/2761/122 1355/2757/122
f 1358/2763/123 1359/2765/123 1357/2761/123
f 1359/2765/124 1362/2771/124 1361/2769/124
f 1362/2771/59 1363/2773/59 1361/2769/59
f 1363/2773/83 1366/2779/83 1365/2777/83
f 1366/2779/61 1367/2781/61 1365/2777/61
f 1367/2781/62 1370/2787/62 1369/2785/62
f 1369/2785/63 1372/2791/63 1371/2789/63
f 1371/2789/64 1374/2795/64 1373/2793/64
f 1373/2793/65 1376/2799/65 1375/2797/65
f 1376/2799/66 1377/2801/66 1375/2797/66
f 1377/2801/67 1380/2807/67 1379/2805/67
f 1380/2807/68 1381/2809/68 1379/2805/68
f 1381/2809/69 1384/2815/69 1383/2813/69
f 1384/2815/125 1385/2817/125 1383/2813/125
f 1386/2819/126 1387/2821/126 1385/2817/126
f 1388/2823/127 1389/2825/127 1387/2821/127
f 1390/2827/128 1391/2829/128 1389/2825/128
f 1392/2831/74 1393/2833/74 1391/2829/74
f 1394/2835/86 1395/2837/86 1393/2833/86
f 1396/2839/76 1397/2841/76 1395/2837/76
f 1398/2843/77 1399/2845/77 1397/2841/77
f 1409/2865/5 1405/2857/5 1386/2820/5
f 1430/2908/5 1352/2752/5 1431/2910/5
f 1400/2848/78 1401/2849/78 1399/2845/78
f 1402/2852/79 1339/2724/79 1401/2849/79
f 1442/2933/6 1440/2930/6 1343/2734/6
f 1460/2969/6 1379/2806/6 1458/2965/6
f 1475/3003/1 1612/3278/1 1613/3279/1
f 1482/3017/5 1614/3283/5 1612/3278/5
f 1614/3283/3 1487/3026/3 1615/3284/3
f 1487/3026/6 1613/3281/6 1615/3284/6
f 1482/3018/2 1487/3026/2 1490/3031/2
f 1472/2997/1 1616/3287/1 1617/3288/1
f 1486/3025/5 1616/3287/5 1476/3006/5
f 1486/3025/3 1618/3292/3 1619/3294/3
f 1483/3019/6 1617/3290/6 1618/3292/6
f 1476/3007/2 1483/3019/2 1486/3025/2
f 1469/2989/1 1622/3301/1 1474/3002/1
f 1474/3002/5 1620/3296/5 1481/3016/5
f 1478/3009/3 1620/3296/3 1623/3303/3
f 1469/2990/6 1623/3303/6 1621/3297/6
f 1481/3016/4 1469/2991/4 1474/3001/4
f 1470/2993/1 1624/3306/1 1625/3308/1
f 1470/2993/5 1627/3312/5 1477/3008/5
f 1626/3310/3 1477/3008/3 1627/3312/3
f 1468/2987/6 1626/3310/6 1624/3304/6
f 1477/3008/4 1468/2988/4 1470/2992/4
f 1629/3316/64 1630/3319/64 1628/3313/64
f 1630/3319/65 1633/3325/65 1632/3323/65
f 1632/3323/66 1635/3329/66 1634/3327/66
f 1634/3327/67 1637/3333/67 1636/3331/67
f 1636/3331/68 1639/3337/68 1638/3335/68
f 1638/3335/69 1641/3341/69 1640/3339/69
f 1640/3339/125 1643/3345/125 1642/3343/125
f 1642/3343/126 1645/3349/126 1644/3347/126
f 1644/3347/127 1647/3353/127 1646/3351/127
f 1646/3351/128 1649/3357/128 1648/3355/128
f 1648/3355/74 1651/3361/74 1650/3359/74
f 1650/3359/86 1653/3365/86 1652/3363/86
f 1652/3363/76 1655/3369/76 1654/3367/76
f 1654/3367/77 1657/3373/77 1656/3371/77
f 1656/3371/78 1659/3377/78 1658/3375/78
f 1659/3377/79 1660/3379/79 1658/3375/79
f 1661/3381/48 1662/3383/48 1660/3379/48
f 1663/3385/49 1664/3387/49 1662/3383/49
f 1665/3389/50 1666/3391/50 1664/3387/50
f 1667/3393/51 1668/3395/51 1666/3391/51
f 1669/3397/52 1670/3399/52 1668/3395/52
f 1671/3401/53 1672/3403/53 1670/3399/53
f 1673/3405/120 1674/3407/120 1672/3403/120
f 1675/3409/121 1676/3411/121 1674/3407/121
f 1677/3413/122 1678/3415/122 1676/3411/122
f 1679/3417/123 1680/3419/123 1678/3415/123
f 1681/3421/124 1682/3423/124 1680/3419/124
f 1683/3425/59 1684/3427/59 1682/3423/59
f 1685/3429/83 1686/3431/83 1684/3427/83
f 1687/3433/61 1688/3435/61 1686/3431/61
f 1694/3448/5 1692/3443/5 1677/3414/5
f 1715/3490/5 1717/3494/5 1637/3334/5
f 1689/3438/62 1690/3439/62 1688/3435/62
f 1691/3442/63 1628/3314/63 1690/3439/63
f 1632/3324/6 1727/3514/6 1729/3518/6
f 1754/3569/6 1748/3557/6 1664/3388/6
f 2097/4202/1 1776/3614/1 2098/4204/1
f 1764/3591/1 2102/4214/1 1775/3613/1
f 1776/3614/6 2099/4207/6 2098/4204/6
f 1775/3613/6 2103/4216/6 1785/3630/6
f 1787/3633/3 2100/4209/3 2099/4207/3
f 1780/3620/3 2103/4216/3 2104/4218/3
f 1783/3627/5 2097/4203/5 2100/4209/5
f 1764/3592/5 2104/4218/5 2101/4210/5
f 1785/3630/2 1764/3593/2 1775/3612/2
f 1776/3615/4 1783/3627/4 1787/3633/4
f 1769/3601/1 2105/4220/1 1761/3585/1
f 1759/3580/1 2109/4229/1 1768/3600/1
f 1769/3601/6 2108/4227/6 2106/4223/6
f 1768/3600/6 2112/4236/6 1777/3616/6
f 1779/3619/3 2107/4225/3 2108/4227/3
f 1773/3610/3 2112/4236/3 2111/4234/3
f 1774/3611/5 2105/4221/5 2107/4225/5
f 1759/3581/5 2111/4234/5 2110/4230/5
f 1777/3616/2 1759/3582/2 1768/3599/2
f 1769/3602/4 1774/3611/4 1779/3619/4
f 1758/3577/1 2114/4241/1 1763/3590/1
f 1763/3590/6 2115/4243/6 1770/3603/6
f 1767/3598/3 2115/4243/3 2116/4245/3
f 1758/3578/5 2116/4245/5 2113/4237/5
f 1770/3603/2 1758/3579/2 1763/3589/2
f 1757/3574/1 2118/4250/1 1760/3584/1
f 1760/3584/6 2120/4254/6 1765/3594/6
f 1762/3588/3 2120/4254/3 2119/4252/3
f 1757/3575/5 2119/4252/5 2117/4246/5
f 1765/3594/2 1757/3576/2 1760/3583/2
f 2130/4266/64 2131/4269/64 2129/4263/64
f 2132/4271/65 2133/4273/65 2131/4269/65
f 2134/4275/66 2135/4277/66 2133/4273/66
f 2136/4279/67 2137/4281/67 2135/4277/67
f 2138/4283/68 2139/4285/68 2137/4281/68
f 2139/4285/69 2142/4291/69 2141/4289/69
f 2142/4291/125 2143/4293/125 2141/4289/125
f 2143/4293/126 2146/4299/126 2145/4297/126
f 2145/4297/127 2148/4303/127 2147/4301/127
f 2148/4303/128 2149/4305/128 2147/4301/128
f 2149/4305/74 2152/4311/74 2151/4309/74
f 2152/4311/86 2153/4313/86 2151/4309/86
f 2154/4315/76 2155/4317/76 2153/4313/76
f 2156/4319/77 2157/4321/77 2155/4317/77
f 2158/4323/78 2159/4325/78 2157/4321/78
f 2160/4327/79 2161/4329/79 2159/4325/79
f 2162/4331/48 2163/4333/48 2161/4329/48
f 2164/4335/49 2165/4337/49 2163/4333/49
f 2166/4339/50 2167/4341/50 2165/4337/50
f 2168/4343/51 2169/4345/51 2167/4341/51
f 2170/4347/52 2171/4349/52 2169/4345/52
f 2172/4351/53 2173/4353/53 2171/4349/53
f 2174/4355/120 2175/4357/120 2173/4353/120
f 2176/4359/121 2177/4361/121 2175/4357/121
f 2178/4363/122 2179/4365/122 2177/4361/122
f 2180/4367/123 2181/4369/123 2179/4365/123
f 2182/4371/124 2183/4373/124 2181/4369/124
f 2184/4375/59 2185/4377/59 2183/4373/59
f 2186/4379/83 2187/4381/83 2185/4377/83
f 2188/4383/61 2189/4385/61 2187/4381/61
f 2204/4415/5 2209/4426/5 2190/4387/5
f 2215/4438/5 2211/4430/5 2158/4324/5
f 2190/4388/62 2191/4389/62 2189/4385/62
f 2192/4392/63 2129/4264/63 2191/4389/63
f 2232/4473/6 2230/4469/6 2133/4274/6
f 2251/4511/6 2169/4346/6 2248/4505/6
f 2258/4526/64 2259/4529/64 2257/4523/64
f 2260/4531/65 2261/4533/65 2259/4529/65
f 2262/4535/66 2263/4537/66 2261/4533/66
f 2264/4539/67 2265/4541/67 2263/4537/67
f 2266/4543/68 2267/4545/68 2265/4541/68
f 2267/4545/69 2270/4551/69 2269/4549/69
f 2270/4551/125 2271/4553/125 2269/4549/125
f 2271/4553/126 2274/4559/126 2273/4557/126
f 2273/4557/127 2276/4563/127 2275/4561/127
f 2276/4563/128 2277/4565/128 2275/4561/128
f 2277/4565/74 2280/4571/74 2279/4569/74
f 2280/4571/86 2281/4573/86 2279/4569/86
f 2282/4575/76 2283/4577/76 2281/4573/76
f 2284/4579/77 2285/4581/77 2283/4577/77
f 2286/4583/78 2287/4585/78 2285/4581/78
f 2288/4587/79 2289/4589/79 2287/4585/79
f 2290/4591/48 2291/4593/48 2289/4589/48
f 2292/4595/49 2293/4597/49 2291/4593/49
f 2293/4597/50 2296/4603/50 2295/4601/50
f 2295/4601/51 2298/4607/51 2297/4605/51
f 2298/4607/52 2299/4609/52 2297/4605/52
f 2300/4611/53 2301/4613/53 2299/4609/53
f 2302/4615/120 2303/4617/120 2301/4613/120
f 2304/4619/121 2305/4621/121 2303/4617/121
f 2306/4623/122 2307/4625/122 2305/4621/122
f 2308/4627/123 2309/4629/123 2307/4625/123
f 2310/4631/124 2311/4633/124 2309/4629/124
f 2312/4635/59 2313/4637/59 2311/4633/59
f 2314/4639/83 2315/4641/83 2313/4637/83
f 2316/4643/61 2317/4645/61 2315/4641/61
f 2332/4675/5 2337/4686/5 2318/4647/5
f 2343/4698/5 2339/4690/5 2286/4584/5
f 2318/4648/62 2319/4649/62 2317/4645/62
f 2320/4652/63 2257/4524/63 2319/4649/63
f 2360/4733/6 2358/4729/6 2261/4534/6
f 2379/4771/6 2297/4606/6 2376/4765/6
f 2386/4786/64 2387/4789/64 2385/4783/64
f 2388/4791/65 2389/4793/65 2387/4789/65
f 2390/4795/66 2391/4797/66 2389/4793/66
f 2392/4799/67 2393/4801/67 2391/4797/67
f 2394/4803/68 2395/4805/68 2393/4801/68
f 2395/4805/69 2398/4811/69 2397/4809/69
f 2398/4811/125 2399/4813/125 2397/4809/125
f 2399/4813/126 2402/4819/126 2401/4817/126
f 2401/4817/127 2404/4823/127 2403/4821/127
f 2404/4823/128 2405/4825/128 2403/4821/128
f 2405/4825/74 2408/4831/74 2407/4829/74
f 2408/4831/86 2409/4833/86 2407/4829/86
f 2410/4835/76 2411/4837/76 2409/4833/76
f 2412/4839/77 2413/4841/77 2411/4837/77
f 2414/4843/78 2415/4845/78 2413/4841/78
f 2416/4847/79 2417/4849/79 2415/4845/79
f 2418/4851/48 2419/4853/48 2417/4849/48
f 2420/4855/49 2421/4857/49 2419/4853/49
f 2422/4859/50 2423/4861/50 2421/4857/50
f 2424/4863/51 2425/4865/51 2423/4861/51
f 2426/4867/52 2427/4869/52 2425/4865/52
f 2428/4871/53 2429/4873/53 2427/4869/53
f 2430/4875/120 2431/4877/120 2429/4873/120
f 2432/4879/121 2433/4881/121 2431/4877/121
f 2434/4883/122 2435/4885/122 2433/4881/122
f 2436/4887/123 2437/4889/123 2435/4885/123
f 2438/4891/124 2439/4893/124 2437/4889/124
f 2440/4895/59 2441/4897/59 2439/4893/59
f 2442/4899/83 2443/4901/83 2441/4897/83
f 2444/4903/61 2445/4905/61 2443/4901/61
f 2460/4935/5 2465/4946/5 2446/4907/5
f 2471/4958/5 2467/4950/5 2414/4844/5
f 2446/4908/62 2447/4909/62 2445/4905/62
f 2448/4912/63 2385/4784/63 2447/4909/63
f 2488/4993/6 2486/4989/6 2389/4794/6
f 2507/5031/6 2425/4866/6 2504/5025/6
f 2514/5046/64 2515/5049/64 2513/5043/64
f 2516/5051/65 2517/5053/65 2515/5049/65
f 2518/5055/66 2519/5057/66 2517/5053/66
f 2520/5059/67 2521/5061/67 2519/5057/67
f 2522/5063/68 2523/5065/68 2521/5061/68
f 2523/5065/69 2526/5071/69 2525/5069/69
f 2526/5071/125 2527/5073/125 2525/5069/125
f 2527/5073/126 2530/5079/126 2529/5077/126
f 2529/5077/127 2532/5083/127 2531/5081/127
f 2532/5083/128 2533/5085/128 2531/5081/128
f 2533/5085/74 2536/5091/74 2535/5089/74
f 2536/5091/86 2537/5093/86 2535/5089/86
f 2538/5095/76 2539/5097/76 2537/5093/76
f 2540/5099/77 2541/5101/77 2539/5097/77
f 2542/5103/78 2543/5105/78 2541/5101/78
f 2544/5107/79 2545/5109/79 2543/5105/79
f 2546/5111/48 2547/5113/48 2545/5109/48
f 2548/5115/49 2549/5117/49 2547/5113/49
f 2549/5117/50 2552/5123/50 2551/5121/50
f 2551/5121/51 2554/5127/51 2553/5125/51
f 2554/5127/52 2555/5129/52 2553/5125/52
f 2556/5131/53 2557/5133/53 2555/5129/53
f 2558/5135/120 2559/5137/120 2557/5133/120
f 2560/5139/121 2561/5141/121 2559/5137/121
f 2562/5143/122 2563/5145/122 2561/5141/122
f 2564/5147/123 2565/5149/123 2563/5145/123
f 2566/5151/124 2567/5153/124 2565/5149/124
f 2568/5155/59 2569/5157/59 2567/5153/59
f 2570/5159/83 2571/5161/83 2569/5157/83
f 2572/5163/61 2573/5165/61 2571/5161/61
f 2588/5195/5 2593/5206/5 2574/5167/5
f 2599/5218/5 2595/5210/5 2542/5104/5
f 2574/5168/62 2575/5169/62 2573/5165/62
f 2576/5172/63 2513/5044/63 2575/5169/63
f 2616/5253/6 2614/5249/6 2517/5054/6
f 2635/5291/6 2553/5126/6 2632/5285/6
f 2642/5306/48 2643/5309/48 2641/5303/48
f 2644/5311/49 2645/5313/49 2643/5309/49
f 2646/5315/50 2647/5317/50 2645/5313/50
f 2648/5319/51 2649/5321/51 2647/5317/51
f 2650/5323/52 2651/5325/52 2649/5321/52
f 2652/5327/53 2653/5329/53 2651/5325/53
f 2654/5331/120 2655/5333/120 2653/5329/120
f 2656/5335/121 2657/5337/121 2655/5333/121
f 2658/5339/122 2659/5341/122 2657/5337/122
f 2660/5343/123 2661/5345/123 2659/5341/123
f 2661/5345/124 2664/5351/124 2663/5349/124
f 2664/5351/59 2665/5353/59 2663/5349/59
f 2665/5353/83 2668/5359/83 2667/5357/83
f 2668/5359/61 2669/5361/61 2667/5357/61
f 2669/5361/62 2672/5367/62 2671/5365/62
f 2671/5365/63 2674/5371/63 2673/5369/63
f 2673/5369/64 2676/5375/64 2675/5373/64
f 2675/5373/65 2678/5379/65 2677/5377/65
f 2678/5379/66 2679/5381/66 2677/5377/66
f 2679/5381/67 2682/5387/67 2681/5385/67
f 2682/5387/68 2683/5389/68 2681/5385/68
f 2683/5389/69 2686/5395/69 2685/5393/69
f 2686/5395/125 2687/5397/125 2685/5393/125
f 2688/5399/126 2689/5401/126 2687/5397/126
f 2690/5403/127 2691/5405/127 2689/5401/127
f 2692/5407/128 2693/5409/128 2691/5405/128
f 2694/5411/74 2695/5413/74 2693/5409/74
f 2696/5415/86 2697/5417/86 2695/5413/86
f 2698/5419/76 2699/5421/76 2697/5417/76
f 2700/5423/77 2701/5425/77 2699/5421/77
f 2718/5460/5 2715/5453/5 2702/5427/5
f 2725/5474/5 2726/5476/5 2670/5364/5
f 2702/5428/78 2703/5429/78 2701/5425/78
f 2704/5432/79 2641/5304/79 2703/5429/79
f 2761/5547/6 2757/5539/6 2691/5406/6
f 2751/5527/6 2748/5521/6 2657/5338/6
f 2770/5566/48 2771/5569/48 2769/5563/48
f 2772/5571/49 2773/5573/49 2771/5569/49
f 2774/5575/50 2775/5577/50 2773/5573/50
f 2776/5579/51 2777/5581/51 2775/5577/51
f 2778/5583/52 2779/5585/52 2777/5581/52
f 2780/5587/53 2781/5589/53 2779/5585/53
f 2782/5591/120 2783/5593/120 2781/5589/120
f 2784/5595/121 2785/5597/121 2783/5593/121
f 2786/5599/122 2787/5601/122 2785/5597/122
f 2788/5603/123 2789/5605/123 2787/5601/123
f 2789/5605/124 2792/5611/124 2791/5609/124
f 2792/5611/59 2793/5613/59 2791/5609/59
f 2793/5613/83 2796/5619/83 2795/5617/83
f 2796/5619/61 2797/5621/61 2795/5617/61
f 2797/5621/62 2800/5627/62 2799/5625/62
f 2799/5625/63 2802/5631/63 2801/5629/63
f 2801/5629/64 2804/5635/64 2803/5633/64
f 2803/5633/65 2806/5639/65 2805/5637/65
f 2806/5639/66 2807/5641/66 2805/5637/66
f 2807/5641/67 2810/5647/67 2809/5645/67
f 2810/5647/68 2811/5649/68 2809/5645/68
f 2811/5649/69 2814/5655/69 2813/5653/69
f 2814/5655/125 2815/5657/125 2813/5653/125
f 2816/5659/126 2817/5661/126 2815/5657/126
f 2818/5663/127 2819/5665/127 2817/5661/127
f 2820/5667/128 2821/5669/128 2819/5665/128
f 2822/5671/74 2823/5673/74 2821/5669/74
f 2824/5675/86 2825/5677/86 2823/5673/86
f 2826/5679/76 2827/5681/76 2825/5677/76
f 2828/5683/77 2829/5685/77 2827/5681/77
f 2846/5720/5 2843/5713/5 2830/5687/5
f 2853/5734/5 2854/5736/5 2798/5624/5
f 2830/5688/78 2831/5689/78 2829/5685/78
f 2832/5692/79 2769/5564/79 2831/5689/79
f 2889/5807/6 2885/5799/6 2819/5666/6
f 2879/5787/6 2876/5781/6 2785/5598/6
f 3118/6326/4 2897/5823/4 3117/6322/4
f 2919/5882/6 3118/6327/6 3119/6328/6
f 2914/5870/2 3119/6330/2 3116/6319/2
f 2897/5824/5 3116/6321/5 3117/6323/5
f 2919/5882/1 2897/5825/1 2909/5856/1
f 3123/6341/4 2899/5829/4 3120/6331/4
f 2915/5872/6 3123/6342/6 3122/6337/6
f 2910/5860/2 3122/6339/2 3121/6334/2
f 2899/5830/5 3121/6336/5 3120/6332/5
f 2915/5872/1 2899/5831/1 2906/5849/1
f 3125/6347/4 2903/5841/4 3127/6352/4
f 2903/5842/6 3124/6345/6 3127/6353/6
f 2911/5862/2 3126/6350/2 3124/6343/2
f 2900/5833/5 3126/6351/5 2908/5855/5
f 2903/5843/3 2908/5855/3 2911/5862/3
f 3128/6356/4 2901/5835/4 3131/6364/4
f 2901/5836/6 3130/6363/6 3131/6365/6
f 2907/5853/2 3129/6359/2 3130/6361/2
f 2898/5827/5 3129/6360/5 2905/5848/5
f 2901/5837/3 2905/5848/3 2907/5853/3
f 3133/6370/79 3134/6373/79 3132/6367/79
f 3135/6375/78 3136/6377/78 3134/6373/78
f 3137/6379/77 3138/6381/77 3136/6377/77
f 3139/6383/76 3140/6385/76 3138/6381/76
f 3141/6387/86 3142/6389/86 3140/6385/86
f 3143/6391/74 3144/6393/74 3142/6389/74
f 3145/6395/128 3146/6397/128 3144/6393/128
f 3147/6399/127 3148/6401/127 3146/6397/127
f 3149/6403/126 3150/6405/126 3148/6401/126
f 3151/6407/125 3152/6409/125 3150/6405/125
f 3153/6411/69 3154/6413/69 3152/6409/69
f 3155/6415/68 3156/6417/68 3154/6413/68
f 3157/6419/67 3158/6421/67 3156/6417/67
f 3159/6423/66 3160/6425/66 3158/6421/66
f 3161/6427/65 3162/6429/65 3160/6425/65
f 3163/6431/64 3164/6433/64 3162/6429/64
f 3165/6435/63 3166/6437/63 3164/6433/63
f 3167/6439/62 3168/6441/62 3166/6437/62
f 3169/6443/61 3170/6445/61 3168/6441/61
f 3171/6447/83 3172/6449/83 3170/6445/83
f 3173/6451/59 3174/6453/59 3172/6449/59
f 3175/6455/124 3176/6457/124 3174/6453/124
f 3177/6459/123 3178/6461/123 3176/6457/123
f 3179/6463/122 3180/6465/122 3178/6461/122
f 3181/6467/121 3182/6469/121 3180/6465/121
f 3183/6471/120 3184/6473/120 3182/6469/120
f 3185/6475/53 3186/6477/53 3184/6473/53
f 3187/6479/52 3188/6481/52 3186/6477/52
f 3189/6483/51 3190/6485/51 3188/6481/51
f 3191/6487/50 3192/6489/50 3190/6485/50
f 3210/6526/6 3204/6513/6 3189/6484/6
f 3217/6540/6 3215/6536/6 3161/6428/6
f 3193/6492/49 3194/6493/49 3192/6489/49
f 3195/6496/48 3132/6368/48 3194/6493/48
f 3252/6611/5 3248/6603/5 3182/6470/5
f 3242/6591/5 3239/6585/5 3148/6402/5
f 3261/6630/79 3262/6633/79 3260/6627/79
f 3263/6635/78 3264/6637/78 3262/6633/78
f 3265/6639/77 3266/6641/77 3264/6637/77
f 3267/6643/76 3268/6645/76 3266/6641/76
f 3269/6647/86 3270/6649/86 3268/6645/86
f 3271/6651/74 3272/6653/74 3270/6649/74
f 3273/6655/128 3274/6657/128 3272/6653/128
f 3275/6659/127 3276/6661/127 3274/6657/127
f 3277/6663/126 3278/6665/126 3276/6661/126
f 3279/6667/125 3280/6669/125 3278/6665/125
f 3281/6671/69 3282/6673/69 3280/6669/69
f 3283/6675/68 3284/6677/68 3282/6673/68
f 3285/6679/67 3286/6681/67 3284/6677/67
f 3287/6683/66 3288/6685/66 3286/6681/66
f 3289/6687/65 3290/6689/65 3288/6685/65
f 3291/6691/64 3292/6693/64 3290/6689/64
f 3293/6695/63 3294/6697/63 3292/6693/63
f 3295/6699/62 3296/6701/62 3294/6697/62
f 3297/6703/61 3298/6705/61 3296/6701/61
f 3299/6707/83 3300/6709/83 3298/6705/83
f 3301/6711/59 3302/6713/59 3300/6709/59
f 3303/6715/124 3304/6717/124 3302/6713/124
f 3305/6719/123 3306/6721/123 3304/6717/123
f 3307/6723/122 3308/6725/122 3306/6721/122
f 3309/6727/121 3310/6729/121 3308/6725/121
f 3311/6731/120 3312/6733/120 3310/6729/120
f 3313/6735/53 3314/6737/53 3312/6733/53
f 3315/6739/52 3316/6741/52 3314/6737/52
f 3317/6743/51 3318/6745/51 3316/6741/51
f 3319/6747/50 3320/6749/50 3318/6745/50
f 3338/6786/6 3332/6773/6 3317/6744/6
f 3345/6800/6 3343/6796/6 3289/6688/6
f 3321/6752/49 3322/6753/49 3320/6749/49
f 3323/6756/48 3260/6628/48 3322/6753/48
f 3380/6871/5 3376/6863/5 3310/6730/5
f 3370/6851/5 3367/6845/5 3276/6662/5
f 3392/6898/3 3602/7332/3 3603/7333/3
f 3404/6927/5 3601/7329/5 3602/7330/5
f 3411/6944/1 3604/7337/1 3601/7327/1
f 3392/6899/6 3604/7338/6 3406/6931/6
f 3411/6945/4 3392/6900/4 3406/6932/4
f 3395/6905/3 3605/7341/3 3606/7342/3
f 3399/6915/5 3608/7350/5 3605/7339/5
f 3407/6934/1 3607/7346/1 3608/7348/1
f 3395/6906/6 3607/7347/6 3403/6924/6
f 3407/6935/4 3395/6907/4 3403/6925/4
f 3390/6893/3 3610/7355/3 3393/6902/3
f 3402/6923/5 3610/7356/5 3611/7357/5
f 3397/6911/1 3611/7359/1 3612/7360/1
f 3390/6894/6 3612/7362/6 3609/7351/6
f 3402/6923/2 3390/6895/2 3393/6901/2
f 3389/6891/3 3614/7367/3 3391/6897/3
f 3398/6913/5 3614/7368/5 3616/7372/5
f 3398/6913/1 3615/7370/1 3394/6903/1
f 3394/6903/6 3613/7365/6 3389/6890/6
f 3398/6913/2 3389/6892/2 3391/6896/2
f 195/322/1 193/316/1 70/113/1
f 59/92/1 69/112/1 194/320/1
f 69/112/1 191/311/1 194/320/1
f 195/322/1 70/113/1 62/99/1
f 59/92/1 194/320/1 195/322/1
f 192/314/1 190/309/1 70/113/1
f 190/309/1 191/311/1 69/112/1
f 70/113/1 190/309/1 69/112/1
f 72/118/2 68/110/2 62/99/2
f 66/107/3 68/110/3 84/140/3
f 59/94/4 66/107/4 77/128/4
f 68/110/5 66/107/5 59/93/5
f 140/229/6 141/232/6 73/120/6
f 69/111/6 79/131/6 139/228/6
f 69/111/6 139/228/6 138/226/6
f 140/229/6 73/120/6 70/114/6
f 69/111/6 138/226/6 140/229/6
f 197/329/6 199/333/6 61/97/6
f 61/97/6 73/120/6 141/232/6
f 196/325/6 139/228/6 57/89/6
f 139/228/6 79/131/6 57/89/6
f 57/89/6 79/131/6 58/90/6
f 82/137/6 89/149/6 58/90/6
f 58/90/6 65/105/6 83/138/6
f 65/105/6 74/122/6 83/138/6
f 80/134/6 81/136/6 76/126/6
f 73/120/6 61/97/6 88/148/6
f 91/152/6 81/136/6 67/108/6
f 67/108/6 60/95/6 91/152/6
f 60/95/6 88/148/6 91/152/6
f 201/337/6 198/331/6 57/89/6
f 88/148/6 61/97/6 200/335/6
f 61/97/6 199/333/6 200/335/6
f 201/337/6 57/89/6 89/149/6
f 88/148/6 200/335/6 201/337/6
f 90/150/6 93/154/6 76/126/6
f 93/154/6 75/124/6 76/126/6
f 76/126/6 81/136/6 92/153/6
f 82/137/6 74/122/6 90/150/6
f 88/148/6 89/149/6 76/126/6
f 89/149/6 82/137/6 76/126/6
f 76/126/6 92/153/6 88/148/6
f 114/184/6 116/188/6 72/117/6
f 71/115/6 73/119/6 114/184/6
f 73/119/6 115/185/6 114/184/6
f 117/189/6 115/185/6 60/96/6
f 115/185/6 73/119/6 60/96/6
f 60/96/6 67/109/6 117/189/6
f 67/109/6 86/144/6 117/189/6
f 72/117/6 116/188/6 86/144/6
f 80/135/6 63/100/6 86/144/6
f 75/125/1 90/151/1 63/100/1
f 90/151/6 74/123/6 64/102/6
f 63/100/6 90/151/6 64/102/6
f 87/145/6 65/106/6 189/307/6
f 65/106/6 58/91/6 186/302/6
f 58/91/6 79/132/6 186/302/6
f 78/129/6 77/127/6 188/305/6
f 65/106/6 87/145/6 64/103/6
f 163/269/6 162/268/6 87/146/6
f 85/142/6 84/139/6 165/273/6
f 163/269/6 87/146/6 85/142/6
f 164/271/6 165/273/6 84/139/6
f 86/143/6 63/101/6 164/271/6
f 63/101/6 64/104/6 164/271/6
f 64/104/6 87/146/6 162/268/6
f 164/271/6 84/139/6 86/143/6
f 100/167/2 98/162/2 36/57/2
f 111/180/1 108/177/1 56/88/1
f 111/180/2 55/87/2 36/57/2
f 97/161/1 96/160/1 49/78/1
f 94/155/6 96/160/6 97/161/6
f 94/156/3 95/159/3 42/66/3
f 95/159/4 97/161/4 54/86/4
f 96/160/2 94/157/2 27/44/2
f 98/163/6 100/167/6 101/168/6
f 98/164/3 99/166/3 52/83/3
f 99/166/4 101/168/4 56/88/4
f 101/168/1 100/167/1 55/87/1
f 120/196/3 121/199/3 51/82/3
f 124/206/3 125/209/3 47/74/3
f 121/199/6 120/197/6 118/191/6
f 119/194/1 118/192/1 44/68/1
f 121/200/4 119/195/4 53/84/4
f 118/193/2 120/198/2 31/50/2
f 125/209/6 124/207/6 122/201/6
f 123/204/1 122/202/1 40/63/1
f 122/203/2 124/208/2 21/36/2
f 125/210/4 123/205/4 50/80/4
f 178/293/4 25/42/4 37/58/4
f 142/233/2 145/240/2 24/40/2
f 40/63/8 132/217/8 130/215/8
f 146/243/3 148/249/3 38/59/3
f 144/238/6 145/241/6 142/234/6
f 145/242/3 144/238/3 46/72/3
f 144/239/4 143/236/4 48/77/4
f 143/237/1 142/235/1 41/65/1
f 148/249/6 146/244/6 147/246/6
f 149/251/1 147/247/1 34/54/1
f 147/248/2 146/245/2 1/2/2
f 148/250/4 149/252/4 45/71/4
f 178/293/3 177/292/3 6/14/3
f 37/58/1 29/47/1 179/294/1
f 185/300/4 184/299/4 32/51/4
f 173/288/1 172/287/1 39/61/1
f 168/280/4 169/281/4 37/58/4
f 166/275/6 167/278/6 169/281/6
f 167/278/2 166/276/2 6/15/2
f 166/277/3 168/280/3 25/42/3
f 169/281/1 167/278/1 29/47/1
f 170/282/6 172/287/6 173/288/6
f 171/286/4 173/288/4 43/67/4
f 172/287/2 170/283/2 17/32/2
f 170/284/3 171/286/3 32/51/3
f 208/352/12 206/349/12 59/94/12
f 78/130/12 79/133/12 207/350/12
f 208/352/12 59/94/12 78/130/12
f 209/354/13 207/350/13 79/133/13
f 69/112/13 59/94/13 206/349/13
f 209/354/13 79/133/13 69/112/13
f 52/83/3 109/178/3 105/174/3
f 56/88/4 108/177/4 109/178/4
f 112/181/2 110/179/2 49/78/2
f 164/272/4 155/260/4 156/261/4
f 220/379/14 219/377/14 68/110/14
f 72/118/14 86/144/14 218/375/14
f 220/379/14 68/110/14 72/118/14
f 221/381/15 218/375/15 84/140/15
f 218/375/15 86/144/15 84/140/15
f 84/140/15 68/110/15 219/377/15
f 210/357/14 212/361/14 87/147/14
f 77/128/14 66/107/14 211/360/14
f 210/357/14 87/147/14 77/128/14
f 213/363/13 211/360/13 85/142/13
f 211/360/13 66/107/13 85/142/13
f 85/142/13 87/147/13 212/361/13
f 115/186/3 102/170/3 103/172/3
f 214/365/15 216/370/15 70/114/15
f 216/370/15 62/99/15 70/114/15
f 70/114/15 73/120/15 214/365/15
f 217/372/12 215/368/12 73/120/12
f 71/116/12 62/99/12 217/372/12
f 62/99/12 216/370/12 217/372/12
f 33/52/4 193/317/4 195/323/4
f 22/38/1 35/55/1 33/52/1
f 22/38/2 194/321/2 191/312/2
f 22/38/6 28/46/6 195/324/6
f 26/43/1 201/338/1 200/336/1
f 13/26/5 190/310/5 192/315/5
f 192/315/5 193/318/5 18/33/5
f 193/318/5 33/52/5 30/48/5
f 33/52/5 35/55/5 26/43/5
f 35/55/5 191/313/5 26/43/5
f 191/313/5 190/310/5 13/26/5
f 13/26/3 18/33/3 203/342/3
f 204/344/2 196/327/2 198/332/2
f 198/332/2 201/338/2 26/43/2
f 26/43/2 13/26/2 198/332/2
f 13/26/2 202/340/2 204/344/2
f 205/346/4 203/342/4 18/33/4
f 18/33/4 30/48/4 199/334/4
f 30/48/4 200/336/4 199/334/4
f 199/334/4 197/330/4 205/346/4
f 7/16/1 14/27/1 209/355/1
f 14/27/2 23/39/2 207/351/2
f 23/39/3 19/34/3 208/353/3
f 208/353/4 19/34/4 7/17/4
f 14/28/6 7/18/6 19/34/6
f 4/9/1 10/22/1 212/362/1
f 10/22/2 20/35/2 213/364/2
f 213/364/3 20/35/3 15/29/3
f 15/29/4 4/10/4 210/358/4
f 10/23/6 4/11/6 15/29/6
f 8/19/1 216/371/1 214/366/1
f 8/19/2 16/30/2 217/373/2
f 16/30/3 12/25/3 215/369/3
f 12/25/4 3/7/4 214/367/4
f 8/20/6 3/8/6 12/25/6
f 2/3/1 5/12/1 220/380/1
f 11/24/2 219/378/2 220/380/2
f 11/24/3 9/21/3 221/382/3
f 9/21/4 2/4/4 218/376/4
f 5/13/6 2/5/6 9/21/6
f 334/617/1 244/430/1 245/431/1
f 339/628/1 338/626/1 245/431/1
f 252/444/1 239/421/1 339/628/1
f 239/421/1 235/413/1 339/628/1
f 247/435/1 244/430/1 332/614/1
f 244/430/164 334/617/164 332/614/164
f 235/413/1 247/435/1 332/614/1
f 339/628/1 235/413/1 332/614/1
f 301/534/6 247/436/6 302/536/6
f 247/436/6 235/414/6 302/536/6
f 239/422/6 252/445/6 305/543/6
f 252/445/6 307/549/6 305/543/6
f 235/414/6 239/422/6 302/536/6
f 303/538/6 304/540/6 249/439/6
f 304/540/6 306/545/6 250/441/6
f 249/439/6 304/540/6 250/441/6
f 238/419/5 240/423/5 245/432/5
f 250/442/3 240/423/3 238/420/3
f 300/532/165 249/440/165 308/550/165
f 249/440/15 256/452/15 308/550/15
f 256/452/15 257/454/15 308/550/15
f 257/454/15 247/436/15 309/552/15
f 247/436/165 301/535/165 309/552/165
f 255/450/15 256/452/15 249/440/15
f 247/436/15 257/454/15 258/456/15
f 247/436/15 258/456/15 260/460/15
f 255/450/15 249/440/15 238/420/15
f 238/420/15 247/436/15 260/460/15
f 252/445/13 263/470/13 310/554/13
f 263/470/13 261/463/13 311/557/13
f 310/554/13 263/470/13 311/557/13
f 261/463/13 250/442/13 311/557/13
f 250/442/166 306/546/166 311/557/166
f 265/474/13 263/470/13 252/445/13
f 240/423/13 250/442/13 262/468/13
f 250/442/13 261/463/13 262/468/13
f 265/474/13 252/445/13 266/477/13
f 252/445/13 240/423/13 266/477/13
f 223/387/2 255/451/2 260/461/2
f 234/411/1 258/457/1 257/455/1
f 256/453/4 225/392/4 228/397/4
f 223/388/3 225/392/3 256/453/3
f 233/408/6 234/412/6 225/392/6
f 234/412/6 228/397/6 225/392/6
f 233/409/16 260/462/16 258/458/16
f 261/464/3 224/389/3 222/384/3
f 226/394/2 224/390/2 261/465/2
f 231/402/1 226/393/1 263/471/1
f 222/385/4 232/404/4 266/478/4
f 226/394/6 231/402/6 224/391/6
f 231/402/6 232/405/6 224/391/6
f 232/406/17 231/403/17 265/475/17
f 294/518/1 299/528/1 274/487/1
f 272/484/4 273/486/4 254/448/4
f 274/487/3 267/479/3 254/448/3
f 267/479/2 274/487/2 275/488/2
f 264/472/1 275/488/1 272/485/1
f 280/494/2 281/495/2 267/479/2
f 276/489/4 277/491/4 242/426/4
f 279/493/3 259/459/3 242/426/3
f 259/459/2 279/493/2 278/492/2
f 251/443/1 278/492/1 276/490/1
f 284/501/2 285/502/2 259/459/2
f 280/494/6 282/496/6 283/499/6
f 281/495/3 283/500/3 254/448/3
f 254/448/4 283/500/4 282/497/4
f 282/498/1 280/494/1 264/472/1
f 284/501/6 286/503/6 287/506/6
f 242/426/4 287/507/4 286/504/4
f 285/502/3 287/507/3 242/426/3
f 286/505/1 284/501/1 251/443/1
f 297/525/1 293/516/1 279/493/1
f 298/527/4 278/492/4 279/493/4
f 276/489/2 296/523/2 297/525/2
f 272/485/3 275/488/3 295/520/3
f 276/490/3 278/492/3 298/527/3
f 295/520/4 275/488/4 274/487/4
f 291/513/2 294/518/2 273/486/2
f 243/427/19 227/396/19 335/620/19
f 243/428/20 341/633/20 345/640/20
f 253/447/21 345/641/21 344/638/21
f 246/434/22 344/639/22 335/621/22
f 313/561/4 312/558/4 227/396/4
f 236/415/19 230/401/19 348/646/19
f 236/416/20 349/649/20 351/652/20
f 248/438/21 351/653/21 336/622/21
f 241/425/22 336/623/22 348/647/22
f 319/578/6 317/572/6 236/416/6
f 327/597/5 328/600/5 343/637/5
f 330/606/5 331/609/5 350/651/5
f 314/564/1 312/559/1 313/562/1
f 246/433/2 314/564/2 315/567/2
f 315/568/6 313/563/6 243/428/6
f 312/560/5 314/565/5 246/434/5
f 318/575/1 316/569/1 317/573/1
f 317/574/4 316/570/4 230/401/4
f 241/424/2 318/575/2 319/579/2
f 316/571/5 318/576/5 241/425/5
f 328/602/4 329/605/4 342/634/4
f 323/588/6 333/615/6 342/635/6
f 324/591/6 346/642/6 337/624/6
f 333/616/2 323/589/2 327/599/2
f 346/643/2 324/592/2 330/608/2
f 331/611/4 325/595/4 337/625/4
f 377/708/3 369/692/3 368/691/3
f 412/797/6 375/704/6 410/791/6
f 375/704/6 374/702/6 410/791/6
f 374/702/6 365/685/6 410/791/6
f 365/685/6 367/689/6 410/791/6
f 367/689/6 373/700/6 420/813/6
f 420/813/6 373/700/6 421/815/6
f 373/700/6 377/707/6 421/815/6
f 377/707/6 375/704/6 412/797/6
f 429/827/1 370/694/1 428/825/1
f 370/694/167 373/699/167 428/825/167
f 367/690/1 365/686/1 426/821/1
f 365/686/1 374/701/1 426/821/1
f 371/695/168 427/823/168 426/821/168
f 426/821/1 428/825/1 367/690/1
f 428/825/1 373/699/1 367/690/1
f 371/695/1 370/694/1 429/827/1
f 371/696/5 368/691/5 369/692/5
f 380/714/15 374/702/15 375/704/15
f 384/727/15 382/719/15 375/704/15
f 374/702/15 380/714/15 379/711/15
f 374/702/15 379/711/15 383/723/15
f 384/727/15 375/704/15 368/691/15
f 368/691/15 374/702/15 383/723/15
f 386/732/13 385/728/13 373/700/13
f 369/692/13 377/708/13 387/734/13
f 377/708/13 388/736/13 387/734/13
f 386/732/13 373/700/13 389/739/13
f 373/700/13 369/692/13 389/739/13
f 377/708/13 373/700/13 385/728/13
f 383/724/2 362/677/2 353/658/2
f 364/682/1 379/712/1 380/715/1
f 359/669/4 380/716/4 382/720/4
f 353/659/3 356/663/3 382/721/3
f 362/678/6 364/683/6 356/664/6
f 364/683/6 359/670/6 356/664/6
f 379/713/16 364/684/16 362/679/16
f 360/671/1 352/654/1 385/729/1
f 361/674/4 389/740/4 387/735/4
f 388/737/3 354/660/3 357/665/3
f 385/730/2 352/655/2 354/660/2
f 352/656/6 360/672/6 354/660/6
f 360/672/6 361/675/6 354/660/6
f 361/676/17 360/673/17 386/733/17
f 401/766/4 409/788/4 418/809/4
f 409/789/3 402/769/3 417/807/3
f 405/778/2 408/785/2 411/794/2
f 416/805/24 358/667/24 366/687/24
f 366/688/25 381/718/25 418/808/25
f 418/809/26 381/717/26 378/710/26
f 378/709/27 358/666/27 416/804/27
f 392/747/3 390/741/3 358/666/3
f 363/680/24 414/800/24 411/794/24
f 363/681/25 376/706/25 415/802/25
f 415/803/26 376/705/26 372/698/26
f 372/697/27 355/662/27 411/795/27
f 395/754/2 397/759/2 372/698/2
f 391/744/6 390/742/6 392/748/6
f 358/667/4 390/743/4 391/745/4
f 393/749/2 392/748/2 378/710/2
f 391/746/1 393/750/1 381/718/1
f 394/751/6 396/756/6 397/759/6
f 355/661/4 396/757/4 394/752/4
f 394/753/1 395/755/1 376/706/1
f 397/760/3 396/758/3 355/662/3
f 402/771/2 400/764/2 416/805/2
f 408/787/1 404/776/1 413/798/1
f 413/799/4 404/777/4 403/773/4
f 403/774/3 405/780/3 414/801/3
f 400/765/1 401/768/1 419/811/1
f 457/878/3 463/887/3 464/889/3
f 457/878/5 453/872/5 460/882/5
f 463/888/6 465/892/6 535/1046/6
f 535/1046/6 465/892/6 450/868/6
f 450/868/6 454/874/6 533/1042/6
f 454/874/6 462/886/6 533/1042/6
f 533/1042/6 535/1046/6 450/868/6
f 463/888/6 534/1044/6 464/890/6
f 534/1044/6 532/1038/6 464/890/6
f 532/1038/6 533/1042/6 462/886/6
f 501/979/1 458/880/1 460/883/1
f 496/968/169 498/973/169 460/883/169
f 462/885/1 454/875/1 496/968/1
f 454/875/1 450/869/1 496/968/1
f 465/891/1 458/880/1 500/977/1
f 458/880/1 501/979/1 500/977/1
f 450/869/1 465/891/1 500/977/1
f 496/968/1 450/869/1 500/977/1
f 468/899/15 469/901/15 463/888/15
f 465/892/15 466/893/15 467/897/15
f 465/892/15 467/897/15 470/905/15
f 468/899/15 463/888/15 457/878/15
f 457/878/15 465/892/15 470/905/15
f 466/893/15 465/892/15 463/888/15
f 472/910/13 471/906/13 462/886/13
f 453/873/13 464/890/13 473/913/13
f 464/890/13 474/916/13 473/913/13
f 472/910/13 462/886/13 475/919/13
f 462/886/13 453/873/13 475/919/13
f 464/890/13 462/886/13 471/906/13
f 437/844/4 430/829/4 466/894/4
f 444/857/3 437/844/3 469/902/3
f 446/861/2 444/857/2 468/900/2
f 466/895/1 430/830/1 447/863/1
f 430/831/6 437/845/6 447/864/6
f 437/845/6 444/857/6 446/861/6
f 467/898/16 447/865/16 446/862/16
f 439/849/1 431/832/1 471/907/1
f 438/846/4 445/858/4 475/920/4
f 438/847/3 473/914/3 474/917/3
f 471/908/2 431/833/2 433/837/2
f 445/859/6 438/848/6 433/838/6
f 433/838/6 431/834/6 439/850/6
f 445/860/17 439/851/17 472/911/17
f 492/955/2 507/992/2 499/975/2
f 494/961/4 505/987/4 506/989/4
f 434/839/21 442/855/21 502/982/21
f 502/981/20 442/855/20 459/881/20
f 459/881/19 448/866/19 503/983/19
f 448/866/22 434/840/22 497/970/22
f 482/933/5 483/934/5 434/840/5
f 432/835/21 435/841/21 506/989/21
f 506/990/20 435/841/20 452/871/20
f 452/871/19 443/856/19 499/975/19
f 443/856/22 432/836/22 505/988/22
f 478/927/5 476/921/5 432/836/5
f 476/922/1 478/926/1 479/928/1
f 452/871/4 479/928/4 478/927/4
f 476/923/2 477/925/2 435/841/2
f 477/925/6 479/928/6 452/871/6
f 483/935/1 482/932/1 481/931/1
f 481/931/4 482/933/4 448/866/4
f 442/855/6 480/930/6 481/931/6
f 483/936/2 480/930/2 442/855/2
f 495/965/5 489/948/5 502/981/5
f 493/959/2 495/966/2 504/986/2
f 494/963/6 490/951/6 499/976/6
f 488/944/6 493/960/6 503/984/6
f 492/957/5 491/954/5 506/990/5
f 488/945/4 497/971/4 502/982/4
f 520/1013/2 449/867/2 440/852/2
f 461/884/1 449/867/1 520/1013/1
f 456/877/4 461/884/4 527/1028/4
f 456/877/3 531/1036/3 521/1016/3
f 441/854/2 436/843/2 523/1020/2
f 455/876/1 441/854/1 522/1018/1
f 529/1033/4 451/870/4 455/876/4
f 451/870/3 529/1033/3 523/1021/3
f 436/842/3 514/1003/3 512/1000/3
f 461/884/4 456/877/4 510/998/4
f 509/997/6 511/999/6 510/998/6
f 508/994/2 440/852/2 449/867/2
f 449/867/1 461/884/1 511/999/1
f 440/853/3 508/995/3 510/998/3
f 513/1001/6 512/1000/6 514/1004/6
f 455/876/4 451/870/4 512/1000/4
f 441/854/1 455/876/1 513/1001/1
f 436/843/2 441/854/2 515/1006/2
f 557/1095/3 558/1097/3 549/1079/3
f 603/1209/6 605/1214/6 607/1220/6
f 606/1217/170 561/1103/170 558/1096/170
f 557/1094/171 562/1104/171 623/1264/171
f 557/1094/34 623/1264/34 622/1262/34
f 602/1206/6 606/1217/6 558/1096/6
f 557/1094/6 622/1262/6 602/1206/6
f 604/1211/6 607/1220/6 611/1231/6
f 610/1227/6 604/1211/6 611/1231/6
f 613/1237/6 605/1214/6 603/1209/6
f 610/1227/6 611/1231/6 609/1224/6
f 613/1237/6 603/1209/6 612/1235/6
f 608/1222/6 610/1227/6 609/1224/6
f 609/1224/6 613/1237/6 612/1235/6
f 621/1259/6 620/1257/6 625/1271/6
f 620/1257/6 621/1259/6 618/1253/6
f 619/1255/6 620/1257/6 618/1253/6
f 616/1245/6 624/1267/6 625/1271/6
f 619/1255/6 618/1253/6 614/1240/6
f 616/1245/6 625/1271/6 615/1243/6
f 617/1248/6 619/1255/6 614/1240/6
f 614/1240/6 616/1245/6 615/1243/6
f 623/1264/6 562/1104/6 550/1080/6
f 552/1084/6 561/1103/6 606/1217/6
f 623/1264/6 550/1080/6 552/1084/6
f 578/1145/1 579/1148/1 555/1091/1
f 561/1102/1 552/1085/1 578/1145/1
f 552/1085/1 550/1081/1 578/1145/1
f 562/1105/172 556/1092/172 580/1151/172
f 556/1092/1 581/1154/1 580/1151/1
f 550/1081/1 562/1105/1 580/1151/1
f 578/1145/1 550/1081/1 580/1151/1
f 556/1092/1 555/1091/1 579/1148/1
f 556/1093/5 553/1087/5 549/1078/5
f 557/1095/15 564/1109/15 566/1115/15
f 563/1107/15 564/1109/15 557/1095/15
f 562/1105/15 566/1115/15 567/1118/15
f 562/1105/15 567/1118/15 568/1121/15
f 563/1107/15 557/1095/15 553/1087/15
f 553/1087/15 562/1105/15 568/1121/15
f 558/1097/13 561/1103/13 571/1128/13
f 572/1131/13 571/1128/13 561/1103/13
f 549/1079/13 558/1097/13 570/1126/13
f 558/1097/13 569/1123/13 570/1126/13
f 572/1131/13 561/1103/13 573/1134/13
f 561/1103/13 549/1079/13 573/1134/13
f 564/1110/4 541/1060/4 536/1048/4
f 543/1064/3 541/1061/3 564/1111/3
f 546/1071/2 543/1065/2 563/1108/2
f 566/1116/1 536/1049/1 547/1074/1
f 546/1071/6 547/1075/6 541/1062/6
f 547/1075/6 536/1050/6 541/1062/6
f 546/1072/16 568/1122/16 567/1119/16
f 538/1054/3 570/1127/3 569/1124/3
f 542/1063/2 539/1056/2 569/1124/2
f 544/1066/1 542/1063/1 571/1129/1
f 538/1055/4 545/1068/4 573/1135/4
f 542/1063/6 544/1066/6 539/1057/6
f 544/1066/6 545/1069/6 539/1057/6
f 545/1070/17 544/1067/17 572/1132/17
f 605/1215/1 613/1238/1 598/1194/1
f 598/1194/1 593/1181/1 605/1215/1
f 601/1203/3 594/1184/3 616/1246/3
f 551/1082/26 604/1212/26 610/1228/26
f 604/1213/27 551/1083/27 603/1210/27
f 551/1083/27 565/1113/27 603/1210/27
f 565/1112/24 559/1099/24 608/1223/24
f 559/1098/25 537/1052/25 610/1229/25
f 537/1051/2 586/1166/2 587/1170/2
f 617/1249/26 540/1059/26 548/1076/26
f 619/1256/27 548/1077/27 620/1258/27
f 548/1077/27 560/1101/27 620/1258/27
f 560/1100/24 554/1089/24 615/1244/24
f 554/1088/25 540/1058/25 617/1250/25
f 583/1158/4 582/1156/4 554/1089/4
f 585/1163/6 582/1156/6 583/1159/6
f 584/1161/3 583/1159/3 560/1101/3
f 582/1157/1 585/1164/1 540/1058/1
f 540/1059/2 585/1165/2 584/1162/2
f 586/1167/6 589/1175/6 588/1172/6
f 589/1174/1 586/1168/1 537/1052/1
f 587/1171/3 588/1172/3 565/1113/3
f 588/1173/4 589/1175/4 559/1099/4
f 593/1183/4 592/1179/4 611/1232/4
f 592/1180/3 600/1201/3 609/1225/3
f 599/1198/4 601/1205/4 614/1241/4
f 621/1260/1 624/1268/1 595/1188/1
f 595/1188/1 599/1199/1 621/1260/1
f 616/1247/2 594/1186/2 595/1189/2
f 609/1226/2 600/1202/2 598/1196/2
f 686/1404/17 662/1349/17 663/1352/17
f 663/1352/17 671/1367/17 685/1403/17
f 687/1406/17 686/1404/17 663/1352/17
f 674/1375/14 653/1322/14 652/1320/14
f 681/1390/2 683/1396/2 674/1376/2
f 674/1376/2 676/1380/2 681/1390/2
f 683/1397/6 654/1326/6 653/1323/6
f 656/1331/3 678/1384/3 676/1380/3
f 681/1391/5 678/1385/5 656/1332/5
f 683/1398/1 681/1392/1 655/1329/1
f 673/1371/32 672/1368/32 661/1347/32
f 673/1372/2 682/1394/2 680/1389/2
f 680/1389/2 677/1381/2 672/1369/2
f 682/1395/6 657/1334/6 659/1340/6
f 677/1382/3 680/1389/3 659/1341/3
f 672/1370/5 677/1383/5 660/1344/5
f 673/1373/1 658/1338/1 657/1335/1
f 669/1364/5 671/1367/5 663/1352/5
f 666/1358/1 665/1356/1 644/1303/1
f 666/1358/1 644/1303/1 670/1365/1
f 644/1303/1 646/1308/1 670/1365/1
f 662/1350/1 670/1365/1 646/1308/1
f 645/1305/1 664/1354/1 663/1353/1
f 662/1350/1 646/1308/1 663/1353/1
f 646/1308/173 647/1310/173 663/1353/173
f 665/1356/174 664/1354/174 645/1305/174
f 666/1359/6 670/1366/6 629/1280/6
f 670/1366/6 662/1351/6 675/1378/6
f 662/1351/6 626/1273/6 675/1378/6
f 675/1378/6 629/1280/6 670/1366/6
f 679/1387/6 627/1275/6 668/1362/6
f 668/1362/6 667/1360/6 679/1387/6
f 665/1357/15 656/1333/15 652/1321/15
f 665/1357/15 652/1321/15 653/1324/15
f 655/1330/15 667/1361/15 654/1327/15
f 667/1361/15 669/1364/15 654/1327/15
f 669/1364/15 665/1357/15 653/1324/15
f 665/1357/175 629/1281/175 633/1290/175
f 632/1288/175 631/1286/175 667/1361/175
f 656/1333/15 665/1357/15 633/1290/15
f 632/1288/15 667/1361/15 655/1330/15
f 656/1333/15 633/1290/15 632/1288/15
f 669/1364/16 664/1355/16 657/1336/16
f 664/1355/16 659/1342/16 657/1336/16
f 661/1348/16 660/1345/16 665/1357/16
f 669/1364/16 657/1336/16 658/1339/16
f 658/1339/16 661/1348/16 665/1357/16
f 664/1355/16 665/1357/16 660/1345/16
f 668/1363/3 671/1367/3 669/1364/3
f 630/1282/5 628/1276/5 684/1400/5
f 637/1294/3 630/1282/3 686/1405/3
f 634/1291/6 637/1294/6 687/1407/6
f 684/1401/1 628/1277/1 634/1291/1
f 634/1291/4 628/1278/4 630/1283/4
f 731/1495/32 729/1491/32 708/1444/32
f 731/1496/2 732/1497/2 734/1499/2
f 734/1499/2 736/1504/2 729/1492/2
f 729/1493/5 736/1505/5 712/1454/5
f 732/1497/1 731/1496/1 710/1449/1
f 711/1451/6 734/1500/6 732/1497/6
f 736/1506/3 734/1500/3 711/1451/3
f 716/1464/14 728/1488/14 727/1485/14
f 733/1498/2 730/1494/2 727/1486/2
f 727/1486/2 728/1489/2 733/1498/2
f 735/1502/5 717/1466/5 714/1459/5
f 730/1494/1 733/1498/1 714/1459/1
f 727/1487/6 730/1494/6 715/1461/6
f 717/1467/3 735/1503/3 728/1490/3
f 724/1481/16 723/1479/16 709/1447/16
f 723/1479/16 711/1452/16 709/1447/16
f 708/1445/16 712/1455/16 721/1475/16
f 724/1481/16 709/1447/16 710/1450/16
f 710/1450/16 708/1445/16 721/1475/16
f 723/1479/16 721/1475/16 712/1455/16
f 717/1468/15 721/1475/15 719/1472/15
f 721/1475/15 717/1468/15 716/1465/15
f 721/1475/15 716/1465/15 713/1458/15
f 714/1460/15 719/1472/15 715/1462/15
f 719/1472/15 724/1481/15 715/1462/15
f 724/1481/15 721/1475/15 713/1458/15
f 718/1469/6 720/1474/6 690/1415/6
f 720/1474/6 689/1412/6 690/1415/6
f 721/1475/6 725/1482/6 693/1422/6
f 725/1482/6 718/1469/6 690/1415/6
f 693/1422/6 725/1482/6 690/1415/6
f 693/1422/6 692/1419/6 719/1471/6
f 720/1474/6 719/1471/6 692/1419/6
f 718/1470/1 725/1483/1 702/1436/1
f 725/1483/1 721/1476/1 700/1432/1
f 718/1470/1 702/1436/1 703/1438/1
f 701/1434/176 700/1432/176 721/1476/176
f 722/1478/1 718/1470/1 703/1438/1
f 701/1434/1 721/1476/1 723/1480/1
f 722/1478/1 703/1438/1 701/1434/1
f 724/1481/3 719/1472/3 720/1473/3
f 724/1481/5 726/1484/5 722/1477/5
f 739/1514/13 738/1512/13 726/1484/13
f 720/1474/13 718/1469/13 737/1508/13
f 739/1514/13 726/1484/13 720/1474/13
f 740/1516/17 737/1509/17 718/1470/17
f 722/1478/17 726/1484/17 740/1516/17
f 726/1484/17 738/1513/17 740/1516/17
f 691/1416/3 688/1408/3 737/1510/3
f 697/1426/6 691/1416/6 740/1517/6
f 739/1515/1 694/1423/1 697/1426/1
f 688/1409/5 694/1423/5 739/1515/5
f 694/1423/4 688/1410/4 691/1417/4
f 777/1605/5 772/1595/5 773/1597/5
f 791/1640/34 779/1608/34 792/1642/34
f 779/1608/34 773/1598/34 792/1642/34
f 773/1598/34 771/1593/34 790/1636/34
f 783/1618/12 782/1615/12 762/1567/12
f 787/1627/2 789/1634/2 782/1616/2
f 782/1616/2 783/1619/2 787/1627/2
f 782/1617/1 789/1635/1 763/1569/1
f 785/1623/6 783/1619/6 761/1564/6
f 764/1572/3 787/1628/3 785/1624/3
f 787/1629/5 764/1573/5 763/1570/5
f 780/1609/35 770/1590/35 767/1581/35
f 781/1613/2 788/1631/2 786/1626/2
f 786/1626/2 784/1620/2 780/1610/2
f 786/1625/1 788/1632/1 766/1578/1
f 784/1621/6 786/1626/6 768/1585/6
f 770/1591/3 780/1611/3 784/1622/3
f 781/1614/5 767/1582/5 766/1579/5
f 777/1605/15 776/1603/15 765/1577/15
f 776/1603/15 764/1574/15 765/1577/15
f 762/1568/15 763/1571/15 774/1600/15
f 777/1605/15 765/1577/15 761/1565/15
f 761/1565/15 762/1568/15 774/1600/15
f 776/1603/15 774/1600/15 763/1571/15
f 774/1599/36 766/1580/36 767/1583/36
f 774/1599/36 767/1583/36 770/1592/36
f 768/1586/36 772/1596/36 769/1589/36
f 772/1596/36 777/1605/36 769/1589/36
f 777/1605/36 774/1599/36 770/1592/36
f 772/1596/36 768/1586/36 766/1580/36
f 772/1596/177 774/1599/177 756/1552/177
f 773/1598/3 772/1596/3 753/1543/3
f 772/1596/3 755/1549/3 753/1543/3
f 774/1599/3 778/1606/3 756/1552/3
f 778/1606/3 771/1593/3 754/1546/3
f 754/1546/3 756/1552/3 778/1606/3
f 773/1598/178 753/1543/178 754/1546/178
f 775/1602/6 771/1594/6 745/1529/6
f 775/1602/6 745/1529/6 747/1533/6
f 742/1522/6 774/1600/6 776/1604/6
f 775/1602/6 747/1533/6 743/1525/6
f 743/1525/6 742/1522/6 776/1604/6
f 778/1607/6 774/1600/6 742/1522/6
f 742/1522/6 745/1529/6 778/1607/6
f 777/1605/1 779/1608/1 775/1601/1
f 790/1637/13 771/1594/13 793/1645/13
f 771/1594/13 775/1602/13 793/1645/13
f 775/1602/13 779/1608/13 791/1641/13
f 744/1526/3 741/1518/3 793/1646/3
f 792/1643/6 750/1538/6 744/1526/6
f 746/1530/1 750/1538/1 792/1643/1
f 741/1519/5 746/1530/5 790/1638/5
f 746/1530/4 741/1520/4 744/1527/4
f 836/1740/6 818/1697/6 813/1686/6
f 813/1686/6 814/1688/6 833/1733/6
f 835/1738/6 836/1740/6 813/1686/6
f 833/1733/6 814/1688/6 834/1735/6
f 814/1688/6 815/1690/6 834/1735/6
f 809/1677/6 818/1697/6 836/1740/6
f 809/1677/6 836/1740/6 834/1735/6
f 819/1699/13 820/1701/13 814/1689/13
f 815/1691/13 822/1706/13 821/1703/13
f 815/1691/13 821/1703/13 823/1708/13
f 819/1699/13 814/1689/13 811/1682/13
f 811/1682/13 815/1691/13 823/1708/13
f 822/1706/13 815/1691/13 814/1689/13
f 849/1760/3 816/1692/3 794/1647/3
f 816/1692/3 817/1694/3 794/1647/3
f 815/1691/3 848/1756/3 809/1678/3
f 848/1756/3 797/1655/3 809/1678/3
f 797/1655/3 845/1751/3 818/1696/3
f 816/1693/5 811/1681/5 803/1666/5
f 828/1722/34 826/1717/34 815/1691/34
f 811/1681/34 816/1693/34 824/1712/34
f 816/1693/34 827/1719/34 824/1712/34
f 828/1722/34 815/1691/34 825/1715/34
f 815/1691/34 811/1681/34 825/1715/34
f 850/1762/39 848/1757/39 815/1691/39
f 815/1691/34 826/1717/34 850/1762/34
f 826/1717/34 827/1719/34 847/1755/34
f 850/1762/34 826/1717/34 847/1755/34
f 827/1719/34 816/1693/34 847/1755/34
f 798/1657/3 801/1663/3 820/1702/3
f 801/1663/5 807/1673/5 822/1707/5
f 810/1680/1 821/1704/1 822/1707/1
f 798/1658/6 819/1700/6 823/1709/6
f 798/1659/4 812/1684/4 801/1664/4
f 812/1684/4 810/1680/4 801/1664/4
f 812/1685/12 823/1710/12 821/1705/12
f 795/1650/3 806/1670/3 825/1716/3
f 808/1674/5 805/1669/5 826/1718/5
f 800/1662/1 827/1720/1 826/1718/1
f 795/1651/6 824/1713/6 827/1720/6
f 805/1669/4 808/1675/4 800/1662/4
f 808/1675/4 806/1671/4 800/1662/4
f 806/1672/35 808/1676/35 828/1723/35
f 853/1771/15 851/1766/15 813/1687/15
f 851/1766/15 803/1667/15 813/1687/15
f 813/1687/15 818/1697/15 852/1768/15
f 854/1773/36 852/1769/36 818/1697/36
f 817/1695/36 803/1666/36 851/1767/36
f 854/1773/36 818/1697/36 817/1695/36
f 803/1667/1 811/1682/1 814/1689/1
f 853/1772/3 799/1660/3 796/1652/3
f 804/1668/5 799/1660/5 853/1772/5
f 802/1665/1 804/1668/1 852/1770/1
f 796/1653/6 802/1665/6 854/1774/6
f 802/1665/2 796/1654/2 799/1661/2
f 865/1805/4 859/1787/4 1099/2273/4
f 877/1832/5 865/1806/5 1102/2282/5
f 1100/2275/2 874/1825/2 877/1831/2
f 859/1788/6 874/1824/6 1100/2276/6
f 877/1832/3 874/1825/3 859/1789/3
f 864/1802/4 858/1784/4 1105/2291/4
f 873/1823/5 864/1803/5 1106/2294/5
f 1104/2287/2 870/1816/2 873/1822/2
f 858/1785/6 870/1815/6 1104/2288/6
f 873/1823/3 870/1816/3 858/1786/3
f 857/1781/4 863/1798/4 1108/2300/4
f 863/1799/5 869/1814/5 1109/2302/5
f 867/1809/2 1107/2296/2 1109/2303/2
f 857/1782/6 1110/2306/6 1107/2297/6
f 863/1800/1 857/1783/1 867/1810/1
f 856/1778/4 860/1790/4 1114/2318/4
f 860/1791/5 866/1808/5 1113/2314/5
f 862/1796/2 1112/2311/2 1113/2315/2
f 856/1779/6 1111/2309/6 1112/2312/6
f 860/1792/1 856/1780/1 862/1797/1
f 1212/2466/48 1214/2471/48 1213/2469/48
f 1214/2471/49 1216/2475/49 1215/2473/49
f 1216/2475/50 1218/2479/50 1217/2477/50
f 1218/2479/51 1220/2483/51 1219/2481/51
f 1220/2483/52 1222/2487/52 1221/2485/52
f 1222/2487/53 1224/2491/53 1223/2489/53
f 1224/2491/120 1226/2495/120 1225/2493/120
f 1226/2495/121 1228/2499/121 1227/2497/121
f 1228/2499/122 1230/2503/122 1229/2501/122
f 1230/2503/123 1232/2507/123 1231/2505/123
f 1231/2505/124 1232/2507/124 1234/2511/124
f 1234/2511/59 1236/2515/59 1235/2513/59
f 1235/2513/83 1236/2515/83 1238/2519/83
f 1238/2519/61 1240/2523/61 1239/2521/61
f 1239/2521/62 1240/2523/62 1242/2527/62
f 1241/2525/63 1242/2527/63 1244/2531/63
f 1243/2529/64 1244/2531/64 1246/2535/64
f 1245/2533/65 1246/2535/65 1248/2539/65
f 1248/2539/66 1250/2543/66 1249/2541/66
f 1249/2541/67 1250/2543/67 1252/2547/67
f 1252/2547/68 1254/2551/68 1253/2549/68
f 1253/2549/69 1254/2551/69 1256/2555/69
f 1256/2555/125 1258/2559/125 1257/2557/125
f 1258/2559/126 1260/2563/126 1259/2561/126
f 1260/2563/127 1262/2567/127 1261/2565/127
f 1262/2567/128 1264/2571/128 1263/2569/128
f 1264/2571/74 1266/2575/74 1265/2573/74
f 1266/2575/86 1268/2579/86 1267/2577/86
f 1268/2579/76 1270/2583/76 1269/2581/76
f 1270/2583/77 1272/2588/77 1271/2585/77
f 1270/2584/5 1268/2580/5 1289/2622/5
f 1268/2580/5 1266/2576/5 1289/2622/5
f 1266/2576/5 1264/2572/5 1279/2601/5
f 1264/2572/5 1262/2568/5 1282/2607/5
f 1266/2576/5 1279/2601/5 1289/2622/5
f 1262/2568/5 1260/2564/5 1276/2595/5
f 1260/2564/5 1258/2560/5 1275/2593/5
f 1258/2560/5 1256/2556/5 1281/2605/5
f 1256/2556/5 1254/2552/5 1278/2599/5
f 1280/2603/5 1254/2552/5 1252/2548/5
f 1252/2548/5 1250/2544/5 1283/2609/5
f 1283/2609/5 1250/2544/5 1290/2624/5
f 1250/2544/5 1248/2540/5 1290/2624/5
f 1248/2540/5 1246/2536/5 1290/2624/5
f 1246/2536/5 1244/2532/5 1293/2630/5
f 1244/2532/5 1242/2528/5 1291/2626/5
f 1246/2536/5 1293/2630/5 1290/2624/5
f 1242/2528/5 1240/2524/5 1294/2632/5
f 1240/2524/5 1238/2520/5 1296/2636/5
f 1304/2652/5 1238/2520/5 1236/2516/5
f 1236/2516/5 1234/2512/5 1298/2640/5
f 1234/2512/5 1232/2508/5 1298/2640/5
f 1232/2508/5 1305/2654/5 1298/2640/5
f 1238/2520/5 1304/2652/5 1296/2636/5
f 1236/2516/5 1298/2640/5 1304/2652/5
f 1254/2552/5 1280/2603/5 1278/2599/5
f 1282/2607/5 1262/2568/5 1276/2595/5
f 1272/2587/5 1270/2584/5 1284/2611/5
f 1212/2467/5 1274/2591/5 1285/2613/5
f 1274/2591/5 1272/2587/5 1288/2620/5
f 1216/2476/5 1214/2472/5 1286/2615/5
f 1214/2472/5 1212/2467/5 1287/2617/5
f 1286/2615/5 1297/2638/5 1216/2476/5
f 1287/2617/5 1286/2615/5 1214/2472/5
f 1212/2467/5 1285/2613/5 1287/2617/5
f 1272/2587/5 1284/2611/5 1288/2620/5
f 1270/2584/5 1289/2622/5 1284/2611/5
f 1279/2601/5 1264/2572/5 1282/2607/5
f 1252/2548/5 1283/2609/5 1280/2603/5
f 1288/2620/5 1285/2613/5 1274/2591/5
f 1240/2524/5 1296/2636/5 1294/2632/5
f 1242/2528/5 1294/2632/5 1292/2628/5
f 1242/2528/5 1292/2628/5 1291/2626/5
f 1291/2626/5 1293/2630/5 1244/2532/5
f 1276/2595/5 1260/2564/5 1275/2593/5
f 1277/2597/5 1275/2593/5 1258/2560/5
f 1256/2556/5 1278/2599/5 1281/2605/5
f 1226/2496/5 1224/2492/5 1302/2648/5
f 1224/2492/5 1222/2488/5 1303/2650/5
f 1226/2496/5 1300/2644/5 1228/2500/5
f 1222/2488/5 1220/2484/5 1299/2642/5
f 1220/2484/5 1218/2480/5 1306/2656/5
f 1218/2480/5 1216/2476/5 1297/2638/5
f 1218/2480/5 1297/2638/5 1295/2634/5
f 1300/2644/5 1226/2496/5 1302/2648/5
f 1303/2650/5 1222/2488/5 1299/2642/5
f 1230/2504/5 1228/2500/5 1301/2646/5
f 1301/2646/5 1228/2500/5 1300/2644/5
f 1305/2654/5 1232/2508/5 1230/2504/5
f 1301/2646/5 1305/2654/5 1230/2504/5
f 1218/2480/5 1295/2634/5 1306/2656/5
f 1306/2656/5 1299/2642/5 1220/2484/5
f 1272/2588/78 1274/2592/78 1273/2589/78
f 1274/2592/79 1212/2468/79 1211/2464/79
f 1307/2658/6 1273/2590/6 1211/2465/6
f 1211/2465/6 1213/2470/6 1308/2661/6
f 1213/2470/6 1215/2474/6 1309/2663/6
f 1211/2465/6 1308/2661/6 1307/2658/6
f 1215/2474/6 1217/2478/6 1314/2673/6
f 1217/2478/6 1219/2482/6 1317/2679/6
f 1315/2675/6 1219/2482/6 1221/2486/6
f 1221/2486/6 1223/2490/6 1322/2689/6
f 1223/2490/6 1225/2494/6 1319/2683/6
f 1223/2490/6 1319/2683/6 1322/2689/6
f 1219/2482/6 1315/2675/6 1317/2679/6
f 1221/2486/6 1322/2689/6 1315/2675/6
f 1308/2661/6 1213/2470/6 1309/2663/6
f 1312/2670/6 1309/2663/6 1215/2474/6
f 1217/2478/6 1317/2679/6 1314/2673/6
f 1318/2681/6 1319/2683/6 1225/2494/6
f 1225/2494/6 1227/2498/6 1318/2681/6
f 1227/2498/6 1229/2502/6 1321/2687/6
f 1321/2687/6 1229/2502/6 1320/2685/6
f 1229/2502/6 1231/2506/6 1320/2685/6
f 1231/2506/6 1233/2510/6 1320/2685/6
f 1233/2510/6 1235/2514/6 1316/2677/6
f 1235/2514/6 1237/2518/6 1323/2691/6
f 1233/2510/6 1316/2677/6 1320/2685/6
f 1237/2518/6 1239/2522/6 1311/2667/6
f 1239/2522/6 1241/2526/6 1310/2665/6
f 1241/2526/6 1243/2530/6 1335/2715/6
f 1243/2530/6 1245/2534/6 1336/2717/6
f 1245/2534/6 1247/2538/6 1336/2717/6
f 1247/2538/6 1249/2542/6 1337/2719/6
f 1336/2717/6 1247/2538/6 1337/2719/6
f 1249/2542/6 1251/2546/6 1332/2709/6
f 1251/2546/6 1253/2550/6 1330/2705/6
f 1253/2550/6 1255/2554/6 1328/2701/6
f 1255/2554/6 1257/2558/6 1325/2695/6
f 1257/2558/6 1259/2562/6 1324/2693/6
f 1259/2562/6 1261/2566/6 1327/2699/6
f 1331/2707/6 1261/2566/6 1263/2570/6
f 1263/2570/6 1265/2574/6 1329/2703/6
f 1265/2574/6 1267/2578/6 1329/2703/6
f 1267/2578/6 1269/2582/6 1338/2721/6
f 1329/2703/6 1267/2578/6 1338/2721/6
f 1269/2582/6 1271/2586/6 1333/2712/6
f 1271/2586/6 1273/2590/6 1334/2713/6
f 1273/2590/6 1307/2658/6 1334/2713/6
f 1334/2713/6 1333/2712/6 1271/2586/6
f 1338/2721/6 1269/2582/6 1333/2712/6
f 1261/2566/6 1331/2707/6 1327/2699/6
f 1263/2570/6 1329/2703/6 1331/2707/6
f 1337/2719/6 1249/2542/6 1332/2709/6
f 1330/2705/6 1253/2550/6 1328/2701/6
f 1243/2530/6 1336/2717/6 1335/2715/6
f 1323/2691/6 1237/2518/6 1311/2667/6
f 1321/2687/6 1318/2681/6 1227/2498/6
f 1316/2677/6 1235/2514/6 1323/2691/6
f 1311/2667/6 1239/2522/6 1310/2665/6
f 1259/2562/6 1327/2699/6 1324/2693/6
f 1313/2671/6 1310/2665/6 1241/2526/6
f 1257/2558/6 1324/2693/6 1326/2697/6
f 1257/2558/6 1326/2697/6 1325/2695/6
f 1335/2715/6 1313/2671/6 1241/2526/6
f 1325/2695/6 1328/2701/6 1255/2554/6
f 1340/2726/48 1342/2731/48 1341/2729/48
f 1342/2731/49 1344/2735/49 1343/2733/49
f 1344/2735/50 1346/2739/50 1345/2737/50
f 1346/2739/51 1348/2743/51 1347/2741/51
f 1348/2743/52 1350/2747/52 1349/2745/52
f 1350/2747/53 1352/2751/53 1351/2749/53
f 1352/2751/120 1354/2755/120 1353/2753/120
f 1354/2755/121 1356/2759/121 1355/2757/121
f 1356/2759/122 1358/2763/122 1357/2761/122
f 1358/2763/123 1360/2767/123 1359/2765/123
f 1359/2765/124 1360/2767/124 1362/2771/124
f 1362/2771/59 1364/2775/59 1363/2773/59
f 1363/2773/83 1364/2775/83 1366/2779/83
f 1366/2779/61 1368/2783/61 1367/2781/61
f 1367/2781/62 1368/2783/62 1370/2787/62
f 1369/2785/63 1370/2787/63 1372/2791/63
f 1371/2789/64 1372/2791/64 1374/2795/64
f 1373/2793/65 1374/2795/65 1376/2799/65
f 1376/2799/66 1378/2803/66 1377/2801/66
f 1377/2801/67 1378/2803/67 1380/2807/67
f 1380/2807/68 1382/2811/68 1381/2809/68
f 1381/2809/69 1382/2811/69 1384/2815/69
f 1384/2815/125 1386/2819/125 1385/2817/125
f 1386/2819/126 1388/2823/126 1387/2821/126
f 1388/2823/127 1390/2827/127 1389/2825/127
f 1390/2827/128 1392/2831/128 1391/2829/128
f 1392/2831/74 1394/2835/74 1393/2833/74
f 1394/2835/86 1396/2839/86 1395/2837/86
f 1396/2839/76 1398/2843/76 1397/2841/76
f 1398/2843/77 1400/2848/77 1399/2845/77
f 1398/2844/5 1396/2840/5 1417/2882/5
f 1396/2840/5 1394/2836/5 1417/2882/5
f 1394/2836/5 1392/2832/5 1407/2861/5
f 1392/2832/5 1390/2828/5 1410/2867/5
f 1394/2836/5 1407/2861/5 1417/2882/5
f 1390/2828/5 1388/2824/5 1404/2855/5
f 1388/2824/5 1386/2820/5 1403/2853/5
f 1386/2820/5 1384/2816/5 1409/2865/5
f 1384/2816/5 1382/2812/5 1406/2859/5
f 1408/2863/5 1382/2812/5 1380/2808/5
f 1380/2808/5 1378/2804/5 1411/2869/5
f 1411/2869/5 1378/2804/5 1418/2884/5
f 1378/2804/5 1376/2800/5 1418/2884/5
f 1376/2800/5 1374/2796/5 1418/2884/5
f 1374/2796/5 1372/2792/5 1421/2890/5
f 1372/2792/5 1370/2788/5 1419/2886/5
f 1374/2796/5 1421/2890/5 1418/2884/5
f 1370/2788/5 1368/2784/5 1422/2892/5
f 1368/2784/5 1366/2780/5 1424/2896/5
f 1432/2912/5 1366/2780/5 1364/2776/5
f 1364/2776/5 1362/2772/5 1426/2900/5
f 1362/2772/5 1360/2768/5 1426/2900/5
f 1360/2768/5 1433/2914/5 1426/2900/5
f 1366/2780/5 1432/2912/5 1424/2896/5
f 1364/2776/5 1426/2900/5 1432/2912/5
f 1382/2812/5 1408/2863/5 1406/2859/5
f 1410/2867/5 1390/2828/5 1404/2855/5
f 1400/2847/5 1398/2844/5 1412/2871/5
f 1340/2727/5 1402/2851/5 1413/2873/5
f 1402/2851/5 1400/2847/5 1416/2880/5
f 1344/2736/5 1342/2732/5 1414/2875/5
f 1342/2732/5 1340/2727/5 1415/2877/5
f 1414/2875/5 1425/2898/5 1344/2736/5
f 1415/2877/5 1414/2875/5 1342/2732/5
f 1340/2727/5 1413/2873/5 1415/2877/5
f 1400/2847/5 1412/2871/5 1416/2880/5
f 1398/2844/5 1417/2882/5 1412/2871/5
f 1407/2861/5 1392/2832/5 1410/2867/5
f 1380/2808/5 1411/2869/5 1408/2863/5
f 1416/2880/5 1413/2873/5 1402/2851/5
f 1368/2784/5 1424/2896/5 1422/2892/5
f 1370/2788/5 1422/2892/5 1420/2888/5
f 1370/2788/5 1420/2888/5 1419/2886/5
f 1419/2886/5 1421/2890/5 1372/2792/5
f 1404/2855/5 1388/2824/5 1403/2853/5
f 1405/2857/5 1403/2853/5 1386/2820/5
f 1384/2816/5 1406/2859/5 1409/2865/5
f 1354/2756/5 1352/2752/5 1430/2908/5
f 1352/2752/5 1350/2748/5 1431/2910/5
f 1354/2756/5 1428/2904/5 1356/2760/5
f 1350/2748/5 1348/2744/5 1427/2902/5
f 1348/2744/5 1346/2740/5 1434/2916/5
f 1346/2740/5 1344/2736/5 1425/2898/5
f 1346/2740/5 1425/2898/5 1423/2894/5
f 1428/2904/5 1354/2756/5 1430/2908/5
f 1431/2910/5 1350/2748/5 1427/2902/5
f 1358/2764/5 1356/2760/5 1429/2906/5
f 1429/2906/5 1356/2760/5 1428/2904/5
f 1433/2914/5 1360/2768/5 1358/2764/5
f 1429/2906/5 1433/2914/5 1358/2764/5
f 1346/2740/5 1423/2894/5 1434/2916/5
f 1434/2916/5 1427/2902/5 1348/2744/5
f 1400/2848/78 1402/2852/78 1401/2849/78
f 1402/2852/79 1340/2728/79 1339/2724/79
f 1435/2918/6 1401/2850/6 1339/2725/6
f 1339/2725/6 1341/2730/6 1436/2921/6
f 1341/2730/6 1343/2734/6 1437/2923/6
f 1339/2725/6 1436/2921/6 1435/2918/6
f 1343/2734/6 1345/2738/6 1442/2933/6
f 1345/2738/6 1347/2742/6 1445/2939/6
f 1443/2935/6 1347/2742/6 1349/2746/6
f 1349/2746/6 1351/2750/6 1450/2949/6
f 1351/2750/6 1353/2754/6 1447/2943/6
f 1351/2750/6 1447/2943/6 1450/2949/6
f 1347/2742/6 1443/2935/6 1445/2939/6
f 1349/2746/6 1450/2949/6 1443/2935/6
f 1436/2921/6 1341/2730/6 1437/2923/6
f 1440/2930/6 1437/2923/6 1343/2734/6
f 1345/2738/6 1445/2939/6 1442/2933/6
f 1446/2941/6 1447/2943/6 1353/2754/6
f 1353/2754/6 1355/2758/6 1446/2941/6
f 1355/2758/6 1357/2762/6 1449/2947/6
f 1449/2947/6 1357/2762/6 1448/2945/6
f 1357/2762/6 1359/2766/6 1448/2945/6
f 1359/2766/6 1361/2770/6 1448/2945/6
f 1361/2770/6 1363/2774/6 1444/2937/6
f 1363/2774/6 1365/2778/6 1451/2951/6
f 1361/2770/6 1444/2937/6 1448/2945/6
f 1365/2778/6 1367/2782/6 1439/2927/6
f 1367/2782/6 1369/2786/6 1438/2925/6
f 1369/2786/6 1371/2790/6 1463/2975/6
f 1371/2790/6 1373/2794/6 1464/2977/6
f 1373/2794/6 1375/2798/6 1464/2977/6
f 1375/2798/6 1377/2802/6 1465/2979/6
f 1464/2977/6 1375/2798/6 1465/2979/6
f 1377/2802/6 1379/2806/6 1460/2969/6
f 1379/2806/6 1381/2810/6 1458/2965/6
f 1381/2810/6 1383/2814/6 1456/2961/6
f 1383/2814/6 1385/2818/6 1453/2955/6
f 1385/2818/6 1387/2822/6 1452/2953/6
f 1387/2822/6 1389/2826/6 1455/2959/6
f 1459/2967/6 1389/2826/6 1391/2830/6
f 1391/2830/6 1393/2834/6 1457/2963/6
f 1393/2834/6 1395/2838/6 1457/2963/6
f 1395/2838/6 1397/2842/6 1466/2981/6
f 1457/2963/6 1395/2838/6 1466/2981/6
f 1397/2842/6 1399/2846/6 1461/2972/6
f 1399/2846/6 1401/2850/6 1462/2973/6
f 1401/2850/6 1435/2918/6 1462/2973/6
f 1462/2973/6 1461/2972/6 1399/2846/6
f 1466/2981/6 1397/2842/6 1461/2972/6
f 1389/2826/6 1459/2967/6 1455/2959/6
f 1391/2830/6 1457/2963/6 1459/2967/6
f 1465/2979/6 1377/2802/6 1460/2969/6
f 1458/2965/6 1381/2810/6 1456/2961/6
f 1371/2790/6 1464/2977/6 1463/2975/6
f 1451/2951/6 1365/2778/6 1439/2927/6
f 1449/2947/6 1446/2941/6 1355/2758/6
f 1444/2937/6 1363/2774/6 1451/2951/6
f 1439/2927/6 1367/2782/6 1438/2925/6
f 1387/2822/6 1455/2959/6 1452/2953/6
f 1441/2931/6 1438/2925/6 1369/2786/6
f 1385/2818/6 1452/2953/6 1454/2957/6
f 1385/2818/6 1454/2957/6 1453/2955/6
f 1463/2975/6 1441/2931/6 1369/2786/6
f 1453/2955/6 1456/2961/6 1383/2814/6
f 1475/3003/1 1482/3017/1 1612/3278/1
f 1482/3017/5 1490/3031/5 1614/3283/5
f 1614/3283/3 1490/3031/3 1487/3026/3
f 1487/3026/6 1475/3004/6 1613/3281/6
f 1482/3018/2 1475/3005/2 1487/3026/2
f 1472/2997/1 1476/3006/1 1616/3287/1
f 1486/3025/5 1619/3294/5 1616/3287/5
f 1486/3025/3 1483/3019/3 1618/3292/3
f 1483/3019/6 1472/2998/6 1617/3290/6
f 1476/3007/2 1472/2999/2 1483/3019/2
f 1469/2989/1 1621/3299/1 1622/3301/1
f 1474/3002/5 1622/3301/5 1620/3296/5
f 1478/3009/3 1481/3016/3 1620/3296/3
f 1469/2990/6 1478/3009/6 1623/3303/6
f 1481/3016/4 1478/3009/4 1469/2991/4
f 1470/2993/1 1468/2986/1 1624/3306/1
f 1470/2993/5 1625/3308/5 1627/3312/5
f 1626/3310/3 1473/3000/3 1477/3008/3
f 1468/2987/6 1473/3000/6 1626/3310/6
f 1477/3008/4 1473/3000/4 1468/2988/4
f 1629/3316/64 1631/3321/64 1630/3319/64
f 1630/3319/65 1631/3321/65 1633/3325/65
f 1632/3323/66 1633/3325/66 1635/3329/66
f 1634/3327/67 1635/3329/67 1637/3333/67
f 1636/3331/68 1637/3333/68 1639/3337/68
f 1638/3335/69 1639/3337/69 1641/3341/69
f 1640/3339/125 1641/3341/125 1643/3345/125
f 1642/3343/126 1643/3345/126 1645/3349/126
f 1644/3347/127 1645/3349/127 1647/3353/127
f 1646/3351/128 1647/3353/128 1649/3357/128
f 1648/3355/74 1649/3357/74 1651/3361/74
f 1650/3359/86 1651/3361/86 1653/3365/86
f 1652/3363/76 1653/3365/76 1655/3369/76
f 1654/3367/77 1655/3369/77 1657/3373/77
f 1656/3371/78 1657/3373/78 1659/3377/78
f 1659/3377/79 1661/3381/79 1660/3379/79
f 1661/3381/48 1663/3385/48 1662/3383/48
f 1663/3385/49 1665/3389/49 1664/3387/49
f 1665/3389/50 1667/3393/50 1666/3391/50
f 1667/3393/51 1669/3397/51 1668/3395/51
f 1669/3397/52 1671/3401/52 1670/3399/52
f 1671/3401/53 1673/3405/53 1672/3403/53
f 1673/3405/120 1675/3409/120 1674/3407/120
f 1675/3409/121 1677/3413/121 1676/3411/121
f 1677/3413/122 1679/3417/122 1678/3415/122
f 1679/3417/123 1681/3421/123 1680/3419/123
f 1681/3421/124 1683/3425/124 1682/3423/124
f 1683/3425/59 1685/3429/59 1684/3427/59
f 1685/3429/83 1687/3433/83 1686/3431/83
f 1687/3433/61 1689/3438/61 1688/3435/61
f 1675/3410/5 1673/3406/5 1693/3446/5
f 1673/3406/5 1671/3402/5 1697/3454/5
f 1671/3402/5 1669/3398/5 1697/3454/5
f 1669/3398/5 1667/3394/5 1696/3452/5
f 1697/3454/5 1669/3398/5 1696/3452/5
f 1667/3394/5 1665/3390/5 1702/3464/5
f 1665/3390/5 1701/3462/5 1702/3464/5
f 1673/3406/5 1697/3454/5 1693/3446/5
f 1679/3418/5 1677/3414/5 1692/3443/5
f 1677/3414/5 1675/3410/5 1694/3448/5
f 1694/3448/5 1675/3410/5 1693/3446/5
f 1699/3458/5 1681/3422/5 1679/3418/5
f 1695/3450/5 1699/3458/5 1679/3418/5
f 1667/3394/5 1702/3464/5 1696/3452/5
f 1692/3443/5 1695/3450/5 1679/3418/5
f 1659/3378/5 1657/3374/5 1710/3480/5
f 1657/3374/5 1655/3370/5 1714/3488/5
f 1710/3480/5 1657/3374/5 1714/3488/5
f 1655/3370/5 1653/3366/5 1712/3484/5
f 1653/3366/5 1651/3362/5 1723/3506/5
f 1655/3370/5 1712/3484/5 1714/3488/5
f 1651/3362/5 1649/3358/5 1722/3504/5
f 1649/3358/5 1647/3354/5 1720/3500/5
f 1720/3500/5 1647/3354/5 1718/3496/5
f 1647/3354/5 1645/3350/5 1718/3496/5
f 1645/3350/5 1643/3346/5 1718/3496/5
f 1643/3346/5 1641/3342/5 1719/3498/5
f 1641/3342/5 1639/3338/5 1721/3502/5
f 1643/3346/5 1719/3498/5 1718/3496/5
f 1639/3338/5 1637/3334/5 1717/3494/5
f 1637/3334/5 1635/3330/5 1715/3490/5
f 1639/3338/5 1717/3494/5 1721/3502/5
f 1635/3330/5 1633/3326/5 1706/3472/5
f 1633/3326/5 1631/3322/5 1707/3474/5
f 1707/3474/5 1631/3322/5 1704/3468/5
f 1631/3322/5 1629/3317/5 1704/3468/5
f 1629/3317/5 1691/3441/5 1705/3470/5
f 1691/3441/5 1689/3437/5 1705/3470/5
f 1689/3437/5 1687/3434/5 1708/3476/5
f 1705/3470/5 1689/3437/5 1708/3476/5
f 1687/3434/5 1685/3430/5 1703/3466/5
f 1685/3430/5 1683/3426/5 1700/3460/5
f 1687/3434/5 1703/3466/5 1708/3476/5
f 1683/3426/5 1681/3422/5 1699/3458/5
f 1683/3426/5 1699/3458/5 1698/3456/5
f 1629/3317/5 1705/3470/5 1704/3468/5
f 1663/3386/5 1661/3382/5 1711/3482/5
f 1661/3382/5 1659/3378/5 1710/3480/5
f 1701/3462/5 1665/3390/5 1709/3478/5
f 1665/3390/5 1663/3386/5 1709/3478/5
f 1661/3382/5 1710/3480/5 1711/3482/5
f 1719/3498/5 1641/3342/5 1721/3502/5
f 1683/3426/5 1698/3456/5 1700/3460/5
f 1700/3460/5 1703/3466/5 1685/3430/5
f 1711/3482/5 1709/3478/5 1663/3386/5
f 1712/3484/5 1653/3366/5 1723/3506/5
f 1633/3326/5 1707/3474/5 1706/3472/5
f 1716/3492/5 1723/3506/5 1651/3362/5
f 1722/3504/5 1716/3492/5 1651/3362/5
f 1635/3330/5 1706/3472/5 1713/3486/5
f 1635/3330/5 1713/3486/5 1715/3490/5
f 1720/3500/5 1722/3504/5 1649/3358/5
f 1689/3438/62 1691/3442/62 1690/3439/62
f 1691/3442/63 1629/3318/63 1628/3314/63
f 1688/3436/6 1690/3440/6 1747/3555/6
f 1690/3440/6 1628/3315/6 1750/3561/6
f 1688/3436/6 1747/3555/6 1749/3559/6
f 1628/3315/6 1630/3320/6 1724/3509/6
f 1630/3320/6 1632/3324/6 1725/3510/6
f 1628/3315/6 1724/3509/6 1750/3561/6
f 1632/3324/6 1634/3328/6 1727/3514/6
f 1634/3328/6 1636/3332/6 1737/3534/6
f 1737/3534/6 1636/3332/6 1731/3522/6
f 1636/3332/6 1638/3336/6 1731/3522/6
f 1638/3336/6 1640/3340/6 1735/3530/6
f 1735/3530/6 1640/3340/6 1733/3526/6
f 1640/3340/6 1642/3344/6 1733/3526/6
f 1642/3344/6 1644/3348/6 1733/3526/6
f 1644/3348/6 1646/3352/6 1732/3524/6
f 1646/3352/6 1648/3356/6 1734/3528/6
f 1644/3348/6 1732/3524/6 1733/3526/6
f 1648/3356/6 1650/3360/6 1730/3520/6
f 1650/3360/6 1652/3364/6 1738/3536/6
f 1738/3536/6 1652/3364/6 1728/3516/6
f 1652/3364/6 1654/3368/6 1728/3516/6
f 1654/3368/6 1656/3372/6 1726/3512/6
f 1656/3372/6 1658/3376/6 1751/3563/6
f 1656/3372/6 1751/3563/6 1726/3512/6
f 1654/3368/6 1726/3512/6 1728/3516/6
f 1684/3428/6 1686/3432/6 1749/3559/6
f 1686/3432/6 1688/3436/6 1749/3559/6
f 1680/3420/6 1682/3424/6 1745/3551/6
f 1682/3424/6 1684/3428/6 1755/3571/6
f 1755/3571/6 1684/3428/6 1749/3559/6
f 1676/3412/6 1678/3416/6 1742/3545/6
f 1678/3416/6 1680/3420/6 1746/3553/6
f 1746/3553/6 1680/3420/6 1745/3551/6
f 1741/3543/6 1674/3408/6 1739/3540/6
f 1674/3408/6 1676/3412/6 1739/3540/6
f 1747/3555/6 1690/3440/6 1750/3561/6
f 1638/3336/6 1735/3530/6 1731/3522/6
f 1682/3424/6 1755/3571/6 1745/3551/6
f 1742/3545/6 1739/3540/6 1676/3412/6
f 1746/3553/6 1742/3545/6 1678/3416/6
f 1650/3360/6 1738/3536/6 1730/3520/6
f 1648/3356/6 1730/3520/6 1736/3532/6
f 1648/3356/6 1736/3532/6 1734/3528/6
f 1734/3528/6 1732/3524/6 1646/3352/6
f 1724/3509/6 1630/3320/6 1725/3510/6
f 1634/3328/6 1737/3534/6 1727/3514/6
f 1729/3518/6 1725/3510/6 1632/3324/6
f 1751/3563/6 1658/3376/6 1660/3380/6
f 1660/3380/6 1662/3384/6 1752/3565/6
f 1662/3384/6 1664/3388/6 1753/3567/6
f 1660/3380/6 1752/3565/6 1751/3563/6
f 1664/3388/6 1666/3392/6 1754/3569/6
f 1666/3392/6 1668/3396/6 1743/3548/6
f 1743/3548/6 1668/3396/6 1744/3549/6
f 1668/3396/6 1670/3400/6 1744/3549/6
f 1670/3400/6 1672/3404/6 1740/3541/6
f 1672/3404/6 1674/3408/6 1740/3541/6
f 1674/3408/6 1741/3543/6 1740/3541/6
f 1670/3400/6 1740/3541/6 1744/3549/6
f 1752/3565/6 1662/3384/6 1753/3567/6
f 1748/3557/6 1753/3567/6 1664/3388/6
f 1666/3392/6 1743/3548/6 1754/3569/6
f 2097/4202/1 1766/3595/1 1776/3614/1
f 1764/3591/1 2101/4212/1 2102/4214/1
f 1776/3614/6 1787/3633/6 2099/4207/6
f 1775/3613/6 2102/4214/6 2103/4216/6
f 1787/3633/3 1783/3627/3 2100/4209/3
f 1780/3620/3 1785/3630/3 2103/4216/3
f 1783/3627/5 1766/3596/5 2097/4203/5
f 1764/3592/5 1780/3620/5 2104/4218/5
f 1785/3630/2 1780/3620/2 1764/3593/2
f 1776/3615/4 1766/3597/4 1783/3627/4
f 1769/3601/1 2106/4223/1 2105/4220/1
f 1759/3580/1 2110/4232/1 2109/4229/1
f 1769/3601/6 1779/3619/6 2108/4227/6
f 1768/3600/6 2109/4229/6 2112/4236/6
f 1779/3619/3 1774/3611/3 2107/4225/3
f 1773/3610/3 1777/3616/3 2112/4236/3
f 1774/3611/5 1761/3586/5 2105/4221/5
f 1759/3581/5 1773/3610/5 2111/4234/5
f 1777/3616/2 1773/3610/2 1759/3582/2
f 1769/3602/4 1761/3587/4 1774/3611/4
f 1758/3577/1 2113/4239/1 2114/4241/1
f 1763/3590/6 2114/4241/6 2115/4243/6
f 1767/3598/3 1770/3603/3 2115/4243/3
f 1758/3578/5 1767/3598/5 2116/4245/5
f 1770/3603/2 1767/3598/2 1758/3579/2
f 1757/3574/1 2117/4248/1 2118/4250/1
f 1760/3584/6 2118/4250/6 2120/4254/6
f 1762/3588/3 1765/3594/3 2120/4254/3
f 1757/3575/5 1762/3588/5 2119/4252/5
f 1765/3594/2 1762/3588/2 1757/3576/2
f 2130/4266/64 2132/4271/64 2131/4269/64
f 2132/4271/65 2134/4275/65 2133/4273/65
f 2134/4275/66 2136/4279/66 2135/4277/66
f 2136/4279/67 2138/4283/67 2137/4281/67
f 2138/4283/68 2140/4287/68 2139/4285/68
f 2139/4285/69 2140/4287/69 2142/4291/69
f 2142/4291/125 2144/4295/125 2143/4293/125
f 2143/4293/126 2144/4295/126 2146/4299/126
f 2145/4297/127 2146/4299/127 2148/4303/127
f 2148/4303/128 2150/4307/128 2149/4305/128
f 2149/4305/74 2150/4307/74 2152/4311/74
f 2152/4311/86 2154/4315/86 2153/4313/86
f 2154/4315/76 2156/4319/76 2155/4317/76
f 2156/4319/77 2158/4323/77 2157/4321/77
f 2158/4323/78 2160/4327/78 2159/4325/78
f 2160/4327/79 2162/4331/79 2161/4329/79
f 2162/4331/48 2164/4335/48 2163/4333/48
f 2164/4335/49 2166/4339/49 2165/4337/49
f 2166/4339/50 2168/4343/50 2167/4341/50
f 2168/4343/51 2170/4347/51 2169/4345/51
f 2170/4347/52 2172/4351/52 2171/4349/52
f 2172/4351/53 2174/4355/53 2173/4353/53
f 2174/4355/120 2176/4359/120 2175/4357/120
f 2176/4359/121 2178/4363/121 2177/4361/121
f 2178/4363/122 2180/4367/122 2179/4365/122
f 2180/4367/123 2182/4371/123 2181/4369/123
f 2182/4371/124 2184/4375/124 2183/4373/124
f 2184/4375/59 2186/4379/59 2185/4377/59
f 2186/4379/83 2188/4383/83 2187/4381/83
f 2188/4383/61 2190/4388/61 2189/4385/61
f 2188/4384/5 2186/4380/5 2201/4409/5
f 2186/4380/5 2184/4376/5 2197/4401/5
f 2184/4376/5 2182/4372/5 2200/4407/5
f 2184/4376/5 2200/4407/5 2197/4401/5
f 2190/4387/5 2188/4384/5 2204/4415/5
f 2186/4380/5 2197/4401/5 2201/4409/5
f 2130/4267/5 2192/4391/5 2205/4417/5
f 2192/4391/5 2190/4387/5 2206/4420/5
f 2205/4417/5 2192/4391/5 2206/4420/5
f 2134/4276/5 2132/4272/5 2208/4424/5
f 2132/4272/5 2130/4267/5 2205/4417/5
f 2208/4424/5 2207/4422/5 2134/4276/5
f 2205/4417/5 2208/4424/5 2132/4272/5
f 2188/4384/5 2201/4409/5 2204/4415/5
f 2209/4426/5 2206/4420/5 2190/4387/5
f 2140/4288/5 2138/4284/5 2223/4454/5
f 2138/4284/5 2136/4280/5 2214/4436/5
f 2136/4280/5 2134/4276/5 2214/4436/5
f 2134/4276/5 2207/4422/5 2214/4436/5
f 2142/4292/5 2140/4288/5 2217/4442/5
f 2138/4284/5 2214/4436/5 2223/4454/5
f 2146/4300/5 2144/4296/5 2218/4444/5
f 2144/4296/5 2142/4292/5 2220/4448/5
f 2218/4444/5 2144/4296/5 2220/4448/5
f 2150/4308/5 2148/4304/5 2219/4446/5
f 2148/4304/5 2146/4300/5 2218/4444/5
f 2154/4316/5 2152/4312/5 2216/4440/5
f 2152/4312/5 2150/4308/5 2221/4450/5
f 2158/4324/5 2156/4320/5 2213/4434/5
f 2156/4320/5 2154/4316/5 2224/4456/5
f 2162/4332/5 2160/4328/5 2212/4432/5
f 2160/4328/5 2158/4324/5 2211/4430/5
f 2162/4332/5 2210/4428/5 2164/4336/5
f 2166/4340/5 2164/4336/5 2202/4411/5
f 2166/4340/5 2202/4411/5 2203/4413/5
f 2170/4348/5 2168/4344/5 2203/4413/5
f 2168/4344/5 2166/4340/5 2203/4413/5
f 2174/4356/5 2172/4352/5 2196/4399/5
f 2172/4352/5 2170/4348/5 2198/4403/5
f 2198/4403/5 2170/4348/5 2203/4413/5
f 2178/4364/5 2176/4360/5 2193/4393/5
f 2176/4360/5 2174/4356/5 2194/4395/5
f 2193/4393/5 2176/4360/5 2194/4395/5
f 2182/4372/5 2180/4368/5 2195/4397/5
f 2180/4368/5 2178/4364/5 2193/4393/5
f 2195/4397/5 2200/4407/5 2182/4372/5
f 2193/4393/5 2195/4397/5 2180/4368/5
f 2210/4428/5 2162/4332/5 2212/4432/5
f 2154/4316/5 2216/4440/5 2224/4456/5
f 2150/4308/5 2219/4446/5 2221/4450/5
f 2148/4304/5 2218/4444/5 2219/4446/5
f 2140/4288/5 2223/4454/5 2217/4442/5
f 2202/4411/5 2164/4336/5 2210/4428/5
f 2142/4292/5 2217/4442/5 2222/4452/5
f 2199/4405/5 2194/4395/5 2174/4356/5
f 2196/4399/5 2199/4405/5 2174/4356/5
f 2142/4292/5 2222/4452/5 2220/4448/5
f 2198/4403/5 2196/4399/5 2172/4352/5
f 2152/4312/5 2221/4450/5 2216/4440/5
f 2212/4432/5 2160/4328/5 2211/4430/5
f 2156/4320/5 2224/4456/5 2213/4434/5
f 2158/4324/5 2213/4434/5 2215/4438/5
f 2190/4388/62 2192/4392/62 2191/4389/62
f 2192/4392/63 2130/4268/63 2129/4264/63
f 2225/4458/6 2191/4390/6 2129/4265/6
f 2129/4265/6 2131/4270/6 2226/4461/6
f 2131/4270/6 2133/4274/6 2227/4463/6
f 2129/4265/6 2226/4461/6 2225/4458/6
f 2133/4274/6 2135/4278/6 2232/4473/6
f 2135/4278/6 2137/4282/6 2233/4475/6
f 2235/4479/6 2137/4282/6 2139/4286/6
f 2139/4286/6 2141/4290/6 2239/4487/6
f 2141/4290/6 2143/4294/6 2237/4483/6
f 2141/4290/6 2237/4483/6 2239/4487/6
f 2137/4282/6 2235/4479/6 2233/4475/6
f 2139/4286/6 2239/4487/6 2235/4479/6
f 2226/4461/6 2131/4270/6 2227/4463/6
f 2230/4469/6 2227/4463/6 2133/4274/6
f 2135/4278/6 2233/4475/6 2232/4473/6
f 2236/4481/6 2237/4483/6 2143/4294/6
f 2143/4294/6 2145/4298/6 2236/4481/6
f 2145/4298/6 2147/4302/6 2238/4485/6
f 2238/4485/6 2147/4302/6 2240/4489/6
f 2147/4302/6 2149/4306/6 2240/4489/6
f 2149/4306/6 2151/4310/6 2240/4489/6
f 2151/4310/6 2153/4314/6 2234/4477/6
f 2153/4314/6 2155/4318/6 2241/4491/6
f 2151/4310/6 2234/4477/6 2240/4489/6
f 2155/4318/6 2157/4322/6 2229/4467/6
f 2157/4322/6 2159/4326/6 2228/4465/6
f 2159/4326/6 2161/4330/6 2253/4515/6
f 2161/4330/6 2163/4334/6 2254/4517/6
f 2163/4334/6 2165/4338/6 2254/4517/6
f 2165/4338/6 2167/4342/6 2255/4519/6
f 2254/4517/6 2165/4338/6 2255/4519/6
f 2167/4342/6 2169/4346/6 2251/4511/6
f 2169/4346/6 2171/4350/6 2248/4505/6
f 2171/4350/6 2173/4354/6 2246/4501/6
f 2173/4354/6 2175/4358/6 2243/4495/6
f 2175/4358/6 2177/4362/6 2242/4493/6
f 2177/4362/6 2179/4366/6 2245/4499/6
f 2249/4507/6 2179/4366/6 2181/4370/6
f 2181/4370/6 2183/4374/6 2247/4503/6
f 2183/4374/6 2185/4378/6 2247/4503/6
f 2185/4378/6 2187/4382/6 2256/4521/6
f 2247/4503/6 2185/4378/6 2256/4521/6
f 2187/4382/6 2189/4386/6 2252/4513/6
f 2189/4386/6 2191/4390/6 2250/4509/6
f 2191/4390/6 2225/4458/6 2250/4509/6
f 2250/4509/6 2252/4513/6 2189/4386/6
f 2256/4521/6 2187/4382/6 2252/4513/6
f 2179/4366/6 2249/4507/6 2245/4499/6
f 2181/4370/6 2247/4503/6 2249/4507/6
f 2255/4519/6 2167/4342/6 2251/4511/6
f 2248/4505/6 2171/4350/6 2246/4501/6
f 2161/4330/6 2254/4517/6 2253/4515/6
f 2241/4491/6 2155/4318/6 2229/4467/6
f 2238/4485/6 2236/4481/6 2145/4298/6
f 2234/4477/6 2153/4314/6 2241/4491/6
f 2229/4467/6 2157/4322/6 2228/4465/6
f 2177/4362/6 2245/4499/6 2242/4493/6
f 2231/4471/6 2228/4465/6 2159/4326/6
f 2175/4358/6 2242/4493/6 2244/4497/6
f 2175/4358/6 2244/4497/6 2243/4495/6
f 2253/4515/6 2231/4471/6 2159/4326/6
f 2243/4495/6 2246/4501/6 2173/4354/6
f 2258/4526/64 2260/4531/64 2259/4529/64
f 2260/4531/65 2262/4535/65 2261/4533/65
f 2262/4535/66 2264/4539/66 2263/4537/66
f 2264/4539/67 2266/4543/67 2265/4541/67
f 2266/4543/68 2268/4547/68 2267/4545/68
f 2267/4545/69 2268/4547/69 2270/4551/69
f 2270/4551/125 2272/4555/125 2271/4553/125
f 2271/4553/126 2272/4555/126 2274/4559/126
f 2273/4557/127 2274/4559/127 2276/4563/127
f 2276/4563/128 2278/4567/128 2277/4565/128
f 2277/4565/74 2278/4567/74 2280/4571/74
f 2280/4571/86 2282/4575/86 2281/4573/86
f 2282/4575/76 2284/4579/76 2283/4577/76
f 2284/4579/77 2286/4583/77 2285/4581/77
f 2286/4583/78 2288/4587/78 2287/4585/78
f 2288/4587/79 2290/4591/79 2289/4589/79
f 2290/4591/48 2292/4595/48 2291/4593/48
f 2292/4595/49 2294/4599/49 2293/4597/49
f 2293/4597/50 2294/4599/50 2296/4603/50
f 2295/4601/51 2296/4603/51 2298/4607/51
f 2298/4607/52 2300/4611/52 2299/4609/52
f 2300/4611/53 2302/4615/53 2301/4613/53
f 2302/4615/120 2304/4619/120 2303/4617/120
f 2304/4619/121 2306/4623/121 2305/4621/121
f 2306/4623/122 2308/4627/122 2307/4625/122
f 2308/4627/123 2310/4631/123 2309/4629/123
f 2310/4631/124 2312/4635/124 2311/4633/124
f 2312/4635/59 2314/4639/59 2313/4637/59
f 2314/4639/83 2316/4643/83 2315/4641/83
f 2316/4643/61 2318/4648/61 2317/4645/61
f 2316/4644/5 2314/4640/5 2329/4669/5
f 2314/4640/5 2312/4636/5 2325/4661/5
f 2312/4636/5 2310/4632/5 2328/4667/5
f 2312/4636/5 2328/4667/5 2325/4661/5
f 2318/4647/5 2316/4644/5 2332/4675/5
f 2314/4640/5 2325/4661/5 2329/4669/5
f 2258/4527/5 2320/4651/5 2333/4677/5
f 2320/4651/5 2318/4647/5 2334/4680/5
f 2333/4677/5 2320/4651/5 2334/4680/5
f 2262/4536/5 2260/4532/5 2336/4684/5
f 2260/4532/5 2258/4527/5 2333/4677/5
f 2336/4684/5 2335/4682/5 2262/4536/5
f 2333/4677/5 2336/4684/5 2260/4532/5
f 2316/4644/5 2329/4669/5 2332/4675/5
f 2337/4686/5 2334/4680/5 2318/4647/5
f 2268/4548/5 2266/4544/5 2351/4714/5
f 2266/4544/5 2264/4540/5 2342/4696/5
f 2264/4540/5 2262/4536/5 2342/4696/5
f 2262/4536/5 2335/4682/5 2342/4696/5
f 2270/4552/5 2268/4548/5 2345/4702/5
f 2266/4544/5 2342/4696/5 2351/4714/5
f 2274/4560/5 2272/4556/5 2346/4704/5
f 2272/4556/5 2270/4552/5 2348/4708/5
f 2346/4704/5 2272/4556/5 2348/4708/5
f 2278/4568/5 2276/4564/5 2347/4706/5
f 2276/4564/5 2274/4560/5 2346/4704/5
f 2282/4576/5 2280/4572/5 2344/4700/5
f 2280/4572/5 2278/4568/5 2349/4710/5
f 2286/4584/5 2284/4580/5 2341/4694/5
f 2284/4580/5 2282/4576/5 2352/4716/5
f 2290/4592/5 2288/4588/5 2340/4692/5
f 2288/4588/5 2286/4584/5 2339/4690/5
f 2290/4592/5 2338/4688/5 2292/4596/5
f 2294/4600/5 2292/4596/5 2330/4671/5
f 2294/4600/5 2330/4671/5 2331/4673/5
f 2298/4608/5 2296/4604/5 2331/4673/5
f 2296/4604/5 2294/4600/5 2331/4673/5
f 2302/4616/5 2300/4612/5 2324/4659/5
f 2300/4612/5 2298/4608/5 2326/4663/5
f 2326/4663/5 2298/4608/5 2331/4673/5
f 2306/4624/5 2304/4620/5 2321/4653/5
f 2304/4620/5 2302/4616/5 2322/4655/5
f 2321/4653/5 2304/4620/5 2322/4655/5
f 2310/4632/5 2308/4628/5 2323/4657/5
f 2308/4628/5 2306/4624/5 2321/4653/5
f 2323/4657/5 2328/4667/5 2310/4632/5
f 2321/4653/5 2323/4657/5 2308/4628/5
f 2338/4688/5 2290/4592/5 2340/4692/5
f 2282/4576/5 2344/4700/5 2352/4716/5
f 2278/4568/5 2347/4706/5 2349/4710/5
f 2276/4564/5 2346/4704/5 2347/4706/5
f 2268/4548/5 2351/4714/5 2345/4702/5
f 2330/4671/5 2292/4596/5 2338/4688/5
f 2270/4552/5 2345/4702/5 2350/4712/5
f 2327/4665/5 2322/4655/5 2302/4616/5
f 2324/4659/5 2327/4665/5 2302/4616/5
f 2270/4552/5 2350/4712/5 2348/4708/5
f 2326/4663/5 2324/4659/5 2300/4612/5
f 2280/4572/5 2349/4710/5 2344/4700/5
f 2340/4692/5 2288/4588/5 2339/4690/5
f 2284/4580/5 2352/4716/5 2341/4694/5
f 2286/4584/5 2341/4694/5 2343/4698/5
f 2318/4648/62 2320/4652/62 2319/4649/62
f 2320/4652/63 2258/4528/63 2257/4524/63
f 2353/4718/6 2319/4650/6 2257/4525/6
f 2257/4525/6 2259/4530/6 2354/4721/6
f 2259/4530/6 2261/4534/6 2355/4723/6
f 2257/4525/6 2354/4721/6 2353/4718/6
f 2261/4534/6 2263/4538/6 2360/4733/6
f 2263/4538/6 2265/4542/6 2361/4735/6
f 2363/4739/6 2265/4542/6 2267/4546/6
f 2267/4546/6 2269/4550/6 2367/4747/6
f 2269/4550/6 2271/4554/6 2365/4743/6
f 2269/4550/6 2365/4743/6 2367/4747/6
f 2265/4542/6 2363/4739/6 2361/4735/6
f 2267/4546/6 2367/4747/6 2363/4739/6
f 2354/4721/6 2259/4530/6 2355/4723/6
f 2358/4729/6 2355/4723/6 2261/4534/6
f 2263/4538/6 2361/4735/6 2360/4733/6
f 2364/4741/6 2365/4743/6 2271/4554/6
f 2271/4554/6 2273/4558/6 2364/4741/6
f 2273/4558/6 2275/4562/6 2366/4745/6
f 2366/4745/6 2275/4562/6 2368/4749/6
f 2275/4562/6 2277/4566/6 2368/4749/6
f 2277/4566/6 2279/4570/6 2368/4749/6
f 2279/4570/6 2281/4574/6 2362/4737/6
f 2281/4574/6 2283/4578/6 2369/4751/6
f 2279/4570/6 2362/4737/6 2368/4749/6
f 2283/4578/6 2285/4582/6 2357/4727/6
f 2285/4582/6 2287/4586/6 2356/4725/6
f 2287/4586/6 2289/4590/6 2381/4775/6
f 2289/4590/6 2291/4594/6 2382/4777/6
f 2291/4594/6 2293/4598/6 2382/4777/6
f 2293/4598/6 2295/4602/6 2383/4779/6
f 2382/4777/6 2293/4598/6 2383/4779/6
f 2295/4602/6 2297/4606/6 2379/4771/6
f 2297/4606/6 2299/4610/6 2376/4765/6
f 2299/4610/6 2301/4614/6 2374/4761/6
f 2301/4614/6 2303/4618/6 2371/4755/6
f 2303/4618/6 2305/4622/6 2370/4753/6
f 2305/4622/6 2307/4626/6 2373/4759/6
f 2377/4767/6 2307/4626/6 2309/4630/6
f 2309/4630/6 2311/4634/6 2375/4763/6
f 2311/4634/6 2313/4638/6 2375/4763/6
f 2313/4638/6 2315/4642/6 2384/4781/6
f 2375/4763/6 2313/4638/6 2384/4781/6
f 2315/4642/6 2317/4646/6 2380/4773/6
f 2317/4646/6 2319/4650/6 2378/4769/6
f 2319/4650/6 2353/4718/6 2378/4769/6
f 2378/4769/6 2380/4773/6 2317/4646/6
f 2384/4781/6 2315/4642/6 2380/4773/6
f 2307/4626/6 2377/4767/6 2373/4759/6
f 2309/4630/6 2375/4763/6 2377/4767/6
f 2383/4779/6 2295/4602/6 2379/4771/6
f 2376/4765/6 2299/4610/6 2374/4761/6
f 2289/4590/6 2382/4777/6 2381/4775/6
f 2369/4751/6 2283/4578/6 2357/4727/6
f 2366/4745/6 2364/4741/6 2273/4558/6
f 2362/4737/6 2281/4574/6 2369/4751/6
f 2357/4727/6 2285/4582/6 2356/4725/6
f 2305/4622/6 2373/4759/6 2370/4753/6
f 2359/4731/6 2356/4725/6 2287/4586/6
f 2303/4618/6 2370/4753/6 2372/4757/6
f 2303/4618/6 2372/4757/6 2371/4755/6
f 2381/4775/6 2359/4731/6 2287/4586/6
f 2371/4755/6 2374/4761/6 2301/4614/6
f 2386/4786/64 2388/4791/64 2387/4789/64
f 2388/4791/65 2390/4795/65 2389/4793/65
f 2390/4795/66 2392/4799/66 2391/4797/66
f 2392/4799/67 2394/4803/67 2393/4801/67
f 2394/4803/68 2396/4807/68 2395/4805/68
f 2395/4805/69 2396/4807/69 2398/4811/69
f 2398/4811/125 2400/4815/125 2399/4813/125
f 2399/4813/126 2400/4815/126 2402/4819/126
f 2401/4817/127 2402/4819/127 2404/4823/127
f 2404/4823/128 2406/4827/128 2405/4825/128
f 2405/4825/74 2406/4827/74 2408/4831/74
f 2408/4831/86 2410/4835/86 2409/4833/86
f 2410/4835/76 2412/4839/76 2411/4837/76
f 2412/4839/77 2414/4843/77 2413/4841/77
f 2414/4843/78 2416/4847/78 2415/4845/78
f 2416/4847/79 2418/4851/79 2417/4849/79
f 2418/4851/48 2420/4855/48 2419/4853/48
f 2420/4855/49 2422/4859/49 2421/4857/49
f 2422/4859/50 2424/4863/50 2423/4861/50
f 2424/4863/51 2426/4867/51 2425/4865/51
f 2426/4867/52 2428/4871/52 2427/4869/52
f 2428/4871/53 2430/4875/53 2429/4873/53
f 2430/4875/120 2432/4879/120 2431/4877/120
f 2432/4879/121 2434/4883/121 2433/4881/121
f 2434/4883/122 2436/4887/122 2435/4885/122
f 2436/4887/123 2438/4891/123 2437/4889/123
f 2438/4891/124 2440/4895/124 2439/4893/124
f 2440/4895/59 2442/4899/59 2441/4897/59
f 2442/4899/83 2444/4903/83 2443/4901/83
f 2444/4903/61 2446/4908/61 2445/4905/61
f 2444/4904/5 2442/4900/5 2457/4929/5
f 2442/4900/5 2440/4896/5 2453/4921/5
f 2440/4896/5 2438/4892/5 2456/4927/5
f 2440/4896/5 2456/4927/5 2453/4921/5
f 2446/4907/5 2444/4904/5 2460/4935/5
f 2442/4900/5 2453/4921/5 2457/4929/5
f 2386/4787/5 2448/4911/5 2461/4937/5
f 2448/4911/5 2446/4907/5 2462/4940/5
f 2461/4937/5 2448/4911/5 2462/4940/5
f 2390/4796/5 2388/4792/5 2464/4944/5
f 2388/4792/5 2386/4787/5 2461/4937/5
f 2464/4944/5 2463/4942/5 2390/4796/5
f 2461/4937/5 2464/4944/5 2388/4792/5
f 2444/4904/5 2457/4929/5 2460/4935/5
f 2465/4946/5 2462/4940/5 2446/4907/5
f 2396/4808/5 2394/4804/5 2479/4974/5
f 2394/4804/5 2392/4800/5 2470/4956/5
f 2392/4800/5 2390/4796/5 2470/4956/5
f 2390/4796/5 2463/4942/5 2470/4956/5
f 2398/4812/5 2396/4808/5 2473/4962/5
f 2394/4804/5 2470/4956/5 2479/4974/5
f 2402/4820/5 2400/4816/5 2474/4964/5
f 2400/4816/5 2398/4812/5 2476/4968/5
f 2474/4964/5 2400/4816/5 2476/4968/5
f 2406/4828/5 2404/4824/5 2475/4966/5
f 2404/4824/5 2402/4820/5 2474/4964/5
f 2410/4836/5 2408/4832/5 2472/4960/5
f 2408/4832/5 2406/4828/5 2477/4970/5
f 2414/4844/5 2412/4840/5 2469/4954/5
f 2412/4840/5 2410/4836/5 2480/4976/5
f 2418/4852/5 2416/4848/5 2468/4952/5
f 2416/4848/5 2414/4844/5 2467/4950/5
f 2418/4852/5 2466/4948/5 2420/4856/5
f 2422/4860/5 2420/4856/5 2458/4931/5
f 2422/4860/5 2458/4931/5 2459/4933/5
f 2426/4868/5 2424/4864/5 2459/4933/5
f 2424/4864/5 2422/4860/5 2459/4933/5
f 2430/4876/5 2428/4872/5 2452/4919/5
f 2428/4872/5 2426/4868/5 2454/4923/5
f 2454/4923/5 2426/4868/5 2459/4933/5
f 2434/4884/5 2432/4880/5 2449/4913/5
f 2432/4880/5 2430/4876/5 2450/4915/5
f 2449/4913/5 2432/4880/5 2450/4915/5
f 2438/4892/5 2436/4888/5 2451/4917/5
f 2436/4888/5 2434/4884/5 2449/4913/5
f 2451/4917/5 2456/4927/5 2438/4892/5
f 2449/4913/5 2451/4917/5 2436/4888/5
f 2466/4948/5 2418/4852/5 2468/4952/5
f 2410/4836/5 2472/4960/5 2480/4976/5
f 2406/4828/5 2475/4966/5 2477/4970/5
f 2404/4824/5 2474/4964/5 2475/4966/5
f 2396/4808/5 2479/4974/5 2473/4962/5
f 2458/4931/5 2420/4856/5 2466/4948/5
f 2398/4812/5 2473/4962/5 2478/4972/5
f 2455/4925/5 2450/4915/5 2430/4876/5
f 2452/4919/5 2455/4925/5 2430/4876/5
f 2398/4812/5 2478/4972/5 2476/4968/5
f 2454/4923/5 2452/4919/5 2428/4872/5
f 2408/4832/5 2477/4970/5 2472/4960/5
f 2468/4952/5 2416/4848/5 2467/4950/5
f 2412/4840/5 2480/4976/5 2469/4954/5
f 2414/4844/5 2469/4954/5 2471/4958/5
f 2446/4908/62 2448/4912/62 2447/4909/62
f 2448/4912/63 2386/4788/63 2385/4784/63
f 2481/4978/6 2447/4910/6 2385/4785/6
f 2385/4785/6 2387/4790/6 2482/4981/6
f 2387/4790/6 2389/4794/6 2483/4983/6
f 2385/4785/6 2482/4981/6 2481/4978/6
f 2389/4794/6 2391/4798/6 2488/4993/6
f 2391/4798/6 2393/4802/6 2489/4995/6
f 2491/4999/6 2393/4802/6 2395/4806/6
f 2395/4806/6 2397/4810/6 2495/5007/6
f 2397/4810/6 2399/4814/6 2493/5003/6
f 2397/4810/6 2493/5003/6 2495/5007/6
f 2393/4802/6 2491/4999/6 2489/4995/6
f 2395/4806/6 2495/5007/6 2491/4999/6
f 2482/4981/6 2387/4790/6 2483/4983/6
f 2486/4989/6 2483/4983/6 2389/4794/6
f 2391/4798/6 2489/4995/6 2488/4993/6
f 2492/5001/6 2493/5003/6 2399/4814/6
f 2399/4814/6 2401/4818/6 2492/5001/6
f 2401/4818/6 2403/4822/6 2494/5005/6
f 2494/5005/6 2403/4822/6 2496/5009/6
f 2403/4822/6 2405/4826/6 2496/5009/6
f 2405/4826/6 2407/4830/6 2496/5009/6
f 2407/4830/6 2409/4834/6 2490/4997/6
f 2409/4834/6 2411/4838/6 2497/5011/6
f 2407/4830/6 2490/4997/6 2496/5009/6
f 2411/4838/6 2413/4842/6 2485/4987/6
f 2413/4842/6 2415/4846/6 2484/4985/6
f 2415/4846/6 2417/4850/6 2509/5035/6
f 2417/4850/6 2419/4854/6 2510/5037/6
f 2419/4854/6 2421/4858/6 2510/5037/6
f 2421/4858/6 2423/4862/6 2511/5039/6
f 2510/5037/6 2421/4858/6 2511/5039/6
f 2423/4862/6 2425/4866/6 2507/5031/6
f 2425/4866/6 2427/4870/6 2504/5025/6
f 2427/4870/6 2429/4874/6 2502/5021/6
f 2429/4874/6 2431/4878/6 2499/5015/6
f 2431/4878/6 2433/4882/6 2498/5013/6
f 2433/4882/6 2435/4886/6 2501/5019/6
f 2505/5027/6 2435/4886/6 2437/4890/6
f 2437/4890/6 2439/4894/6 2503/5023/6
f 2439/4894/6 2441/4898/6 2503/5023/6
f 2441/4898/6 2443/4902/6 2512/5041/6
f 2503/5023/6 2441/4898/6 2512/5041/6
f 2443/4902/6 2445/4906/6 2508/5033/6
f 2445/4906/6 2447/4910/6 2506/5029/6
f 2447/4910/6 2481/4978/6 2506/5029/6
f 2506/5029/6 2508/5033/6 2445/4906/6
f 2512/5041/6 2443/4902/6 2508/5033/6
f 2435/4886/6 2505/5027/6 2501/5019/6
f 2437/4890/6 2503/5023/6 2505/5027/6
f 2511/5039/6 2423/4862/6 2507/5031/6
f 2504/5025/6 2427/4870/6 2502/5021/6
f 2417/4850/6 2510/5037/6 2509/5035/6
f 2497/5011/6 2411/4838/6 2485/4987/6
f 2494/5005/6 2492/5001/6 2401/4818/6
f 2490/4997/6 2409/4834/6 2497/5011/6
f 2485/4987/6 2413/4842/6 2484/4985/6
f 2433/4882/6 2501/5019/6 2498/5013/6
f 2487/4991/6 2484/4985/6 2415/4846/6
f 2431/4878/6 2498/5013/6 2500/5017/6
f 2431/4878/6 2500/5017/6 2499/5015/6
f 2509/5035/6 2487/4991/6 2415/4846/6
f 2499/5015/6 2502/5021/6 2429/4874/6
f 2514/5046/64 2516/5051/64 2515/5049/64
f 2516/5051/65 2518/5055/65 2517/5053/65
f 2518/5055/66 2520/5059/66 2519/5057/66
f 2520/5059/67 2522/5063/67 2521/5061/67
f 2522/5063/68 2524/5067/68 2523/5065/68
f 2523/5065/69 2524/5067/69 2526/5071/69
f 2526/5071/125 2528/5075/125 2527/5073/125
f 2527/5073/126 2528/5075/126 2530/5079/126
f 2529/5077/127 2530/5079/127 2532/5083/127
f 2532/5083/128 2534/5087/128 2533/5085/128
f 2533/5085/74 2534/5087/74 2536/5091/74
f 2536/5091/86 2538/5095/86 2537/5093/86
f 2538/5095/76 2540/5099/76 2539/5097/76
f 2540/5099/77 2542/5103/77 2541/5101/77
f 2542/5103/78 2544/5107/78 2543/5105/78
f 2544/5107/79 2546/5111/79 2545/5109/79
f 2546/5111/48 2548/5115/48 2547/5113/48
f 2548/5115/49 2550/5119/49 2549/5117/49
f 2549/5117/50 2550/5119/50 2552/5123/50
f 2551/5121/51 2552/5123/51 2554/5127/51
f 2554/5127/52 2556/5131/52 2555/5129/52
f 2556/5131/53 2558/5135/53 2557/5133/53
f 2558/5135/120 2560/5139/120 2559/5137/120
f 2560/5139/121 2562/5143/121 2561/5141/121
f 2562/5143/122 2564/5147/122 2563/5145/122
f 2564/5147/123 2566/5151/123 2565/5149/123
f 2566/5151/124 2568/5155/124 2567/5153/124
f 2568/5155/59 2570/5159/59 2569/5157/59
f 2570/5159/83 2572/5163/83 2571/5161/83
f 2572/5163/61 2574/5168/61 2573/5165/61
f 2572/5164/5 2570/5160/5 2585/5189/5
f 2570/5160/5 2568/5156/5 2581/5181/5
f 2568/5156/5 2566/5152/5 2584/5187/5
f 2568/5156/5 2584/5187/5 2581/5181/5
f 2574/5167/5 2572/5164/5 2588/5195/5
f 2570/5160/5 2581/5181/5 2585/5189/5
f 2514/5047/5 2576/5171/5 2589/5197/5
f 2576/5171/5 2574/5167/5 2590/5200/5
f 2589/5197/5 2576/5171/5 2590/5200/5
f 2518/5056/5 2516/5052/5 2592/5204/5
f 2516/5052/5 2514/5047/5 2589/5197/5
f 2592/5204/5 2591/5202/5 2518/5056/5
f 2589/5197/5 2592/5204/5 2516/5052/5
f 2572/5164/5 2585/5189/5 2588/5195/5
f 2593/5206/5 2590/5200/5 2574/5167/5
f 2524/5068/5 2522/5064/5 2607/5234/5
f 2522/5064/5 2520/5060/5 2598/5216/5
f 2520/5060/5 2518/5056/5 2598/5216/5
f 2518/5056/5 2591/5202/5 2598/5216/5
f 2526/5072/5 2524/5068/5 2601/5222/5
f 2522/5064/5 2598/5216/5 2607/5234/5
f 2530/5080/5 2528/5076/5 2602/5224/5
f 2528/5076/5 2526/5072/5 2604/5228/5
f 2602/5224/5 2528/5076/5 2604/5228/5
f 2534/5088/5 2532/5084/5 2603/5226/5
f 2532/5084/5 2530/5080/5 2602/5224/5
f 2538/5096/5 2536/5092/5 2600/5220/5
f 2536/5092/5 2534/5088/5 2605/5230/5
f 2542/5104/5 2540/5100/5 2597/5214/5
f 2540/5100/5 2538/5096/5 2608/5236/5
f 2546/5112/5 2544/5108/5 2596/5212/5
f 2544/5108/5 2542/5104/5 2595/5210/5
f 2546/5112/5 2594/5208/5 2548/5116/5
f 2550/5120/5 2548/5116/5 2586/5191/5
f 2550/5120/5 2586/5191/5 2587/5193/5
f 2554/5128/5 2552/5124/5 2587/5193/5
f 2552/5124/5 2550/5120/5 2587/5193/5
f 2558/5136/5 2556/5132/5 2580/5179/5
f 2556/5132/5 2554/5128/5 2582/5183/5
f 2582/5183/5 2554/5128/5 2587/5193/5
f 2562/5144/5 2560/5140/5 2577/5173/5
f 2560/5140/5 2558/5136/5 2578/5175/5
f 2577/5173/5 2560/5140/5 2578/5175/5
f 2566/5152/5 2564/5148/5 2579/5177/5
f 2564/5148/5 2562/5144/5 2577/5173/5
f 2579/5177/5 2584/5187/5 2566/5152/5
f 2577/5173/5 2579/5177/5 2564/5148/5
f 2594/5208/5 2546/5112/5 2596/5212/5
f 2538/5096/5 2600/5220/5 2608/5236/5
f 2534/5088/5 2603/5226/5 2605/5230/5
f 2532/5084/5 2602/5224/5 2603/5226/5
f 2524/5068/5 2607/5234/5 2601/5222/5
f 2586/5191/5 2548/5116/5 2594/5208/5
f 2526/5072/5 2601/5222/5 2606/5232/5
f 2583/5185/5 2578/5175/5 2558/5136/5
f 2580/5179/5 2583/5185/5 2558/5136/5
f 2526/5072/5 2606/5232/5 2604/5228/5
f 2582/5183/5 2580/5179/5 2556/5132/5
f 2536/5092/5 2605/5230/5 2600/5220/5
f 2596/5212/5 2544/5108/5 2595/5210/5
f 2540/5100/5 2608/5236/5 2597/5214/5
f 2542/5104/5 2597/5214/5 2599/5218/5
f 2574/5168/62 2576/5172/62 2575/5169/62
f 2576/5172/63 2514/5048/63 2513/5044/63
f 2609/5238/6 2575/5170/6 2513/5045/6
f 2513/5045/6 2515/5050/6 2610/5241/6
f 2515/5050/6 2517/5054/6 2611/5243/6
f 2513/5045/6 2610/5241/6 2609/5238/6
f 2517/5054/6 2519/5058/6 2616/5253/6
f 2519/5058/6 2521/5062/6 2617/5255/6
f 2619/5259/6 2521/5062/6 2523/5066/6
f 2523/5066/6 2525/5070/6 2623/5267/6
f 2525/5070/6 2527/5074/6 2621/5263/6
f 2525/5070/6 2621/5263/6 2623/5267/6
f 2521/5062/6 2619/5259/6 2617/5255/6
f 2523/5066/6 2623/5267/6 2619/5259/6
f 2610/5241/6 2515/5050/6 2611/5243/6
f 2614/5249/6 2611/5243/6 2517/5054/6
f 2519/5058/6 2617/5255/6 2616/5253/6
f 2620/5261/6 2621/5263/6 2527/5074/6
f 2527/5074/6 2529/5078/6 2620/5261/6
f 2529/5078/6 2531/5082/6 2622/5265/6
f 2622/5265/6 2531/5082/6 2624/5269/6
f 2531/5082/6 2533/5086/6 2624/5269/6
f 2533/5086/6 2535/5090/6 2624/5269/6
f 2535/5090/6 2537/5094/6 2618/5257/6
f 2537/5094/6 2539/5098/6 2625/5271/6
f 2535/5090/6 2618/5257/6 2624/5269/6
f 2539/5098/6 2541/5102/6 2613/5247/6
f 2541/5102/6 2543/5106/6 2612/5245/6
f 2543/5106/6 2545/5110/6 2637/5295/6
f 2545/5110/6 2547/5114/6 2638/5297/6
f 2547/5114/6 2549/5118/6 2638/5297/6
f 2549/5118/6 2551/5122/6 2639/5299/6
f 2638/5297/6 2549/5118/6 2639/5299/6
f 2551/5122/6 2553/5126/6 2635/5291/6
f 2553/5126/6 2555/5130/6 2632/5285/6
f 2555/5130/6 2557/5134/6 2630/5281/6
f 2557/5134/6 2559/5138/6 2627/5275/6
f 2559/5138/6 2561/5142/6 2626/5273/6
f 2561/5142/6 2563/5146/6 2629/5279/6
f 2633/5287/6 2563/5146/6 2565/5150/6
f 2565/5150/6 2567/5154/6 2631/5283/6
f 2567/5154/6 2569/5158/6 2631/5283/6
f 2569/5158/6 2571/5162/6 2640/5301/6
f 2631/5283/6 2569/5158/6 2640/5301/6
f 2571/5162/6 2573/5166/6 2636/5293/6
f 2573/5166/6 2575/5170/6 2634/5289/6
f 2575/5170/6 2609/5238/6 2634/5289/6
f 2634/5289/6 2636/5293/6 2573/5166/6
f 2640/5301/6 2571/5162/6 2636/5293/6
f 2563/5146/6 2633/5287/6 2629/5279/6
f 2565/5150/6 2631/5283/6 2633/5287/6
f 2639/5299/6 2551/5122/6 2635/5291/6
f 2632/5285/6 2555/5130/6 2630/5281/6
f 2545/5110/6 2638/5297/6 2637/5295/6
f 2625/5271/6 2539/5098/6 2613/5247/6
f 2622/5265/6 2620/5261/6 2529/5078/6
f 2618/5257/6 2537/5094/6 2625/5271/6
f 2613/5247/6 2541/5102/6 2612/5245/6
f 2561/5142/6 2629/5279/6 2626/5273/6
f 2615/5251/6 2612/5245/6 2543/5106/6
f 2559/5138/6 2626/5273/6 2628/5277/6
f 2559/5138/6 2628/5277/6 2627/5275/6
f 2637/5295/6 2615/5251/6 2543/5106/6
f 2627/5275/6 2630/5281/6 2557/5134/6
f 2642/5306/48 2644/5311/48 2643/5309/48
f 2644/5311/49 2646/5315/49 2645/5313/49
f 2646/5315/50 2648/5319/50 2647/5317/50
f 2648/5319/51 2650/5323/51 2649/5321/51
f 2650/5323/52 2652/5327/52 2651/5325/52
f 2652/5327/53 2654/5331/53 2653/5329/53
f 2654/5331/120 2656/5335/120 2655/5333/120
f 2656/5335/121 2658/5339/121 2657/5337/121
f 2658/5339/122 2660/5343/122 2659/5341/122
f 2660/5343/123 2662/5347/123 2661/5345/123
f 2661/5345/124 2662/5347/124 2664/5351/124
f 2664/5351/59 2666/5355/59 2665/5353/59
f 2665/5353/83 2666/5355/83 2668/5359/83
f 2668/5359/61 2670/5363/61 2669/5361/61
f 2669/5361/62 2670/5363/62 2672/5367/62
f 2671/5365/63 2672/5367/63 2674/5371/63
f 2673/5369/64 2674/5371/64 2676/5375/64
f 2675/5373/65 2676/5375/65 2678/5379/65
f 2678/5379/66 2680/5383/66 2679/5381/66
f 2679/5381/67 2680/5383/67 2682/5387/67
f 2682/5387/68 2684/5391/68 2683/5389/68
f 2683/5389/69 2684/5391/69 2686/5395/69
f 2686/5395/125 2688/5399/125 2687/5397/125
f 2688/5399/126 2690/5403/126 2689/5401/126
f 2690/5403/127 2692/5407/127 2691/5405/127
f 2692/5407/128 2694/5411/128 2693/5409/128
f 2694/5411/74 2696/5415/74 2695/5413/74
f 2696/5415/86 2698/5419/86 2697/5417/86
f 2698/5419/76 2700/5423/76 2699/5421/76
f 2700/5423/77 2702/5428/77 2701/5425/77
f 2700/5424/5 2698/5420/5 2719/5462/5
f 2698/5420/5 2696/5416/5 2711/5445/5
f 2711/5445/5 2696/5416/5 2712/5447/5
f 2696/5416/5 2694/5412/5 2712/5447/5
f 2694/5412/5 2692/5408/5 2712/5447/5
f 2692/5408/5 2690/5404/5 2708/5439/5
f 2690/5404/5 2688/5400/5 2705/5433/5
f 2692/5408/5 2708/5439/5 2712/5447/5
f 2688/5400/5 2686/5396/5 2706/5435/5
f 2686/5396/5 2684/5392/5 2710/5443/5
f 2710/5443/5 2684/5392/5 2709/5441/5
f 2684/5392/5 2682/5388/5 2709/5441/5
f 2682/5388/5 2680/5384/5 2713/5449/5
f 2680/5384/5 2678/5380/5 2713/5449/5
f 2678/5380/5 2720/5464/5 2713/5449/5
f 2682/5388/5 2713/5449/5 2709/5441/5
f 2702/5427/5 2700/5424/5 2714/5451/5
f 2642/5307/5 2704/5431/5 2717/5457/5
f 2704/5431/5 2702/5427/5 2715/5453/5
f 2642/5307/5 2717/5457/5 2716/5455/5
f 2646/5316/5 2644/5312/5 2724/5472/5
f 2644/5312/5 2642/5307/5 2716/5455/5
f 2646/5316/5 2724/5472/5 2727/5478/5
f 2650/5324/5 2648/5320/5 2727/5478/5
f 2648/5320/5 2646/5316/5 2727/5478/5
f 2654/5332/5 2652/5328/5 2730/5484/5
f 2652/5328/5 2650/5324/5 2728/5480/5
f 2728/5480/5 2650/5324/5 2727/5478/5
f 2658/5340/5 2656/5336/5 2731/5486/5
f 2656/5336/5 2654/5332/5 2732/5488/5
f 2731/5486/5 2656/5336/5 2732/5488/5
f 2662/5348/5 2660/5344/5 2734/5492/5
f 2660/5344/5 2658/5340/5 2731/5486/5
f 2734/5492/5 2733/5490/5 2662/5348/5
f 2731/5486/5 2734/5492/5 2660/5344/5
f 2698/5420/5 2711/5445/5 2719/5462/5
f 2724/5472/5 2644/5312/5 2716/5455/5
f 2686/5396/5 2710/5443/5 2706/5435/5
f 2735/5494/5 2732/5488/5 2654/5332/5
f 2730/5484/5 2735/5494/5 2654/5332/5
f 2688/5400/5 2706/5435/5 2707/5437/5
f 2688/5400/5 2707/5437/5 2705/5433/5
f 2728/5480/5 2730/5484/5 2652/5328/5
f 2705/5433/5 2708/5439/5 2690/5404/5
f 2717/5457/5 2704/5431/5 2715/5453/5
f 2700/5424/5 2719/5462/5 2714/5451/5
f 2702/5427/5 2714/5451/5 2718/5460/5
f 2668/5360/5 2666/5356/5 2736/5496/5
f 2666/5356/5 2664/5352/5 2729/5482/5
f 2664/5352/5 2662/5348/5 2729/5482/5
f 2662/5348/5 2733/5490/5 2729/5482/5
f 2670/5364/5 2668/5360/5 2725/5474/5
f 2666/5356/5 2729/5482/5 2736/5496/5
f 2674/5372/5 2672/5368/5 2721/5466/5
f 2672/5368/5 2670/5364/5 2722/5468/5
f 2721/5466/5 2672/5368/5 2722/5468/5
f 2678/5380/5 2676/5376/5 2723/5470/5
f 2676/5376/5 2674/5372/5 2721/5466/5
f 2723/5470/5 2720/5464/5 2678/5380/5
f 2721/5466/5 2723/5470/5 2676/5376/5
f 2668/5360/5 2736/5496/5 2725/5474/5
f 2726/5476/5 2722/5468/5 2670/5364/5
f 2702/5428/78 2704/5432/78 2703/5429/78
f 2704/5432/79 2642/5308/79 2641/5304/79
f 2701/5426/6 2703/5430/6 2762/5550/6
f 2703/5430/6 2641/5305/6 2737/5498/6
f 2701/5426/6 2762/5550/6 2764/5553/6
f 2641/5305/6 2643/5310/6 2738/5501/6
f 2643/5310/6 2645/5314/6 2739/5504/6
f 2641/5305/6 2738/5501/6 2737/5498/6
f 2645/5314/6 2647/5318/6 2744/5513/6
f 2647/5318/6 2649/5322/6 2747/5519/6
f 2747/5519/6 2649/5322/6 2745/5515/6
f 2649/5322/6 2651/5326/6 2745/5515/6
f 2651/5326/6 2653/5330/6 2752/5529/6
f 2653/5330/6 2655/5334/6 2749/5523/6
f 2653/5330/6 2749/5523/6 2752/5529/6
f 2651/5326/6 2752/5529/6 2745/5515/6
f 2697/5418/6 2699/5422/6 2764/5553/6
f 2699/5422/6 2701/5426/6 2764/5553/6
f 2693/5410/6 2695/5414/6 2759/5544/6
f 2695/5414/6 2697/5418/6 2768/5561/6
f 2768/5561/6 2697/5418/6 2764/5553/6
f 2689/5402/6 2691/5406/6 2757/5539/6
f 2691/5406/6 2693/5410/6 2761/5547/6
f 2761/5547/6 2693/5410/6 2759/5544/6
f 2685/5394/6 2687/5398/6 2755/5535/6
f 2687/5398/6 2689/5402/6 2756/5538/6
f 2685/5394/6 2755/5535/6 2758/5541/6
f 2681/5386/6 2683/5390/6 2760/5545/6
f 2683/5390/6 2685/5394/6 2758/5541/6
f 2760/5545/6 2683/5390/6 2758/5541/6
f 2677/5378/6 2679/5382/6 2763/5551/6
f 2679/5382/6 2681/5386/6 2760/5545/6
f 2673/5370/6 2675/5374/6 2766/5557/6
f 2675/5374/6 2677/5378/6 2767/5559/6
f 2767/5559/6 2677/5378/6 2763/5551/6
f 2743/5511/6 2671/5366/6 2673/5370/6
f 2765/5555/6 2743/5511/6 2673/5370/6
f 2679/5382/6 2760/5545/6 2763/5551/6
f 2762/5550/6 2703/5430/6 2737/5498/6
f 2695/5414/6 2768/5561/6 2759/5544/6
f 2766/5557/6 2765/5555/6 2673/5370/6
f 2767/5559/6 2766/5557/6 2675/5374/6
f 2647/5318/6 2747/5519/6 2744/5513/6
f 2645/5314/6 2744/5513/6 2742/5509/6
f 2645/5314/6 2742/5509/6 2739/5504/6
f 2755/5535/6 2687/5398/6 2756/5538/6
f 2739/5504/6 2738/5501/6 2643/5310/6
f 2754/5533/6 2756/5538/6 2689/5402/6
f 2757/5539/6 2754/5533/6 2689/5402/6
f 2748/5521/6 2749/5523/6 2655/5334/6
f 2655/5334/6 2657/5338/6 2748/5521/6
f 2657/5338/6 2659/5342/6 2751/5527/6
f 2751/5527/6 2659/5342/6 2750/5525/6
f 2659/5342/6 2661/5346/6 2750/5525/6
f 2661/5346/6 2663/5350/6 2746/5517/6
f 2663/5350/6 2665/5354/6 2746/5517/6
f 2665/5354/6 2667/5358/6 2753/5531/6
f 2746/5517/6 2665/5354/6 2753/5531/6
f 2667/5358/6 2669/5362/6 2741/5507/6
f 2669/5362/6 2671/5366/6 2740/5505/6
f 2667/5358/6 2741/5507/6 2753/5531/6
f 2671/5366/6 2743/5511/6 2740/5505/6
f 2740/5505/6 2741/5507/6 2669/5362/6
f 2661/5346/6 2746/5517/6 2750/5525/6
f 2770/5566/48 2772/5571/48 2771/5569/48
f 2772/5571/49 2774/5575/49 2773/5573/49
f 2774/5575/50 2776/5579/50 2775/5577/50
f 2776/5579/51 2778/5583/51 2777/5581/51
f 2778/5583/52 2780/5587/52 2779/5585/52
f 2780/5587/53 2782/5591/53 2781/5589/53
f 2782/5591/120 2784/5595/120 2783/5593/120
f 2784/5595/121 2786/5599/121 2785/5597/121
f 2786/5599/122 2788/5603/122 2787/5601/122
f 2788/5603/123 2790/5607/123 2789/5605/123
f 2789/5605/124 2790/5607/124 2792/5611/124
f 2792/5611/59 2794/5615/59 2793/5613/59
f 2793/5613/83 2794/5615/83 2796/5619/83
f 2796/5619/61 2798/5623/61 2797/5621/61
f 2797/5621/62 2798/5623/62 2800/5627/62
f 2799/5625/63 2800/5627/63 2802/5631/63
f 2801/5629/64 2802/5631/64 2804/5635/64
f 2803/5633/65 2804/5635/65 2806/5639/65
f 2806/5639/66 2808/5643/66 2807/5641/66
f 2807/5641/67 2808/5643/67 2810/5647/67
f 2810/5647/68 2812/5651/68 2811/5649/68
f 2811/5649/69 2812/5651/69 2814/5655/69
f 2814/5655/125 2816/5659/125 2815/5657/125
f 2816/5659/126 2818/5663/126 2817/5661/126
f 2818/5663/127 2820/5667/127 2819/5665/127
f 2820/5667/128 2822/5671/128 2821/5669/128
f 2822/5671/74 2824/5675/74 2823/5673/74
f 2824/5675/86 2826/5679/86 2825/5677/86
f 2826/5679/76 2828/5683/76 2827/5681/76
f 2828/5683/77 2830/5688/77 2829/5685/77
f 2828/5684/5 2826/5680/5 2847/5722/5
f 2826/5680/5 2824/5676/5 2839/5705/5
f 2839/5705/5 2824/5676/5 2840/5707/5
f 2824/5676/5 2822/5672/5 2840/5707/5
f 2822/5672/5 2820/5668/5 2840/5707/5
f 2820/5668/5 2818/5664/5 2836/5699/5
f 2818/5664/5 2816/5660/5 2833/5693/5
f 2820/5668/5 2836/5699/5 2840/5707/5
f 2816/5660/5 2814/5656/5 2834/5695/5
f 2814/5656/5 2812/5652/5 2838/5703/5
f 2838/5703/5 2812/5652/5 2837/5701/5
f 2812/5652/5 2810/5648/5 2837/5701/5
f 2810/5648/5 2808/5644/5 2841/5709/5
f 2808/5644/5 2806/5640/5 2841/5709/5
f 2806/5640/5 2848/5724/5 2841/5709/5
f 2810/5648/5 2841/5709/5 2837/5701/5
f 2830/5687/5 2828/5684/5 2842/5711/5
f 2770/5567/5 2832/5691/5 2845/5717/5
f 2832/5691/5 2830/5687/5 2843/5713/5
f 2770/5567/5 2845/5717/5 2844/5715/5
f 2774/5576/5 2772/5572/5 2852/5732/5
f 2772/5572/5 2770/5567/5 2844/5715/5
f 2774/5576/5 2852/5732/5 2855/5738/5
f 2778/5584/5 2776/5580/5 2855/5738/5
f 2776/5580/5 2774/5576/5 2855/5738/5
f 2782/5592/5 2780/5588/5 2858/5744/5
f 2780/5588/5 2778/5584/5 2856/5740/5
f 2856/5740/5 2778/5584/5 2855/5738/5
f 2786/5600/5 2784/5596/5 2859/5746/5
f 2784/5596/5 2782/5592/5 2860/5748/5
f 2859/5746/5 2784/5596/5 2860/5748/5
f 2790/5608/5 2788/5604/5 2862/5752/5
f 2788/5604/5 2786/5600/5 2859/5746/5
f 2862/5752/5 2861/5750/5 2790/5608/5
f 2859/5746/5 2862/5752/5 2788/5604/5
f 2826/5680/5 2839/5705/5 2847/5722/5
f 2852/5732/5 2772/5572/5 2844/5715/5
f 2814/5656/5 2838/5703/5 2834/5695/5
f 2863/5754/5 2860/5748/5 2782/5592/5
f 2858/5744/5 2863/5754/5 2782/5592/5
f 2816/5660/5 2834/5695/5 2835/5697/5
f 2816/5660/5 2835/5697/5 2833/5693/5
f 2856/5740/5 2858/5744/5 2780/5588/5
f 2833/5693/5 2836/5699/5 2818/5664/5
f 2845/5717/5 2832/5691/5 2843/5713/5
f 2828/5684/5 2847/5722/5 2842/5711/5
f 2830/5687/5 2842/5711/5 2846/5720/5
f 2796/5620/5 2794/5616/5 2864/5756/5
f 2794/5616/5 2792/5612/5 2857/5742/5
f 2792/5612/5 2790/5608/5 2857/5742/5
f 2790/5608/5 2861/5750/5 2857/5742/5
f 2798/5624/5 2796/5620/5 2853/5734/5
f 2794/5616/5 2857/5742/5 2864/5756/5
f 2802/5632/5 2800/5628/5 2849/5726/5
f 2800/5628/5 2798/5624/5 2850/5728/5
f 2849/5726/5 2800/5628/5 2850/5728/5
f 2806/5640/5 2804/5636/5 2851/5730/5
f 2804/5636/5 2802/5632/5 2849/5726/5
f 2851/5730/5 2848/5724/5 2806/5640/5
f 2849/5726/5 2851/5730/5 2804/5636/5
f 2796/5620/5 2864/5756/5 2853/5734/5
f 2854/5736/5 2850/5728/5 2798/5624/5
f 2830/5688/78 2832/5692/78 2831/5689/78
f 2832/5692/79 2770/5568/79 2769/5564/79
f 2829/5686/6 2831/5690/6 2890/5810/6
f 2831/5690/6 2769/5565/6 2865/5758/6
f 2829/5686/6 2890/5810/6 2892/5813/6
f 2769/5565/6 2771/5570/6 2866/5761/6
f 2771/5570/6 2773/5574/6 2867/5764/6
f 2769/5565/6 2866/5761/6 2865/5758/6
f 2773/5574/6 2775/5578/6 2872/5773/6
f 2775/5578/6 2777/5582/6 2875/5779/6
f 2875/5779/6 2777/5582/6 2873/5775/6
f 2777/5582/6 2779/5586/6 2873/5775/6
f 2779/5586/6 2781/5590/6 2880/5789/6
f 2781/5590/6 2783/5594/6 2877/5783/6
f 2781/5590/6 2877/5783/6 2880/5789/6
f 2779/5586/6 2880/5789/6 2873/5775/6
f 2825/5678/6 2827/5682/6 2892/5813/6
f 2827/5682/6 2829/5686/6 2892/5813/6
f 2821/5670/6 2823/5674/6 2887/5804/6
f 2823/5674/6 2825/5678/6 2896/5821/6
f 2896/5821/6 2825/5678/6 2892/5813/6
f 2817/5662/6 2819/5666/6 2885/5799/6
f 2819/5666/6 2821/5670/6 2889/5807/6
f 2889/5807/6 2821/5670/6 2887/5804/6
f 2813/5654/6 2815/5658/6 2883/5795/6
f 2815/5658/6 2817/5662/6 2884/5798/6
f 2813/5654/6 2883/5795/6 2886/5801/6
f 2809/5646/6 2811/5650/6 2888/5805/6
f 2811/5650/6 2813/5654/6 2886/5801/6
f 2888/5805/6 2811/5650/6 2886/5801/6
f 2805/5638/6 2807/5642/6 2891/5811/6
f 2807/5642/6 2809/5646/6 2888/5805/6
f 2801/5630/6 2803/5634/6 2894/5817/6
f 2803/5634/6 2805/5638/6 2895/5819/6
f 2895/5819/6 2805/5638/6 2891/5811/6
f 2871/5771/6 2799/5626/6 2801/5630/6
f 2893/5815/6 2871/5771/6 2801/5630/6
f 2807/5642/6 2888/5805/6 2891/5811/6
f 2890/5810/6 2831/5690/6 2865/5758/6
f 2823/5674/6 2896/5821/6 2887/5804/6
f 2894/5817/6 2893/5815/6 2801/5630/6
f 2895/5819/6 2894/5817/6 2803/5634/6
f 2775/5578/6 2875/5779/6 2872/5773/6
f 2773/5574/6 2872/5773/6 2870/5769/6
f 2773/5574/6 2870/5769/6 2867/5764/6
f 2883/5795/6 2815/5658/6 2884/5798/6
f 2867/5764/6 2866/5761/6 2771/5570/6
f 2882/5793/6 2884/5798/6 2817/5662/6
f 2885/5799/6 2882/5793/6 2817/5662/6
f 2876/5781/6 2877/5783/6 2783/5594/6
f 2783/5594/6 2785/5598/6 2876/5781/6
f 2785/5598/6 2787/5602/6 2879/5787/6
f 2879/5787/6 2787/5602/6 2878/5785/6
f 2787/5602/6 2789/5606/6 2878/5785/6
f 2789/5606/6 2791/5610/6 2874/5777/6
f 2791/5610/6 2793/5614/6 2874/5777/6
f 2793/5614/6 2795/5618/6 2881/5791/6
f 2874/5777/6 2793/5614/6 2881/5791/6
f 2795/5618/6 2797/5622/6 2869/5767/6
f 2797/5622/6 2799/5626/6 2868/5765/6
f 2795/5618/6 2869/5767/6 2881/5791/6
f 2799/5626/6 2871/5771/6 2868/5765/6
f 2868/5765/6 2869/5767/6 2797/5622/6
f 2789/5606/6 2874/5777/6 2878/5785/6
f 3118/6326/4 2909/5857/4 2897/5823/4
f 2919/5882/6 2909/5858/6 3118/6327/6
f 2914/5870/2 2919/5881/2 3119/6330/2
f 2897/5824/5 2914/5869/5 3116/6321/5
f 2919/5882/1 2914/5870/1 2897/5825/1
f 3123/6341/4 2906/5850/4 2899/5829/4
f 2915/5872/6 2906/5851/6 3123/6342/6
f 2910/5860/2 2915/5871/2 3122/6339/2
f 2899/5830/5 2910/5859/5 3121/6336/5
f 2915/5872/1 2910/5860/1 2899/5831/1
f 3125/6347/4 2900/5832/4 2903/5841/4
f 2903/5842/6 2911/5861/6 3124/6345/6
f 2911/5862/2 2908/5854/2 3126/6350/2
f 2900/5833/5 3125/6348/5 3126/6351/5
f 2903/5843/3 2900/5834/3 2908/5855/3
f 3128/6356/4 2898/5826/4 2901/5835/4
f 2901/5836/6 2907/5852/6 3130/6363/6
f 2907/5853/2 2905/5847/2 3129/6359/2
f 2898/5827/5 3128/6357/5 3129/6360/5
f 2901/5837/3 2898/5828/3 2905/5848/3
f 3133/6370/79 3135/6375/79 3134/6373/79
f 3135/6375/78 3137/6379/78 3136/6377/78
f 3137/6379/77 3139/6383/77 3138/6381/77
f 3139/6383/76 3141/6387/76 3140/6385/76
f 3141/6387/86 3143/6391/86 3142/6389/86
f 3143/6391/74 3145/6395/74 3144/6393/74
f 3145/6395/128 3147/6399/128 3146/6397/128
f 3147/6399/127 3149/6403/127 3148/6401/127
f 3149/6403/126 3151/6407/126 3150/6405/126
f 3151/6407/125 3153/6411/125 3152/6409/125
f 3153/6411/69 3155/6415/69 3154/6413/69
f 3155/6415/68 3157/6419/68 3156/6417/68
f 3157/6419/67 3159/6423/67 3158/6421/67
f 3159/6423/66 3161/6427/66 3160/6425/66
f 3161/6427/65 3163/6431/65 3162/6429/65
f 3163/6431/64 3165/6435/64 3164/6433/64
f 3165/6435/63 3167/6439/63 3166/6437/63
f 3167/6439/62 3169/6443/62 3168/6441/62
f 3169/6443/61 3171/6447/61 3170/6445/61
f 3171/6447/83 3173/6451/83 3172/6449/83
f 3173/6451/59 3175/6455/59 3174/6453/59
f 3175/6455/124 3177/6459/124 3176/6457/124
f 3177/6459/123 3179/6463/123 3178/6461/123
f 3179/6463/122 3181/6467/122 3180/6465/122
f 3181/6467/121 3183/6471/121 3182/6469/121
f 3183/6471/120 3185/6475/120 3184/6473/120
f 3185/6475/53 3187/6479/53 3186/6477/53
f 3187/6479/52 3189/6483/52 3188/6481/52
f 3189/6483/51 3191/6487/51 3190/6485/51
f 3191/6487/50 3193/6492/50 3192/6489/50
f 3195/6495/6 3193/6491/6 3205/6515/6
f 3193/6491/6 3191/6488/6 3208/6522/6
f 3195/6495/6 3205/6515/6 3207/6519/6
f 3191/6488/6 3189/6484/6 3204/6513/6
f 3189/6484/6 3187/6480/6 3210/6526/6
f 3191/6488/6 3204/6513/6 3208/6522/6
f 3187/6480/6 3185/6476/6 3202/6509/6
f 3185/6476/6 3183/6472/6 3199/6503/6
f 3199/6503/6 3183/6472/6 3196/6497/6
f 3183/6472/6 3181/6468/6 3196/6497/6
f 3181/6468/6 3179/6464/6 3198/6501/6
f 3179/6464/6 3177/6460/6 3198/6501/6
f 3177/6460/6 3175/6456/6 3197/6499/6
f 3198/6501/6 3177/6460/6 3197/6499/6
f 3175/6456/6 3173/6452/6 3200/6505/6
f 3173/6452/6 3171/6448/6 3209/6524/6
f 3175/6456/6 3200/6505/6 3197/6499/6
f 3171/6448/6 3169/6444/6 3203/6511/6
f 3169/6444/6 3211/6528/6 3203/6511/6
f 3181/6468/6 3198/6501/6 3196/6497/6
f 3135/6376/6 3133/6371/6 3207/6519/6
f 3133/6371/6 3195/6495/6 3207/6519/6
f 3139/6384/6 3137/6380/6 3218/6542/6
f 3137/6380/6 3135/6376/6 3206/6517/6
f 3206/6517/6 3135/6376/6 3207/6519/6
f 3143/6392/6 3141/6388/6 3221/6548/6
f 3141/6388/6 3139/6384/6 3216/6538/6
f 3216/6538/6 3139/6384/6 3218/6542/6
f 3147/6400/6 3145/6396/6 3223/6552/6
f 3145/6396/6 3143/6392/6 3226/6558/6
f 3147/6400/6 3223/6552/6 3222/6550/6
f 3151/6408/6 3149/6404/6 3225/6556/6
f 3149/6404/6 3147/6400/6 3222/6550/6
f 3225/6556/6 3149/6404/6 3222/6550/6
f 3224/6554/6 3153/6412/6 3225/6556/6
f 3153/6412/6 3151/6408/6 3225/6556/6
f 3205/6515/6 3193/6491/6 3208/6522/6
f 3171/6448/6 3203/6511/6 3209/6524/6
f 3209/6524/6 3200/6505/6 3173/6452/6
f 3137/6380/6 3206/6517/6 3218/6542/6
f 3223/6552/6 3145/6396/6 3226/6558/6
f 3219/6544/6 3226/6558/6 3143/6392/6
f 3221/6548/6 3219/6544/6 3143/6392/6
f 3185/6476/6 3199/6503/6 3202/6509/6
f 3216/6538/6 3221/6548/6 3141/6388/6
f 3187/6480/6 3202/6509/6 3201/6507/6
f 3187/6480/6 3201/6507/6 3210/6526/6
f 3159/6424/6 3157/6420/6 3227/6560/6
f 3157/6420/6 3155/6416/6 3220/6546/6
f 3155/6416/6 3153/6412/6 3220/6546/6
f 3153/6412/6 3224/6554/6 3220/6546/6
f 3161/6428/6 3159/6424/6 3217/6540/6
f 3157/6420/6 3220/6546/6 3227/6560/6
f 3165/6436/6 3163/6432/6 3212/6530/6
f 3163/6432/6 3161/6428/6 3213/6532/6
f 3212/6530/6 3163/6432/6 3213/6532/6
f 3169/6444/6 3167/6440/6 3214/6534/6
f 3167/6440/6 3165/6436/6 3212/6530/6
f 3214/6534/6 3211/6528/6 3169/6444/6
f 3212/6530/6 3214/6534/6 3167/6440/6
f 3159/6424/6 3227/6560/6 3217/6540/6
f 3215/6536/6 3213/6532/6 3161/6428/6
f 3193/6492/49 3195/6496/49 3194/6493/49
f 3195/6496/48 3133/6372/48 3132/6368/48
f 3192/6490/5 3194/6494/5 3259/6625/5
f 3194/6494/5 3132/6369/5 3228/6562/5
f 3192/6490/5 3259/6625/5 3253/6613/5
f 3132/6369/5 3134/6374/5 3229/6565/5
f 3134/6374/5 3136/6378/5 3230/6567/5
f 3132/6369/5 3229/6565/5 3228/6562/5
f 3136/6378/5 3138/6382/5 3235/6577/5
f 3138/6382/5 3140/6386/5 3236/6579/5
f 3236/6579/5 3140/6386/5 3238/6583/5
f 3140/6386/5 3142/6390/5 3238/6583/5
f 3142/6390/5 3144/6394/5 3243/6593/5
f 3144/6394/5 3146/6398/5 3243/6593/5
f 3146/6398/5 3240/6587/5 3243/6593/5
f 3142/6390/5 3243/6593/5 3238/6583/5
f 3188/6482/5 3190/6486/5 3253/6613/5
f 3190/6486/5 3192/6490/5 3253/6613/5
f 3184/6474/5 3186/6478/5 3250/6607/5
f 3186/6478/5 3188/6482/5 3255/6617/5
f 3255/6617/5 3188/6482/5 3253/6613/5
f 3180/6466/5 3182/6470/5 3248/6603/5
f 3182/6470/5 3184/6474/5 3252/6611/5
f 3252/6611/5 3184/6474/5 3250/6607/5
f 3176/6458/5 3178/6462/5 3246/6599/5
f 3178/6462/5 3180/6466/5 3247/6601/5
f 3176/6458/5 3246/6599/5 3249/6605/5
f 3172/6450/5 3174/6454/5 3251/6609/5
f 3174/6454/5 3176/6458/5 3249/6605/5
f 3251/6609/5 3174/6454/5 3249/6605/5
f 3168/6442/5 3170/6446/5 3254/6615/5
f 3170/6446/5 3172/6450/5 3251/6609/5
f 3164/6434/5 3166/6438/5 3257/6621/5
f 3166/6438/5 3168/6442/5 3258/6623/5
f 3258/6623/5 3168/6442/5 3254/6615/5
f 3234/6575/5 3162/6430/5 3164/6434/5
f 3256/6619/5 3234/6575/5 3164/6434/5
f 3170/6446/5 3251/6609/5 3254/6615/5
f 3259/6625/5 3194/6494/5 3228/6562/5
f 3186/6478/5 3255/6617/5 3250/6607/5
f 3257/6621/5 3256/6619/5 3164/6434/5
f 3258/6623/5 3257/6621/5 3166/6438/5
f 3138/6382/5 3236/6579/5 3235/6577/5
f 3136/6378/5 3235/6577/5 3233/6573/5
f 3136/6378/5 3233/6573/5 3230/6567/5
f 3246/6599/5 3178/6462/5 3247/6601/5
f 3230/6567/5 3229/6565/5 3134/6374/5
f 3245/6597/5 3247/6601/5 3180/6466/5
f 3248/6603/5 3245/6597/5 3180/6466/5
f 3239/6585/5 3240/6587/5 3146/6398/5
f 3146/6398/5 3148/6402/5 3239/6585/5
f 3148/6402/5 3150/6406/5 3242/6591/5
f 3242/6591/5 3150/6406/5 3241/6589/5
f 3150/6406/5 3152/6410/5 3241/6589/5
f 3152/6410/5 3154/6414/5 3237/6581/5
f 3154/6414/5 3156/6418/5 3237/6581/5
f 3156/6418/5 3158/6422/5 3244/6595/5
f 3237/6581/5 3156/6418/5 3244/6595/5
f 3158/6422/5 3160/6426/5 3232/6571/5
f 3160/6426/5 3162/6430/5 3231/6569/5
f 3158/6422/5 3232/6571/5 3244/6595/5
f 3162/6430/5 3234/6575/5 3231/6569/5
f 3231/6569/5 3232/6571/5 3160/6426/5
f 3152/6410/5 3237/6581/5 3241/6589/5
f 3261/6630/79 3263/6635/79 3262/6633/79
f 3263/6635/78 3265/6639/78 3264/6637/78
f 3265/6639/77 3267/6643/77 3266/6641/77
f 3267/6643/76 3269/6647/76 3268/6645/76
f 3269/6647/86 3271/6651/86 3270/6649/86
f 3271/6651/74 3273/6655/74 3272/6653/74
f 3273/6655/128 3275/6659/128 3274/6657/128
f 3275/6659/127 3277/6663/127 3276/6661/127
f 3277/6663/126 3279/6667/126 3278/6665/126
f 3279/6667/125 3281/6671/125 3280/6669/125
f 3281/6671/69 3283/6675/69 3282/6673/69
f 3283/6675/68 3285/6679/68 3284/6677/68
f 3285/6679/67 3287/6683/67 3286/6681/67
f 3287/6683/66 3289/6687/66 3288/6685/66
f 3289/6687/65 3291/6691/65 3290/6689/65
f 3291/6691/64 3293/6695/64 3292/6693/64
f 3293/6695/63 3295/6699/63 3294/6697/63
f 3295/6699/62 3297/6703/62 3296/6701/62
f 3297/6703/61 3299/6707/61 3298/6705/61
f 3299/6707/83 3301/6711/83 3300/6709/83
f 3301/6711/59 3303/6715/59 3302/6713/59
f 3303/6715/124 3305/6719/124 3304/6717/124
f 3305/6719/123 3307/6723/123 3306/6721/123
f 3307/6723/122 3309/6727/122 3308/6725/122
f 3309/6727/121 3311/6731/121 3310/6729/121
f 3311/6731/120 3313/6735/120 3312/6733/120
f 3313/6735/53 3315/6739/53 3314/6737/53
f 3315/6739/52 3317/6743/52 3316/6741/52
f 3317/6743/51 3319/6747/51 3318/6745/51
f 3319/6747/50 3321/6752/50 3320/6749/50
f 3323/6755/6 3321/6751/6 3333/6775/6
f 3321/6751/6 3319/6748/6 3336/6782/6
f 3323/6755/6 3333/6775/6 3335/6779/6
f 3319/6748/6 3317/6744/6 3332/6773/6
f 3317/6744/6 3315/6740/6 3338/6786/6
f 3319/6748/6 3332/6773/6 3336/6782/6
f 3315/6740/6 3313/6736/6 3330/6769/6
f 3313/6736/6 3311/6732/6 3327/6763/6
f 3327/6763/6 3311/6732/6 3324/6757/6
f 3311/6732/6 3309/6728/6 3324/6757/6
f 3309/6728/6 3307/6724/6 3326/6761/6
f 3307/6724/6 3305/6720/6 3326/6761/6
f 3305/6720/6 3303/6716/6 3325/6759/6
f 3326/6761/6 3305/6720/6 3325/6759/6
f 3303/6716/6 3301/6712/6 3328/6765/6
f 3301/6712/6 3299/6708/6 3337/6784/6
f 3303/6716/6 3328/6765/6 3325/6759/6
f 3299/6708/6 3297/6704/6 3331/6771/6
f 3297/6704/6 3339/6788/6 3331/6771/6
f 3309/6728/6 3326/6761/6 3324/6757/6
f 3263/6636/6 3261/6631/6 3335/6779/6
f 3261/6631/6 3323/6755/6 3335/6779/6
f 3267/6644/6 3265/6640/6 3346/6802/6
f 3265/6640/6 3263/6636/6 3334/6777/6
f 3334/6777/6 3263/6636/6 3335/6779/6
f 3271/6652/6 3269/6648/6 3349/6808/6
f 3269/6648/6 3267/6644/6 3344/6798/6
f 3344/6798/6 3267/6644/6 3346/6802/6
f 3275/6660/6 3273/6656/6 3351/6812/6
f 3273/6656/6 3271/6652/6 3354/6818/6
f 3275/6660/6 3351/6812/6 3350/6810/6
f 3279/6668/6 3277/6664/6 3353/6816/6
f 3277/6664/6 3275/6660/6 3350/6810/6
f 3353/6816/6 3277/6664/6 3350/6810/6
f 3352/6814/6 3281/6672/6 3353/6816/6
f 3281/6672/6 3279/6668/6 3353/6816/6
f 3333/6775/6 3321/6751/6 3336/6782/6
f 3299/6708/6 3331/6771/6 3337/6784/6
f 3337/6784/6 3328/6765/6 3301/6712/6
f 3265/6640/6 3334/6777/6 3346/6802/6
f 3351/6812/6 3273/6656/6 3354/6818/6
f 3347/6804/6 3354/6818/6 3271/6652/6
f 3349/6808/6 3347/6804/6 3271/6652/6
f 3313/6736/6 3327/6763/6 3330/6769/6
f 3344/6798/6 3349/6808/6 3269/6648/6
f 3315/6740/6 3330/6769/6 3329/6767/6
f 3315/6740/6 3329/6767/6 3338/6786/6
f 3287/6684/6 3285/6680/6 3355/6820/6
f 3285/6680/6 3283/6676/6 3348/6806/6
f 3283/6676/6 3281/6672/6 3348/6806/6
f 3281/6672/6 3352/6814/6 3348/6806/6
f 3289/6688/6 3287/6684/6 3345/6800/6
f 3285/6680/6 3348/6806/6 3355/6820/6
f 3293/6696/6 3291/6692/6 3340/6790/6
f 3291/6692/6 3289/6688/6 3341/6792/6
f 3340/6790/6 3291/6692/6 3341/6792/6
f 3297/6704/6 3295/6700/6 3342/6794/6
f 3295/6700/6 3293/6696/6 3340/6790/6
f 3342/6794/6 3339/6788/6 3297/6704/6
f 3340/6790/6 3342/6794/6 3295/6700/6
f 3287/6684/6 3355/6820/6 3345/6800/6
f 3343/6796/6 3341/6792/6 3289/6688/6
f 3321/6752/49 3323/6756/49 3322/6753/49
f 3323/6756/48 3261/6632/48 3260/6628/48
f 3320/6750/5 3322/6754/5 3387/6885/5
f 3322/6754/5 3260/6629/5 3356/6822/5
f 3320/6750/5 3387/6885/5 3381/6873/5
f 3260/6629/5 3262/6634/5 3357/6825/5
f 3262/6634/5 3264/6638/5 3358/6827/5
f 3260/6629/5 3357/6825/5 3356/6822/5
f 3264/6638/5 3266/6642/5 3363/6837/5
f 3266/6642/5 3268/6646/5 3364/6839/5
f 3364/6839/5 3268/6646/5 3366/6843/5
f 3268/6646/5 3270/6650/5 3366/6843/5
f 3270/6650/5 3272/6654/5 3371/6853/5
f 3272/6654/5 3274/6658/5 3368/6847/5
f 3272/6654/5 3368/6847/5 3371/6853/5
f 3270/6650/5 3371/6853/5 3366/6843/5
f 3316/6742/5 3318/6746/5 3381/6873/5
f 3318/6746/5 3320/6750/5 3381/6873/5
f 3312/6734/5 3314/6738/5 3378/6867/5
f 3314/6738/5 3316/6742/5 3383/6877/5
f 3383/6877/5 3316/6742/5 3381/6873/5
f 3308/6726/5 3310/6730/5 3376/6863/5
f 3310/6730/5 3312/6734/5 3380/6871/5
f 3380/6871/5 3312/6734/5 3378/6867/5
f 3304/6718/5 3306/6722/5 3374/6859/5
f 3306/6722/5 3308/6726/5 3375/6861/5
f 3304/6718/5 3374/6859/5 3377/6865/5
f 3300/6710/5 3302/6714/5 3379/6869/5
f 3302/6714/5 3304/6718/5 3377/6865/5
f 3379/6869/5 3302/6714/5 3377/6865/5
f 3296/6702/5 3298/6706/5 3382/6875/5
f 3298/6706/5 3300/6710/5 3379/6869/5
f 3292/6694/5 3294/6698/5 3385/6881/5
f 3294/6698/5 3296/6702/5 3386/6883/5
f 3386/6883/5 3296/6702/5 3382/6875/5
f 3362/6835/5 3290/6690/5 3292/6694/5
f 3384/6879/5 3362/6835/5 3292/6694/5
f 3298/6706/5 3379/6869/5 3382/6875/5
f 3387/6885/5 3322/6754/5 3356/6822/5
f 3314/6738/5 3383/6877/5 3378/6867/5
f 3385/6881/5 3384/6879/5 3292/6694/5
f 3386/6883/5 3385/6881/5 3294/6698/5
f 3266/6642/5 3364/6839/5 3363/6837/5
f 3264/6638/5 3363/6837/5 3361/6833/5
f 3264/6638/5 3361/6833/5 3358/6827/5
f 3374/6859/5 3306/6722/5 3375/6861/5
f 3358/6827/5 3357/6825/5 3262/6634/5
f 3373/6857/5 3375/6861/5 3308/6726/5
f 3376/6863/5 3373/6857/5 3308/6726/5
f 3367/6845/5 3368/6847/5 3274/6658/5
f 3274/6658/5 3276/6662/5 3367/6845/5
f 3276/6662/5 3278/6666/5 3370/6851/5
f 3370/6851/5 3278/6666/5 3369/6849/5
f 3278/6666/5 3280/6670/5 3369/6849/5
f 3280/6670/5 3282/6674/5 3365/6841/5
f 3282/6674/5 3284/6678/5 3365/6841/5
f 3284/6678/5 3286/6682/5 3372/6855/5
f 3365/6841/5 3284/6678/5 3372/6855/5
f 3286/6682/5 3288/6686/5 3360/6831/5
f 3288/6686/5 3290/6690/5 3359/6829/5
f 3286/6682/5 3360/6831/5 3372/6855/5
f 3290/6690/5 3362/6835/5 3359/6829/5
f 3359/6829/5 3360/6831/5 3288/6686/5
f 3280/6670/5 3365/6841/5 3369/6849/5
f 3392/6898/3 3404/6926/3 3602/7332/3
f 3404/6927/5 3411/6943/5 3601/7329/5
f 3411/6944/1 3406/6932/1 3604/7337/1
f 3392/6899/6 3603/7335/6 3604/7338/6
f 3411/6945/4 3404/6928/4 3392/6900/4
f 3395/6905/3 3399/6914/3 3605/7341/3
f 3399/6915/5 3407/6933/5 3608/7350/5
f 3407/6934/1 3403/6925/1 3607/7346/1
f 3395/6906/6 3606/7344/6 3607/7347/6
f 3407/6935/4 3399/6916/4 3395/6907/4
f 3390/6893/3 3609/7353/3 3610/7355/3
f 3402/6923/5 3393/6902/5 3610/7356/5
f 3397/6911/1 3402/6923/1 3611/7359/1
f 3390/6894/6 3397/6911/6 3612/7362/6
f 3402/6923/2 3397/6912/2 3390/6895/2
f 3389/6891/3 3613/7364/3 3614/7367/3
f 3398/6913/5 3391/6897/5 3614/7368/5
f 3398/6913/1 3616/7374/1 3615/7370/1
f 3394/6903/6 3615/7371/6 3613/7365/6
f 3398/6913/2 3394/6904/2 3389/6892/2
f 41/65/8 158/263/8 48/77/8
f 153/256/8 45/71/8 34/54/8
f 38/60/11 160/265/11 1/2/11
f 41/65/8 161/266/8 158/263/8
f 153/256/8 151/254/8 45/71/8
f 38/60/11 150/253/11 160/265/11
usemtl Material.024
f 105/174/6 103/171/6 102/170/6
f 107/176/6 104/173/6 106/175/6
f 111/180/6 104/173/6 112/181/6
f 102/169/2 117/190/2 104/173/2
f 103/172/4 116/187/4 114/183/4
f 135/221/3 140/230/3 138/225/3
f 203/341/6 205/345/6 132/217/6
f 133/219/6 130/215/6 129/214/6
f 128/213/6 135/222/6 131/216/6
f 141/231/1 205/345/1 197/328/1
f 139/227/1 204/343/1 131/216/1
f 39/61/2 180/295/2 181/296/2
f 29/47/2 177/292/2 179/294/2
f 43/67/1 181/296/1 185/300/1
f 127/212/9 53/84/9 136/223/9
f 126/211/10 44/69/10 31/50/10
f 40/63/10 137/224/10 132/217/10
f 180/295/3 32/51/3 184/299/3
f 51/82/11 126/211/11 31/49/11
f 151/254/6 156/261/6 161/266/6
f 153/256/6 154/257/6 152/255/6
f 155/260/6 158/263/6 156/261/6
f 152/255/1 165/274/1 156/261/1
f 128/213/8 53/85/8 44/68/8
f 154/258/3 164/272/3 162/267/3
f 21/37/11 134/220/11 137/224/11
f 134/220/9 50/80/9 130/215/9
f 184/299/6 174/289/6 180/295/6
f 183/298/6 176/291/6 182/297/6
f 182/297/6 175/290/6 185/300/6
f 175/290/4 189/308/4 186/301/4
f 174/289/2 188/306/2 176/291/2
f 187/304/3 175/290/3 186/301/3
f 139/228/2 135/222/2 138/226/2
f 112/181/3 42/66/3 113/182/3
f 54/86/1 110/179/1 107/176/1
f 113/182/4 54/86/4 107/176/4
f 117/190/1 106/175/1 104/173/1
f 154/258/2 163/270/2 152/255/2
f 189/308/1 176/291/1 188/306/1
f 133/219/4 141/232/4 140/229/4
f 269/481/3 301/533/3 302/537/3
f 307/548/3 271/483/3 305/542/3
f 271/483/3 302/537/3 305/542/3
f 304/541/1 270/482/1 306/544/1
f 300/531/1 268/480/1 303/539/1
f 270/482/1 303/539/1 268/480/1
f 288/508/1 270/482/1 268/480/1
f 269/481/3 292/514/3 289/509/3
f 268/480/6 309/553/6 269/481/6
f 300/531/1 308/551/1 268/480/1
f 301/533/3 269/481/3 309/553/3
f 270/482/6 310/555/6 311/556/6
f 310/555/3 271/483/3 307/548/3
f 306/544/1 270/482/1 311/556/1
f 293/515/6 290/510/6 298/526/6
f 299/529/6 292/514/6 297/524/6
f 288/508/6 294/517/6 291/512/6
f 288/508/4 269/481/4 289/509/4
f 290/510/2 271/483/2 270/482/2
f 320/580/5 339/629/5 332/612/5
f 321/583/1 323/587/1 320/581/1
f 331/610/1 322/586/1 325/594/1
f 321/583/1 326/596/1 330/607/1
f 339/629/2 326/596/2 338/627/2
f 334/618/4 320/582/4 332/613/4
f 321/585/6 338/627/6 326/596/6
f 404/775/6 407/784/6 400/763/6
f 398/761/6 408/786/6 405/779/6
f 407/784/6 409/790/6 401/767/6
f 407/783/3 410/792/3 420/812/3
f 398/761/1 421/816/1 412/796/1
f 399/762/2 420/814/2 421/816/2
f 410/793/4 398/761/4 412/796/4
f 425/820/6 429/828/6 423/818/6
f 423/818/1 424/819/1 425/820/1
f 422/817/5 426/822/5 424/819/5
f 423/818/2 428/826/2 422/817/2
f 424/819/4 427/824/4 425/820/4
f 485/939/6 501/980/6 498/972/6
f 484/937/1 489/947/1 485/940/1
f 486/941/1 492/956/1 490/950/1
f 491/953/1 485/940/1 495/964/1
f 484/937/2 498/974/2 496/967/2
f 486/941/5 496/969/5 500/978/5
f 487/942/4 500/978/4 501/980/4
f 518/1010/3 530/1035/3 519/1012/3
f 516/1007/1 525/1025/1 524/1023/1
f 519/1012/4 534/1045/4 535/1047/4
f 532/1039/2 518/1011/2 533/1041/2
f 517/1009/1 532/1040/1 534/1045/1
f 519/1012/3 533/1043/3 518/1010/3
f 521/1017/6 524/1024/6 520/1014/6
f 525/1025/6 529/1034/6 528/1032/6
f 531/1037/6 522/1019/6 523/1022/6
f 517/1009/4 530/1035/4 525/1025/4
f 526/1027/2 516/1008/2 524/1024/2
f 576/1140/5 578/1146/5 580/1150/5
f 574/1137/1 577/1143/1 575/1139/1
f 575/1138/6 581/1155/6 579/1147/6
f 574/1137/2 579/1149/2 578/1144/2
f 577/1143/4 580/1152/4 581/1153/4
f 602/1207/2 590/1176/2 606/1216/2
f 601/1204/6 599/1197/6 598/1195/6
f 591/1177/6 594/1185/6 597/1192/6
f 590/1176/6 592/1178/6 593/1182/6
f 590/1176/3 623/1265/3 606/1216/3
f 591/1177/4 622/1263/4 623/1265/4
f 597/1193/1 602/1208/1 622/1261/1
f 638/1295/4 641/1298/4 642/1299/4
f 635/1292/2 643/1300/2 640/1297/2
f 643/1300/3 638/1295/3 642/1299/3
f 638/1295/6 635/1292/6 636/1293/6
f 675/1377/6 627/1274/6 679/1386/6
f 668/1363/13 686/1404/13 684/1399/13
f 631/1285/1 632/1287/1 641/1298/1
f 642/1299/31 633/1289/31 629/1279/31
f 641/1298/4 633/1289/4 642/1299/4
f 636/1293/1 640/1297/1 641/1298/1
f 679/1386/2 643/1300/2 675/1377/2
f 651/1316/2 647/1309/2 646/1306/2
f 650/1314/5 646/1307/5 644/1301/5
f 650/1315/4 645/1304/4 648/1311/4
f 648/1311/1 651/1318/1 650/1313/1
f 649/1312/6 645/1304/6 647/1309/6
f 698/1427/3 690/1413/3 699/1430/3
f 696/1425/1 692/1418/1 695/1424/1
f 696/1425/2 690/1414/2 689/1411/2
f 699/1430/6 695/1424/6 698/1427/6
f 698/1428/4 692/1418/4 693/1420/4
f 705/1440/5 700/1431/5 704/1439/5
f 704/1439/4 701/1433/4 706/1441/4
f 706/1441/6 703/1437/6 707/1442/6
f 706/1441/1 705/1440/1 704/1439/1
f 707/1442/2 702/1435/2 705/1440/2
f 748/1534/4 742/1521/4 743/1523/4
f 752/1540/1 742/1521/1 751/1539/1
f 752/1540/2 747/1531/2 745/1528/2
f 752/1540/6 748/1535/6 749/1536/6
f 748/1535/3 747/1532/3 749/1536/3
f 759/1558/4 755/1548/4 756/1550/4
f 758/1555/2 754/1545/2 753/1541/2
f 757/1554/6 753/1542/6 755/1547/6
f 760/1561/3 757/1554/3 759/1557/3
f 760/1562/5 756/1551/5 754/1544/5
f 831/1727/3 835/1739/3 833/1732/3
f 830/1725/6 832/1730/6 831/1726/6
f 832/1731/4 836/1741/4 835/1737/4
f 829/1724/1 834/1736/1 836/1741/1
f 831/1728/2 834/1736/2 830/1725/2
f 794/1648/4 839/1744/4 837/1742/4
f 797/1656/3 846/1753/3 845/1750/3
f 840/1745/2 842/1747/2 844/1749/2
f 838/1743/2 850/1763/2 847/1754/2
f 838/1743/6 847/1754/6 849/1761/6
f 850/1763/5 840/1745/5 839/1744/5
f 841/1746/3 844/1749/3 842/1747/3
f 838/1743/6 841/1746/6 842/1747/6
f 839/1744/5 844/1749/5 843/1748/5
f 843/1748/4 837/1742/4 839/1744/4
f 105/174/6 109/178/6 103/171/6
f 107/176/6 110/179/6 104/173/6
f 113/182/6 107/176/6 106/175/6
f 106/175/6 103/171/6 108/177/6
f 103/171/6 109/178/6 108/177/6
f 113/182/6 106/175/6 108/177/6
f 111/180/6 105/174/6 102/170/6
f 113/182/6 108/177/6 111/180/6
f 104/173/6 110/179/6 112/181/6
f 112/181/6 113/182/6 111/180/6
f 111/180/6 102/170/6 104/173/6
f 102/169/2 115/186/2 117/190/2
f 103/172/4 106/175/4 116/187/4
f 135/221/3 133/218/3 140/230/3
f 137/224/6 134/220/6 133/219/6
f 133/219/6 135/222/6 127/212/6
f 135/222/6 126/211/6 127/212/6
f 137/224/6 133/219/6 127/212/6
f 136/223/6 128/213/6 131/216/6
f 137/224/6 127/212/6 203/341/6
f 127/212/6 136/223/6 202/339/6
f 203/341/6 127/212/6 202/339/6
f 129/214/6 130/215/6 132/217/6
f 132/217/6 137/224/6 203/341/6
f 136/223/6 131/216/6 204/343/6
f 136/223/6 204/343/6 202/339/6
f 129/214/6 132/217/6 205/345/6
f 133/219/6 134/220/6 130/215/6
f 128/213/6 126/211/6 135/222/6
f 141/231/1 129/214/1 205/345/1
f 139/227/1 196/326/1 204/343/1
f 39/61/2 17/32/2 180/295/2
f 29/47/2 6/15/2 177/292/2
f 43/67/1 39/61/1 181/296/1
f 127/212/9 51/81/9 53/84/9
f 126/211/10 128/213/10 44/69/10
f 40/63/10 21/36/10 137/224/10
f 180/295/3 17/31/3 32/51/3
f 51/82/11 127/212/11 126/211/11
f 159/264/6 157/262/6 155/260/6
f 155/260/6 154/257/6 150/253/6
f 154/257/6 160/265/6 150/253/6
f 159/264/6 155/260/6 150/253/6
f 151/254/6 153/256/6 152/255/6
f 159/264/6 150/253/6 151/254/6
f 156/261/6 158/263/6 161/266/6
f 161/266/6 159/264/6 151/254/6
f 151/254/6 152/255/6 156/261/6
f 153/256/6 160/265/6 154/257/6
f 155/260/6 157/262/6 158/263/6
f 152/255/1 163/270/1 165/274/1
f 128/213/8 136/223/8 53/85/8
f 154/258/3 155/259/3 164/272/3
f 21/37/11 47/74/11 134/220/11
f 134/220/9 47/75/9 50/80/9
f 184/299/6 175/290/6 174/289/6
f 183/298/6 179/294/6 176/291/6
f 181/296/6 180/295/6 174/289/6
f 174/289/6 176/291/6 177/292/6
f 176/291/6 179/294/6 177/292/6
f 181/296/6 174/289/6 177/292/6
f 178/293/6 183/298/6 182/297/6
f 181/296/6 177/292/6 178/293/6
f 175/290/6 184/299/6 185/300/6
f 185/300/6 181/296/6 178/293/6
f 178/293/6 182/297/6 185/300/6
f 175/290/4 182/297/4 189/308/4
f 174/289/2 187/304/2 188/306/2
f 187/304/3 174/289/3 175/290/3
f 139/228/2 131/216/2 135/222/2
f 112/181/3 27/45/3 42/66/3
f 54/86/1 49/78/1 110/179/1
f 113/182/4 42/66/4 54/86/4
f 117/190/1 116/188/1 106/175/1
f 154/258/2 162/268/2 163/270/2
f 189/308/1 182/297/1 176/291/1
f 133/219/4 129/214/4 141/232/4
f 271/483/3 269/481/3 302/537/3
f 270/482/1 304/541/1 303/539/1
f 288/508/1 290/510/1 270/482/1
f 269/481/3 271/483/3 292/514/3
f 268/480/6 308/551/6 309/553/6
f 270/482/6 271/483/6 310/555/6
f 293/515/6 292/514/6 290/510/6
f 296/522/6 298/526/6 290/510/6
f 290/510/6 288/508/6 295/519/6
f 288/508/6 291/512/6 295/519/6
f 296/522/6 290/510/6 295/519/6
f 299/529/6 294/517/6 289/509/6
f 296/522/6 295/519/6 299/529/6
f 292/514/6 293/515/6 297/524/6
f 297/524/6 296/522/6 299/529/6
f 299/529/6 289/509/6 292/514/6
f 288/508/6 289/509/6 294/517/6
f 288/508/4 268/480/4 269/481/4
f 290/510/2 292/514/2 271/483/2
f 320/580/5 322/586/5 339/629/5
f 321/583/1 327/598/1 323/587/1
f 331/610/1 326/596/1 322/586/1
f 324/590/1 325/594/1 322/586/1
f 322/586/1 320/581/1 329/604/1
f 320/581/1 323/587/1 329/604/1
f 324/590/1 322/586/1 329/604/1
f 328/601/1 327/598/1 321/583/1
f 324/590/1 329/604/1 328/601/1
f 326/596/1 331/610/1 330/607/1
f 330/607/1 324/590/1 328/601/1
f 328/601/1 321/583/1 330/607/1
f 339/629/2 322/586/2 326/596/2
f 334/618/4 321/584/4 320/582/4
f 321/585/6 334/619/6 338/627/6
f 402/770/6 409/790/6 399/762/6
f 399/762/6 398/761/6 403/772/6
f 398/761/6 405/779/6 403/772/6
f 402/770/6 399/762/6 403/772/6
f 404/775/6 408/786/6 406/782/6
f 402/770/6 403/772/6 404/775/6
f 407/784/6 401/767/6 400/763/6
f 400/763/6 402/770/6 404/775/6
f 404/775/6 406/782/6 407/784/6
f 398/761/6 406/782/6 408/786/6
f 407/784/6 399/762/6 409/790/6
f 407/783/3 406/781/3 410/792/3
f 398/761/1 399/762/1 421/816/1
f 399/762/2 407/784/2 420/814/2
f 410/793/4 406/782/4 398/761/4
f 425/820/6 427/824/6 429/828/6
f 423/818/1 422/817/1 424/819/1
f 422/817/5 428/826/5 426/822/5
f 423/818/2 429/828/2 428/826/2
f 424/819/4 426/822/4 427/824/4
f 485/939/6 487/942/6 501/980/6
f 484/937/1 488/943/1 489/947/1
f 486/941/1 487/942/1 492/956/1
f 493/958/1 488/943/1 484/937/1
f 484/937/1 486/941/1 494/962/1
f 486/941/1 490/950/1 494/962/1
f 493/958/1 484/937/1 494/962/1
f 491/953/1 492/956/1 487/942/1
f 493/958/1 494/962/1 491/953/1
f 485/940/1 489/947/1 495/964/1
f 495/964/1 493/958/1 491/953/1
f 491/953/1 487/942/1 485/940/1
f 484/937/2 485/940/2 498/974/2
f 486/941/5 484/938/5 496/969/5
f 487/942/4 486/941/4 500/978/4
f 518/1010/3 526/1026/3 530/1035/3
f 516/1007/1 517/1009/1 525/1025/1
f 519/1012/4 517/1009/4 534/1045/4
f 532/1039/2 516/1008/2 518/1011/2
f 517/1009/1 516/1007/1 532/1040/1
f 519/1012/3 535/1047/3 533/1043/3
f 521/1017/6 526/1027/6 524/1024/6
f 525/1025/6 530/1035/6 529/1034/6
f 529/1034/6 530/1035/6 523/1022/6
f 530/1035/6 526/1027/6 523/1022/6
f 526/1027/6 521/1017/6 531/1037/6
f 527/1029/6 520/1014/6 524/1024/6
f 527/1029/6 524/1024/6 525/1025/6
f 525/1025/6 528/1032/6 522/1019/6
f 527/1029/6 525/1025/6 522/1019/6
f 523/1022/6 526/1027/6 531/1037/6
f 531/1037/6 527/1029/6 522/1019/6
f 517/1009/4 519/1012/4 530/1035/4
f 526/1027/2 518/1011/2 516/1008/2
f 576/1140/5 574/1136/5 578/1146/5
f 574/1137/1 576/1141/1 577/1143/1
f 575/1138/6 577/1142/6 581/1155/6
f 574/1137/2 575/1139/2 579/1149/2
f 577/1143/4 576/1141/4 580/1152/4
f 602/1207/2 596/1190/2 590/1176/2
f 592/1178/6 596/1190/6 600/1200/6
f 596/1190/6 597/1192/6 601/1204/6
f 597/1192/6 594/1185/6 601/1204/6
f 599/1197/6 595/1187/6 591/1177/6
f 596/1190/6 601/1204/6 600/1200/6
f 599/1197/6 591/1177/6 598/1195/6
f 591/1177/6 590/1176/6 598/1195/6
f 590/1176/6 593/1182/6 598/1195/6
f 598/1195/6 600/1200/6 601/1204/6
f 591/1177/6 595/1187/6 594/1185/6
f 590/1176/6 596/1190/6 592/1178/6
f 590/1176/3 591/1177/3 623/1265/3
f 591/1177/4 597/1192/4 622/1263/4
f 597/1193/1 596/1191/1 602/1208/1
f 638/1295/4 636/1293/4 641/1298/4
f 635/1292/2 639/1296/2 643/1300/2
f 643/1300/3 639/1296/3 638/1295/3
f 638/1295/6 639/1296/6 635/1292/6
f 675/1377/6 626/1272/6 627/1274/6
f 685/1403/13 671/1367/13 668/1363/13
f 668/1363/13 662/1349/13 686/1404/13
f 684/1399/13 685/1403/13 668/1363/13
f 641/1298/1 640/1297/1 679/1386/1
f 679/1386/1 631/1285/1 641/1298/1
f 675/1377/3 643/1300/3 629/1279/3
f 643/1300/3 642/1299/3 629/1279/3
f 641/1298/4 632/1287/4 633/1289/4
f 636/1293/1 635/1292/1 640/1297/1
f 679/1386/2 640/1297/2 643/1300/2
f 651/1316/2 649/1312/2 647/1309/2
f 650/1314/5 651/1317/5 646/1307/5
f 650/1315/4 644/1302/4 645/1304/4
f 648/1311/1 649/1312/1 651/1318/1
f 649/1312/6 648/1311/6 645/1304/6
f 698/1427/3 693/1421/3 690/1413/3
f 696/1425/1 689/1411/1 692/1418/1
f 696/1425/2 699/1429/2 690/1414/2
f 699/1430/6 696/1425/6 695/1424/6
f 698/1428/4 695/1424/4 692/1418/4
f 705/1440/5 702/1435/5 700/1431/5
f 704/1439/4 700/1431/4 701/1433/4
f 706/1441/6 701/1433/6 703/1437/6
f 706/1441/1 707/1442/1 705/1440/1
f 707/1442/2 703/1437/2 702/1435/2
f 748/1534/4 751/1539/4 742/1521/4
f 752/1540/1 745/1528/1 742/1521/1
f 752/1540/2 749/1537/2 747/1531/2
f 752/1540/6 751/1539/6 748/1535/6
f 748/1535/3 743/1524/3 747/1532/3
f 759/1558/4 757/1553/4 755/1548/4
f 758/1555/2 760/1560/2 754/1545/2
f 757/1554/6 758/1556/6 753/1542/6
f 760/1561/3 758/1556/3 757/1554/3
f 760/1562/5 759/1559/5 756/1551/5
f 831/1727/3 832/1729/3 835/1739/3
f 830/1725/6 829/1724/6 832/1730/6
f 832/1731/4 829/1724/4 836/1741/4
f 829/1724/1 830/1725/1 834/1736/1
f 831/1728/2 833/1734/2 834/1736/2
f 794/1648/4 797/1656/4 839/1744/4
f 797/1656/3 794/1648/3 846/1753/3
f 840/1745/2 838/1743/2 842/1747/2
f 838/1743/2 840/1745/2 850/1763/2
f 849/1761/6 794/1648/6 837/1742/6
f 837/1742/6 838/1743/6 849/1761/6
f 797/1656/5 848/1758/5 839/1744/5
f 848/1758/5 850/1763/5 839/1744/5
f 841/1746/3 843/1748/3 844/1749/3
f 838/1743/6 837/1742/6 841/1746/6
f 839/1744/5 840/1745/5 844/1749/5
f 843/1748/4 841/1746/4 837/1742/4
f 157/262/9 48/77/9 158/263/9
f 41/65/10 159/264/10 161/266/10
f 157/262/11 24/41/11 46/73/11
f 150/253/9 45/71/9 151/254/9
f 34/54/10 160/265/10 153/256/10
f 157/262/9 46/73/9 48/77/9
f 41/65/10 24/40/10 159/264/10
f 157/262/11 159/264/11 24/41/11
f 150/253/9 38/60/9 45/71/9
f 34/54/10 1/2/10 160/265/10
usemtl Material.025
f 855/1775/6 944/1959/6 887/1852/6
f 987/2059/6 968/2014/6 964/2005/6
f 980/2043/6 992/2070/6 995/2075/6
f 924/1914/6 947/1965/6 1005/2101/6
f 855/1775/6 876/1828/6 977/2034/6
f 962/2002/6 876/1828/6 893/1862/6
f 893/1862/6 929/1925/6 932/1932/6
f 893/1862/2 913/1895/2 887/1852/2
f 937/1941/5 918/1903/5 940/1948/5
f 974/2027/5 986/2056/5 1031/2163/5
f 909/1888/5 896/1868/5 981/2046/5
f 918/1903/5 972/2023/5 969/2016/5
f 913/1895/5 937/1941/5 954/1980/5
f 909/1888/4 855/1776/4 896/1868/4
f 1110/2305/1 1108/2299/1 1113/2313/1
f 855/1777/1 1114/2317/1 896/1868/1
f 887/1853/1 1109/2301/1 1107/2295/1
f 1102/2281/3 1099/2272/3 1104/2286/3
f 1105/2290/3 909/1888/3 1106/2293/3
f 918/1903/3 1100/2274/3 1101/2279/3
f 929/1926/4 940/1949/4 932/1930/4
f 1019/2134/2 942/1954/2 1020/2136/2
f 924/1916/40 937/1943/40 929/1924/40
f 940/1950/41 921/1909/41 932/1931/41
f 947/1966/42 954/1981/42 956/1985/42
f 949/1969/43 960/1997/43 957/1988/43
f 949/1970/3 954/1982/3 944/1958/3
f 956/1987/1 998/2082/1 947/1964/1
f 951/1975/1 1009/2112/1 960/1995/1
f 966/2010/44 974/2028/44 968/2013/44
f 964/2006/45 969/2017/45 962/2000/45
f 969/2018/1 966/2011/1 962/2001/1
f 968/2015/3 971/2022/3 964/2004/3
f 978/2038/2 983/2051/2 981/2045/2
f 1022/2140/4 984/2053/4 1021/2138/4
f 977/2036/46 986/2058/46 983/2049/46
f 978/2039/47 984/2054/47 980/2042/47
f 920/1906/1 1004/2099/1 1019/2135/1
f 933/1933/3 989/2065/3 1022/2141/3
f 884/1846/1 1034/2171/1 987/2060/1
f 996/2079/3 1013/2121/3 1005/2100/3
f 995/2076/3 1012/2119/3 1000/2087/3
f 1012/2119/2 999/2086/2 1000/2087/2
f 1014/2124/4 998/2083/4 1008/2108/4
f 925/1917/4 1005/2102/4 1013/2122/4
f 1001/2091/4 1027/2152/4 1028/2155/4
f 920/1906/4 1016/2128/4 1017/2130/4
f 1015/2126/2 905/1882/2 1010/2115/2
f 995/2077/2 992/2071/2 933/1933/2
f 1033/2168/2 1010/2115/2 993/2073/2
f 925/1917/6 1019/2135/6 1020/2137/6
f 1006/2104/3 1020/2137/3 1003/2094/3
f 905/1882/1 990/2068/1 993/2073/1
f 933/1933/6 1021/2139/6 905/1882/6
f 1027/2153/6 1093/2259/6 1092/2257/6
f 882/1841/6 1068/2208/6 1067/2206/6
f 915/1898/2 1023/2143/2 1024/2144/2
f 915/1898/5 901/1875/5 911/1891/5
f 906/1883/4 871/1818/4 901/1875/4
f 901/1875/1 1027/2154/1 1025/2148/1
f 915/1898/3 1024/2144/3 1026/2151/3
f 884/1847/6 1043/2182/6 1045/2184/6
f 1033/2169/6 1048/2187/6 1050/2189/6
f 900/1874/2 897/1869/2 879/1835/2
f 900/1874/5 888/1854/5 897/1869/5
f 888/1854/4 1031/2164/4 1029/2159/4
f 1030/2162/1 1033/2170/1 897/1869/1
f 1031/2164/3 891/1859/3 900/1874/3
f 997/2080/48 912/1893/48 979/2041/48
f 1044/2183/6 1123/2327/6 1043/2182/6
f 1048/2187/6 1130/2334/6 1050/2189/6
f 1049/2188/6 1134/2338/6 1054/2193/6
f 1050/2189/6 1129/2333/6 1049/2188/6
f 1040/2179/6 1115/2319/6 1035/2174/6
f 1039/2178/6 1117/2321/6 1037/2176/6
f 1042/2181/6 1127/2331/6 1047/2186/6
f 1035/2174/6 1116/2320/6 1036/2175/6
f 1046/2185/6 1122/2326/6 1042/2181/6
f 1056/2195/6 1131/2335/6 1051/2190/6
f 1036/2175/6 1146/2350/6 1066/2205/6
f 1041/2180/6 1124/2328/6 1044/2183/6
f 1052/2191/6 1145/2349/6 1065/2204/6
f 1038/2177/6 1119/2323/6 1039/2178/6
f 1065/2204/6 1139/2343/6 1059/2198/6
f 1037/2176/6 1120/2324/6 1040/2179/6
f 1060/2199/6 1142/2346/6 1062/2201/6
f 1066/2205/6 1133/2337/6 1053/2192/6
f 1047/2186/6 1118/2322/6 1038/2177/6
f 1061/2200/6 1140/2344/6 1060/2199/6
f 1058/2197/6 1144/2348/6 1064/2203/6
f 1055/2194/6 1136/2340/6 1056/2195/6
f 1062/2201/6 1143/2347/6 1063/2202/6
f 1064/2203/6 1141/2345/6 1061/2200/6
f 1063/2202/6 1121/2325/6 1041/2180/6
f 1059/2198/6 1137/2341/6 1057/2196/6
f 1045/2184/6 1126/2330/6 1046/2185/6
f 1054/2193/6 1132/2336/6 1052/2191/6
f 1057/2196/6 1138/2342/6 1058/2197/6
f 1043/2182/6 1125/2329/6 1045/2184/6
f 1051/2190/6 1128/2332/6 1048/2187/6
f 1053/2192/6 1135/2339/6 1055/2194/6
f 872/1820/48 1092/2258/48 1093/2260/48
f 878/1833/49 1093/2260/49 1097/2268/49
f 881/1839/50 1097/2268/50 1090/2253/50
f 883/1844/51 1090/2253/51 1096/2266/51
f 886/1850/52 1096/2266/52 1088/2249/52
f 889/1855/53 1088/2249/53 1089/2251/53
f 892/1860/54 1089/2251/54 1086/2245/54
f 895/1866/55 1086/2245/55 1087/2247/55
f 899/1872/56 1087/2247/56 1084/2241/56
f 902/1876/57 1084/2241/57 1083/2239/57
f 904/1880/58 1083/2239/58 1085/2243/58
f 907/1884/59 1085/2243/59 1082/2237/59
f 910/1889/60 1082/2237/60 1070/2213/60
f 914/1896/61 1070/2213/61 1072/2217/61
f 916/1899/62 1072/2217/62 1069/2211/62
f 919/1904/63 1069/2211/63 1067/2207/63
f 923/1912/64 1067/2207/64 1068/2209/64
f 926/1918/65 1068/2209/65 1073/2219/65
f 928/1922/66 1073/2219/66 1071/2215/66
f 931/1928/67 1071/2215/67 1081/2235/67
f 935/1937/68 1081/2235/68 1074/2221/68
f 938/1944/69 1074/2221/69 1076/2225/69
f 941/1951/70 1076/2225/70 1075/2223/70
f 943/1956/71 1075/2223/71 1080/2233/71
f 946/1962/72 1080/2233/72 1077/2227/72
f 950/1971/73 1077/2227/73 1079/2231/73
f 953/1978/74 1079/2231/74 1078/2229/74
f 955/1983/75 1078/2229/75 1098/2270/75
f 959/1993/76 1098/2270/76 1091/2255/76
f 961/1998/77 1091/2255/77 1095/2264/77
f 965/2007/78 1095/2264/78 1094/2262/78
f 861/1794/79 1094/2262/79 1092/2256/79
f 914/1897/6 938/1945/6 961/1999/6
f 1130/2334/6 1161/2369/6 1129/2333/6
f 1136/2340/6 1163/2373/6 1131/2335/6
f 1127/2331/6 958/1991/6 1118/2322/6
f 1116/2320/6 1147/2351/6 1146/2350/6
f 1145/2349/6 875/1826/6 1139/2343/6
f 1121/2325/6 979/2040/6 1124/2328/6
f 1132/2336/6 868/1811/6 1145/2349/6
f 1122/2326/6 952/1976/6 1127/2331/6
f 1117/2321/6 922/1910/6 1120/2324/6
f 1140/2344/6 1169/2385/6 1142/2346/6
f 1135/2339/6 885/1848/6 1136/2340/6
f 1126/2330/6 917/1901/6 1122/2326/6
f 1141/2345/6 1167/2381/6 1140/2344/6
f 1118/2322/6 1175/2392/6 1119/2323/6
f 1146/2350/6 894/1865/6 1133/2337/6
f 1144/2348/6 1168/2383/6 1141/2345/6
f 1123/2327/6 908/1886/6 1125/2329/6
f 1138/2342/6 880/1837/6 1144/2348/6
f 1143/2347/6 1160/2367/6 1121/2325/6
f 1134/2338/6 898/1870/6 1132/2336/6
f 1124/2328/6 912/1894/6 1123/2327/6
f 1142/2346/6 1176/2394/6 1143/2347/6
f 1139/2343/6 1165/2377/6 1137/2341/6
f 1131/2335/6 1162/2371/6 1128/2332/6
f 1125/2329/6 1151/2357/6 1126/2330/6
f 1137/2341/6 1166/2379/6 1138/2342/6
f 1128/2332/6 903/1878/6 1130/2334/6
f 1120/2324/6 939/1946/6 1115/2319/6
f 1133/2337/6 890/1857/6 1135/2339/6
f 1119/2323/6 927/1920/6 1117/2321/6
f 1129/2333/6 1164/2375/6 1134/2338/6
f 1115/2319/6 936/1939/6 1116/2320/6
f 994/2074/49 979/2041/49 1160/2368/49
f 1149/2355/50 1160/2368/50 1176/2395/50
f 1170/2387/51 1176/2395/51 1169/2386/51
f 1177/2396/52 1169/2386/52 1167/2382/52
f 1178/2397/80 1167/2382/80 1168/2384/80
f 991/2069/81 1168/2384/81 880/1838/81
f 988/2062/55 880/1838/55 1166/2380/55
f 1150/2356/56 1166/2380/56 1165/2378/56
f 1152/2359/82 1165/2378/82 875/1827/82
f 1171/2388/58 875/1827/58 868/1812/58
f 985/2055/59 868/1812/59 898/1871/59
f 982/2048/83 898/1871/83 1164/2376/83
f 1153/2360/61 1164/2376/61 1161/2370/61
f 976/2033/62 1161/2370/62 903/1879/62
f 973/2026/63 903/1879/63 1162/2372/63
f 1154/2361/64 1162/2372/64 1163/2374/64
f 1155/2362/65 1163/2374/65 885/1849/65
f 1156/2363/66 885/1849/66 890/1858/66
f 970/2019/67 890/1858/67 894/1864/67
f 1147/2352/68 970/2019/68 894/1864/68
f 963/2003/69 1147/2352/69 936/1940/69
f 1173/2390/70 936/1940/70 939/1947/70
f 1157/2364/84 939/1947/84 922/1911/84
f 930/1927/72 922/1911/72 927/1921/72
f 1172/2389/85 927/1921/85 1175/2393/85
f 1174/2391/74 1175/2393/74 958/1992/74
f 1158/2365/86 958/1992/86 952/1977/86
f 948/1967/76 952/1977/76 917/1902/76
f 945/1961/87 917/1902/87 1151/2358/87
f 1159/2366/78 1151/2358/78 908/1887/78
f 1148/2354/79 908/1887/79 912/1892/79
f 1159/2366/88 1193/2426/88 1203/2448/88
f 1179/2398/6 1181/2402/6 1187/2414/6
f 1177/2396/89 1204/2450/89 1170/2387/89
f 988/2062/90 1190/2421/90 991/2069/90
f 948/1967/91 1180/2401/91 1181/2403/91
f 994/2074/92 1192/2425/92 997/2080/92
f 1178/2397/93 1209/2460/93 1177/2396/93
f 1154/2361/94 1199/2440/94 1198/2438/94
f 991/2069/95 1210/2462/95 1178/2397/95
f 1170/2387/96 1194/2430/96 1149/2355/96
f 985/2055/97 1205/2452/97 1171/2388/97
f 976/2033/98 1197/2436/98 1153/2360/98
f 1157/2364/99 1179/2399/99 1201/2444/99
f 1158/2365/100 1181/2403/100 1202/2446/100
f 1171/2388/101 1196/2434/101 1152/2359/101
f 1153/2360/102 1187/2415/102 982/2048/102
f 967/2012/103 1182/2405/103 1183/2407/103
f 973/2026/104 1198/2438/104 1185/2411/104
f 1156/2363/105 1184/2409/105 1200/2442/105
f 970/2019/106 1183/2407/106 1184/2409/106
f 930/1927/107 1206/2454/107 1179/2399/107
f 963/2003/108 1207/2456/108 1182/2405/108
f 973/2026/109 1186/2413/109 976/2033/109
f 1149/2355/110 1191/2423/110 994/2074/110
f 1173/2390/111 1201/2444/111 1207/2456/111
f 1172/2389/112 1208/2458/112 1206/2454/112
f 1150/2356/113 1189/2419/113 988/2062/113
f 1174/2391/114 1202/2446/114 1208/2458/114
f 945/1961/115 1203/2448/115 1180/2401/115
f 982/2048/116 1188/2417/116 985/2055/116
f 997/2080/117 1193/2428/117 1148/2353/117
f 1152/2359/118 1195/2432/118 1150/2356/118
f 1155/2362/119 1200/2442/119 1199/2440/119
f 1414/2876/64 1436/2922/64 1437/2924/64
f 1425/2899/65 1437/2924/65 1440/2929/65
f 1442/2934/129 1425/2899/129 1440/2929/129
f 1434/2917/67 1442/2934/67 1445/2940/67
f 1434/2917/68 1443/2936/68 1427/2903/68
f 1427/2903/69 1450/2950/69 1431/2911/69
f 1431/2911/125 1447/2944/125 1430/2909/125
f 1430/2909/84 1446/2942/84 1428/2905/84
f 1428/2905/127 1449/2948/127 1429/2907/127
f 1429/2907/128 1448/2946/128 1433/2915/128
f 1433/2915/130 1444/2938/130 1426/2901/130
f 1426/2901/86 1451/2952/86 1432/2913/86
f 1432/2913/76 1439/2928/76 1424/2897/76
f 1422/2893/77 1439/2928/77 1438/2926/77
f 1422/2893/78 1441/2932/78 1420/2889/78
f 1420/2889/79 1463/2976/79 1419/2887/79
f 1419/2887/48 1464/2978/48 1421/2891/48
f 1421/2891/49 1465/2980/49 1418/2885/49
f 1411/2870/50 1465/2980/50 1460/2970/50
f 1411/2870/51 1458/2966/51 1408/2864/51
f 1406/2860/52 1458/2966/52 1456/2962/52
f 1409/2866/53 1456/2962/53 1453/2956/53
f 1405/2858/120 1453/2956/120 1454/2958/120
f 1403/2854/55 1454/2958/55 1452/2954/55
f 1404/2856/56 1452/2954/56 1455/2960/56
f 1410/2868/123 1455/2960/123 1459/2968/123
f 1407/2862/124 1459/2968/124 1457/2964/124
f 1417/2883/59 1457/2964/59 1466/2982/59
f 1412/2872/83 1466/2982/83 1461/2971/83
f 1462/2974/131 1412/2872/131 1461/2971/131
f 1413/2874/62 1462/2974/62 1435/2919/62
f 1415/2879/63 1435/2919/63 1436/2920/63
f 855/1775/6 949/1968/6 944/1959/6
f 987/2059/6 993/2072/6 975/2030/6
f 993/2072/6 990/2066/6 975/2030/6
f 964/2005/6 962/2002/6 921/1907/6
f 962/2002/6 932/1932/6 921/1907/6
f 921/1907/6 1004/2097/6 1002/2092/6
f 921/1907/6 1002/2092/6 1001/2089/6
f 987/2059/6 975/2030/6 968/2014/6
f 964/2005/6 921/1907/6 1001/2089/6
f 1001/2089/6 987/2059/6 964/2005/6
f 995/2075/6 1000/2088/6 951/1973/6
f 1000/2088/6 999/2084/6 951/1973/6
f 951/1973/6 980/2043/6 995/2075/6
f 980/2043/6 989/2063/6 992/2070/6
f 1005/2101/6 1006/2103/6 924/1914/6
f 1006/2103/6 1003/2095/6 924/1914/6
f 924/1914/6 929/1925/6 944/1959/6
f 929/1925/6 887/1852/6 944/1959/6
f 998/2081/6 996/2078/6 947/1965/6
f 996/2078/6 1005/2101/6 947/1965/6
f 944/1959/6 947/1965/6 924/1914/6
f 978/2037/6 980/2043/6 949/1968/6
f 980/2043/6 951/1973/6 949/1968/6
f 949/1968/6 855/1775/6 978/2037/6
f 876/1828/6 966/2009/6 977/2034/6
f 966/2009/6 968/2014/6 975/2030/6
f 977/2034/6 966/2009/6 975/2030/6
f 977/2034/6 978/2037/6 855/1775/6
f 962/2002/6 966/2009/6 876/1828/6
f 893/1862/6 932/1932/6 962/2002/6
f 893/1862/6 887/1852/6 929/1925/6
f 893/1862/2 918/1903/2 913/1895/2
f 937/1941/5 913/1895/5 918/1903/5
f 1013/2120/5 1014/2123/5 956/1986/5
f 1014/2123/5 1008/2109/5 956/1986/5
f 956/1986/5 954/1980/5 942/1953/5
f 954/1980/5 937/1941/5 942/1953/5
f 956/1986/5 942/1953/5 1013/2120/5
f 1025/2146/3 1017/2129/3 1023/2142/3
f 1017/2129/5 1016/2127/5 942/1953/5
f 1023/2142/5 1017/2129/5 934/1934/5
f 1016/2127/5 1013/2120/5 942/1953/5
f 1017/2129/5 942/1953/5 934/1934/5
f 934/1934/5 940/1948/5 969/2016/5
f 940/1948/5 918/1903/5 969/2016/5
f 1018/2131/6 1026/2149/6 1024/2145/6
f 1024/2145/5 1023/2142/5 934/1934/5
f 934/1934/5 969/2016/5 971/2020/5
f 1032/2165/5 1018/2131/5 974/2027/5
f 1018/2131/179 1024/2145/179 974/2027/179
f 1024/2145/5 934/1934/5 971/2020/5
f 984/2052/5 960/1996/5 1007/2105/5
f 960/1996/5 1009/2111/5 1012/2118/5
f 1007/2105/5 960/1996/5 1012/2118/5
f 1015/2125/5 1010/2114/5 984/2052/5
f 1010/2114/5 1030/2160/5 1029/2158/5
f 1010/2114/5 1029/2158/5 986/2056/5
f 984/2052/5 1007/2105/5 1015/2125/5
f 1024/2145/5 971/2020/5 974/2027/5
f 1031/2163/5 1011/2116/5 974/2027/5
f 1011/2116/5 1032/2165/5 974/2027/5
f 986/2056/5 984/2052/5 1010/2114/5
f 986/2056/5 1029/2158/5 1031/2163/5
f 983/2050/5 986/2056/5 972/2023/5
f 986/2056/5 974/2027/5 972/2023/5
f 972/2023/5 909/1888/5 983/2050/5
f 896/1868/5 957/1989/5 981/2046/5
f 957/1989/5 960/1996/5 984/2052/5
f 981/2046/5 957/1989/5 984/2052/5
f 981/2046/5 983/2050/5 909/1888/5
f 918/1903/5 909/1888/5 972/2023/5
f 954/1980/5 957/1989/5 913/1895/5
f 957/1989/5 896/1868/5 913/1895/5
f 909/1888/4 876/1829/4 855/1776/4
f 1111/2308/1 855/1777/1 1112/2310/1
f 855/1777/1 887/1853/1 1110/2305/1
f 887/1853/1 1107/2295/1 1110/2305/1
f 1108/2299/1 1109/2301/1 913/1895/1
f 855/1777/1 1110/2305/1 1112/2310/1
f 1108/2299/1 913/1895/1 1113/2313/1
f 913/1895/1 896/1868/1 1113/2313/1
f 896/1868/1 1114/2317/1 1113/2313/1
f 1113/2313/1 1112/2310/1 1110/2305/1
f 855/1777/1 1111/2308/1 1114/2317/1
f 887/1853/1 913/1895/1 1109/2301/1
f 1106/2293/3 909/1888/3 1103/2285/3
f 909/1888/3 918/1903/3 1103/2285/3
f 918/1903/3 1101/2279/3 1102/2281/3
f 1099/2272/3 1100/2274/3 893/1863/3
f 1099/2272/3 893/1863/3 876/1830/3
f 876/1830/3 1105/2290/3 1104/2286/3
f 1099/2272/3 876/1830/3 1104/2286/3
f 1104/2286/3 1103/2285/3 1102/2281/3
f 1103/2285/3 918/1903/3 1102/2281/3
f 1105/2290/3 876/1830/3 909/1888/3
f 918/1903/3 893/1863/3 1100/2274/3
f 929/1926/4 937/1942/4 940/1949/4
f 1019/2134/2 1004/2098/2 921/1908/2
f 921/1908/2 934/1935/2 1019/2134/2
f 934/1935/2 942/1954/2 1019/2134/2
f 942/1954/2 924/1915/2 1020/2136/2
f 924/1915/2 1003/2096/2 1020/2136/2
f 924/1916/40 942/1955/40 937/1943/40
f 940/1950/41 934/1936/41 921/1909/41
f 947/1966/42 944/1960/42 954/1981/42
f 949/1969/43 951/1974/43 960/1997/43
f 949/1970/3 957/1990/3 954/1982/3
f 956/1987/1 1008/2110/1 998/2082/1
f 951/1975/1 999/2085/1 1009/2112/1
f 966/2010/44 972/2024/44 974/2028/44
f 964/2006/45 971/2021/45 969/2017/45
f 969/2018/1 972/2025/1 966/2011/1
f 968/2015/3 974/2029/3 971/2022/3
f 978/2038/2 977/2035/2 983/2051/2
f 1022/2140/4 989/2064/4 980/2044/4
f 984/2053/4 986/2057/4 1021/2138/4
f 986/2057/4 975/2031/4 1021/2138/4
f 975/2031/4 990/2067/4 1021/2138/4
f 1022/2140/4 980/2044/4 984/2053/4
f 977/2036/46 975/2032/46 986/2058/46
f 978/2039/47 981/2047/47 984/2054/47
f 920/1906/1 1002/2093/1 1004/2099/1
f 933/1933/3 992/2071/3 989/2065/3
f 987/2060/1 1001/2090/1 884/1846/1
f 1001/2090/1 1018/2132/1 884/1846/1
f 1018/2132/1 1032/2166/1 884/1846/1
f 996/2079/3 1014/2124/3 1013/2121/3
f 995/2076/3 1007/2106/3 1012/2119/3
f 1012/2119/2 1009/2113/2 999/2086/2
f 1014/2124/4 996/2079/4 998/2083/4
f 1013/2122/4 1016/2128/4 925/1917/4
f 925/1917/4 1006/2104/4 1005/2102/4
f 1028/2155/6 1026/2150/6 1018/2133/6
f 1001/2091/4 1002/2093/4 1027/2152/4
f 1002/2093/4 920/1906/4 1017/2130/4
f 1027/2152/4 1002/2093/4 1017/2130/4
f 1017/2130/4 1025/2147/4 1027/2152/4
f 1028/2155/6 1018/2133/6 1001/2091/6
f 920/1906/4 925/1917/4 1016/2128/4
f 1015/2126/2 933/1933/2 905/1882/2
f 1015/2126/2 1007/2107/2 933/1933/2
f 1007/2107/2 995/2077/2 933/1933/2
f 1033/2168/2 1030/2161/2 1010/2115/2
f 1010/2115/2 905/1882/2 993/2073/2
f 993/2073/2 987/2061/2 1033/2168/2
f 987/2061/2 1034/2172/2 1033/2168/2
f 925/1917/6 920/1906/6 1019/2135/6
f 1006/2104/3 925/1917/3 1020/2137/3
f 905/1882/1 1021/2139/1 990/2068/1
f 933/1933/6 1022/2141/6 1021/2139/6
f 1091/2254/6 1098/2269/6 1028/2156/6
f 1027/2153/6 1096/2265/6 1090/2252/6
f 1027/2153/6 1090/2252/6 1097/2267/6
f 1091/2254/6 1028/2156/6 1095/2263/6
f 1028/2156/6 1027/2153/6 1092/2257/6
f 1095/2263/6 1028/2156/6 1094/2261/6
f 1094/2261/6 1028/2156/6 1092/2257/6
f 1027/2153/6 1097/2267/6 1093/2259/6
f 1088/2248/6 1096/2265/6 1027/2153/6
f 1028/2156/6 1098/2269/6 1078/2228/6
f 1028/2156/6 1078/2228/6 1079/2230/6
f 1088/2248/6 1027/2153/6 1089/2250/6
f 1027/2153/6 871/1817/6 1087/2246/6
f 1089/2250/6 1027/2153/6 1086/2244/6
f 1086/2244/6 1027/2153/6 1087/2246/6
f 882/1841/6 1028/2156/6 1080/2232/6
f 1028/2156/6 1079/2230/6 1077/2226/6
f 1028/2156/6 1077/2226/6 1080/2232/6
f 882/1841/6 1080/2232/6 1075/2222/6
f 1084/2240/6 1087/2246/6 871/1817/6
f 1083/2238/6 1084/2240/6 871/1817/6
f 882/1841/6 1075/2222/6 1076/2224/6
f 882/1841/6 1076/2224/6 1074/2220/6
f 1085/2242/6 1083/2238/6 871/1817/6
f 1082/2236/6 1085/2242/6 871/1817/6
f 882/1841/6 1074/2220/6 1081/2234/6
f 882/1841/6 1081/2234/6 1071/2214/6
f 1070/2212/6 1082/2236/6 871/1817/6
f 1072/2216/6 1070/2212/6 871/1817/6
f 871/1817/6 882/1841/6 1067/2206/6
f 882/1841/6 1071/2214/6 1073/2218/6
f 882/1841/6 1073/2218/6 1068/2208/6
f 1069/2210/6 1072/2216/6 871/1817/6
f 1067/2206/6 1069/2210/6 871/1817/6
f 915/1898/2 911/1891/2 1023/2143/2
f 915/1898/5 906/1883/5 901/1875/5
f 906/1883/4 882/1842/4 871/1818/4
f 1023/2143/1 911/1891/1 901/1875/1
f 901/1875/1 871/1819/1 1027/2154/1
f 1025/2148/6 1023/2143/6 901/1875/6
f 1026/2151/3 1028/2157/3 882/1843/3
f 882/1843/3 906/1883/3 1026/2151/3
f 906/1883/3 915/1898/3 1026/2151/3
f 1066/2205/6 1053/2192/6 1034/2173/6
f 879/1835/6 1033/2169/6 1064/2203/6
f 1033/2169/6 1065/2204/6 1059/2198/6
f 1033/2169/6 1059/2198/6 1057/2196/6
f 1066/2205/6 1034/2173/6 1036/2175/6
f 1034/2173/6 884/1847/6 1037/2176/6
f 1036/2175/6 1034/2173/6 1035/2174/6
f 1035/2174/6 1034/2173/6 1040/2179/6
f 1033/2169/6 1057/2196/6 1058/2197/6
f 1033/2169/6 1058/2197/6 1064/2203/6
f 1040/2179/6 1034/2173/6 1037/2176/6
f 879/1835/6 1064/2203/6 1061/2200/6
f 1039/2178/6 1037/2176/6 884/1847/6
f 879/1835/6 1061/2200/6 1060/2199/6
f 879/1835/6 1060/2199/6 1062/2201/6
f 1038/2177/6 1039/2178/6 884/1847/6
f 1047/2186/6 1038/2177/6 884/1847/6
f 879/1835/6 1062/2201/6 1063/2202/6
f 879/1835/6 1063/2202/6 1041/2180/6
f 1042/2181/6 1047/2186/6 884/1847/6
f 1046/2185/6 1042/2181/6 884/1847/6
f 884/1847/6 879/1835/6 1043/2182/6
f 879/1835/6 1041/2180/6 1044/2183/6
f 879/1835/6 1044/2183/6 1043/2182/6
f 1045/2184/6 1046/2185/6 884/1847/6
f 1052/2191/6 1065/2204/6 1033/2169/6
f 1034/2173/6 1053/2192/6 1055/2194/6
f 1034/2173/6 1055/2194/6 1056/2195/6
f 1054/2193/6 1052/2191/6 1033/2169/6
f 1049/2188/6 1054/2193/6 1033/2169/6
f 1033/2169/6 1034/2173/6 1048/2187/6
f 1034/2173/6 1056/2195/6 1051/2190/6
f 1034/2173/6 1051/2190/6 1048/2187/6
f 1050/2189/6 1049/2188/6 1033/2169/6
f 884/1847/2 1032/2167/2 879/1835/2
f 1032/2167/2 900/1874/2 879/1835/2
f 900/1874/5 891/1859/5 888/1854/5
f 888/1854/4 891/1859/4 1031/2164/4
f 1033/2170/1 879/1836/1 897/1869/1
f 897/1869/1 888/1854/1 1030/2162/1
f 888/1854/1 1029/2159/1 1030/2162/1
f 1032/2167/3 1011/2117/3 900/1874/3
f 1011/2117/6 1031/2164/6 900/1874/6
f 997/2080/48 1148/2353/48 912/1893/48
f 1044/2183/6 1124/2328/6 1123/2327/6
f 1048/2187/6 1128/2332/6 1130/2334/6
f 1049/2188/6 1129/2333/6 1134/2338/6
f 1050/2189/6 1130/2334/6 1129/2333/6
f 1040/2179/6 1120/2324/6 1115/2319/6
f 1039/2178/6 1119/2323/6 1117/2321/6
f 1042/2181/6 1122/2326/6 1127/2331/6
f 1035/2174/6 1115/2319/6 1116/2320/6
f 1046/2185/6 1126/2330/6 1122/2326/6
f 1056/2195/6 1136/2340/6 1131/2335/6
f 1036/2175/6 1116/2320/6 1146/2350/6
f 1041/2180/6 1121/2325/6 1124/2328/6
f 1052/2191/6 1132/2336/6 1145/2349/6
f 1038/2177/6 1118/2322/6 1119/2323/6
f 1065/2204/6 1145/2349/6 1139/2343/6
f 1037/2176/6 1117/2321/6 1120/2324/6
f 1060/2199/6 1140/2344/6 1142/2346/6
f 1066/2205/6 1146/2350/6 1133/2337/6
f 1047/2186/6 1127/2331/6 1118/2322/6
f 1061/2200/6 1141/2345/6 1140/2344/6
f 1058/2197/6 1138/2342/6 1144/2348/6
f 1055/2194/6 1135/2339/6 1136/2340/6
f 1062/2201/6 1142/2346/6 1143/2347/6
f 1064/2203/6 1144/2348/6 1141/2345/6
f 1063/2202/6 1143/2347/6 1121/2325/6
f 1059/2198/6 1139/2343/6 1137/2341/6
f 1045/2184/6 1125/2329/6 1126/2330/6
f 1054/2193/6 1134/2338/6 1132/2336/6
f 1057/2196/6 1137/2341/6 1138/2342/6
f 1043/2182/6 1123/2327/6 1125/2329/6
f 1051/2190/6 1131/2335/6 1128/2332/6
f 1053/2192/6 1133/2337/6 1135/2339/6
f 872/1820/48 861/1793/48 1092/2258/48
f 878/1833/49 872/1820/49 1093/2260/49
f 881/1839/50 878/1833/50 1097/2268/50
f 883/1844/180 881/1839/180 1090/2253/180
f 886/1850/52 883/1844/52 1096/2266/52
f 889/1855/154 886/1850/154 1088/2249/154
f 892/1860/156 889/1855/156 1089/2251/156
f 895/1866/55 892/1860/55 1086/2245/55
f 899/1872/56 895/1866/56 1087/2247/56
f 902/1876/153 899/1872/153 1084/2241/153
f 904/1880/124 902/1876/124 1083/2239/124
f 907/1884/59 904/1880/59 1085/2243/59
f 910/1889/83 907/1884/83 1082/2237/83
f 914/1896/61 910/1889/61 1070/2213/61
f 916/1899/62 914/1896/62 1072/2217/62
f 919/1904/63 916/1899/63 1069/2211/63
f 923/1912/64 919/1904/64 1067/2207/64
f 926/1918/65 923/1912/65 1068/2209/65
f 928/1922/66 926/1918/66 1073/2219/66
f 931/1928/67 928/1922/67 1071/2215/67
f 935/1937/163 931/1928/163 1081/2235/163
f 938/1944/69 935/1937/69 1074/2221/69
f 941/1951/155 938/1944/155 1076/2225/155
f 943/1956/84 941/1951/84 1075/2223/84
f 946/1962/181 943/1956/181 1080/2233/181
f 950/1971/85 946/1962/85 1077/2227/85
f 953/1978/74 950/1971/74 1079/2231/74
f 955/1983/86 953/1978/86 1078/2229/86
f 959/1993/76 955/1983/76 1098/2270/76
f 961/1998/77 959/1993/77 1091/2255/77
f 965/2007/78 961/1998/78 1095/2264/78
f 861/1794/79 965/2007/79 1094/2262/79
f 961/1999/6 965/2008/6 861/1795/6
f 861/1795/6 872/1821/6 878/1834/6
f 878/1834/6 881/1840/6 889/1856/6
f 881/1840/6 883/1845/6 889/1856/6
f 883/1845/6 886/1851/6 889/1856/6
f 889/1856/6 892/1861/6 902/1877/6
f 892/1861/6 895/1867/6 902/1877/6
f 895/1867/6 899/1873/6 902/1877/6
f 902/1877/6 904/1881/6 907/1885/6
f 907/1885/6 910/1890/6 902/1877/6
f 910/1890/6 914/1897/6 902/1877/6
f 914/1897/6 916/1900/6 919/1905/6
f 919/1905/6 923/1913/6 926/1919/6
f 926/1919/6 928/1923/6 931/1929/6
f 931/1929/6 935/1938/6 938/1945/6
f 938/1945/6 941/1952/6 943/1957/6
f 943/1957/6 946/1963/6 950/1972/6
f 950/1972/6 953/1979/6 955/1984/6
f 955/1984/6 959/1994/6 961/1999/6
f 961/1999/6 861/1795/6 878/1834/6
f 914/1897/6 919/1905/6 926/1919/6
f 926/1919/6 931/1929/6 914/1897/6
f 931/1929/6 938/1945/6 914/1897/6
f 938/1945/6 943/1957/6 950/1972/6
f 950/1972/6 955/1984/6 938/1945/6
f 955/1984/6 961/1999/6 938/1945/6
f 961/1999/6 878/1834/6 914/1897/6
f 878/1834/6 889/1856/6 914/1897/6
f 889/1856/6 902/1877/6 914/1897/6
f 1130/2334/6 903/1878/6 1161/2369/6
f 1136/2340/6 885/1848/6 1163/2373/6
f 1127/2331/6 952/1976/6 958/1991/6
f 1116/2320/6 936/1939/6 1147/2351/6
f 1145/2349/6 868/1811/6 875/1826/6
f 1121/2325/6 1160/2367/6 979/2040/6
f 1132/2336/6 898/1870/6 868/1811/6
f 1122/2326/6 917/1901/6 952/1976/6
f 1117/2321/6 927/1920/6 922/1910/6
f 1140/2344/6 1167/2381/6 1169/2385/6
f 1135/2339/6 890/1857/6 885/1848/6
f 1126/2330/6 1151/2357/6 917/1901/6
f 1141/2345/6 1168/2383/6 1167/2381/6
f 1118/2322/6 958/1991/6 1175/2392/6
f 1146/2350/6 1147/2351/6 894/1865/6
f 1144/2348/6 880/1837/6 1168/2383/6
f 1123/2327/6 912/1894/6 908/1886/6
f 1138/2342/6 1166/2379/6 880/1837/6
f 1143/2347/6 1176/2394/6 1160/2367/6
f 1134/2338/6 1164/2375/6 898/1870/6
f 1124/2328/6 979/2040/6 912/1894/6
f 1142/2346/6 1169/2385/6 1176/2394/6
f 1139/2343/6 875/1826/6 1165/2377/6
f 1131/2335/6 1163/2373/6 1162/2371/6
f 1125/2329/6 908/1886/6 1151/2357/6
f 1137/2341/6 1165/2377/6 1166/2379/6
f 1128/2332/6 1162/2371/6 903/1878/6
f 1120/2324/6 922/1910/6 939/1946/6
f 1133/2337/6 894/1865/6 890/1857/6
f 1119/2323/6 1175/2392/6 927/1920/6
f 1129/2333/6 1161/2369/6 1164/2375/6
f 1115/2319/6 939/1946/6 936/1939/6
f 994/2074/49 997/2080/49 979/2041/49
f 1149/2355/50 994/2074/50 1160/2368/50
f 1170/2387/51 1149/2355/51 1176/2395/51
f 1177/2396/52 1170/2387/52 1169/2386/52
f 1178/2397/154 1177/2396/154 1167/2382/154
f 991/2069/182 1178/2397/182 1168/2384/182
f 988/2062/55 991/2069/55 880/1838/55
f 1150/2356/56 988/2062/56 1166/2380/56
f 1152/2359/183 1150/2356/183 1165/2378/183
f 1171/2388/184 1152/2359/184 875/1827/184
f 985/2055/59 1171/2388/59 868/1812/59
f 982/2048/83 985/2055/83 898/1871/83
f 1153/2360/61 982/2048/61 1164/2376/61
f 976/2033/62 1153/2360/62 1161/2370/62
f 973/2026/63 976/2033/63 903/1879/63
f 1154/2361/64 973/2026/64 1162/2372/64
f 1155/2362/65 1154/2361/65 1163/2374/65
f 1156/2363/185 1155/2362/185 885/1849/185
f 970/2019/67 1156/2363/67 890/1858/67
f 1147/2352/68 967/2012/68 970/2019/68
f 963/2003/69 967/2012/69 1147/2352/69
f 1173/2390/70 963/2003/70 936/1940/70
f 1157/2364/84 1173/2390/84 939/1947/84
f 930/1927/72 1157/2364/72 922/1911/72
f 1172/2389/85 930/1927/85 927/1921/85
f 1174/2391/74 1172/2389/74 1175/2393/74
f 1158/2365/75 1174/2391/75 958/1992/75
f 948/1967/76 1158/2365/76 952/1977/76
f 945/1961/77 948/1967/77 917/1902/77
f 1159/2366/78 945/1961/78 1151/2358/78
f 1148/2354/79 1159/2366/79 908/1887/79
f 1159/2366/186 1148/2354/186 1193/2426/186
f 1181/2402/6 1180/2400/6 1192/2424/6
f 1180/2400/6 1203/2447/6 1192/2424/6
f 1203/2447/6 1193/2427/6 1192/2424/6
f 1192/2424/6 1191/2422/6 1209/2459/6
f 1191/2422/6 1194/2429/6 1209/2459/6
f 1194/2429/6 1204/2449/6 1209/2459/6
f 1209/2459/6 1210/2461/6 1195/2431/6
f 1210/2461/6 1190/2420/6 1195/2431/6
f 1190/2420/6 1189/2418/6 1195/2431/6
f 1195/2431/6 1196/2433/6 1187/2414/6
f 1196/2433/6 1205/2451/6 1187/2414/6
f 1205/2451/6 1188/2416/6 1187/2414/6
f 1187/2414/6 1197/2435/6 1198/2437/6
f 1197/2435/6 1186/2412/6 1198/2437/6
f 1186/2412/6 1185/2410/6 1198/2437/6
f 1198/2437/6 1199/2439/6 1183/2406/6
f 1199/2439/6 1200/2441/6 1183/2406/6
f 1200/2441/6 1184/2408/6 1183/2406/6
f 1183/2406/6 1182/2404/6 1207/2455/6
f 1207/2455/6 1201/2443/6 1179/2398/6
f 1179/2398/6 1206/2453/6 1208/2457/6
f 1208/2457/6 1202/2445/6 1179/2398/6
f 1202/2445/6 1181/2402/6 1179/2398/6
f 1183/2406/6 1207/2455/6 1179/2398/6
f 1181/2402/6 1192/2424/6 1209/2459/6
f 1209/2459/6 1195/2431/6 1181/2402/6
f 1195/2431/6 1187/2414/6 1181/2402/6
f 1187/2414/6 1198/2437/6 1183/2406/6
f 1183/2406/6 1179/2398/6 1187/2414/6
f 1177/2396/187 1209/2460/187 1204/2450/187
f 988/2062/188 1189/2419/188 1190/2421/188
f 948/1967/189 945/1961/189 1180/2401/189
f 994/2074/190 1191/2423/190 1192/2425/190
f 1178/2397/191 1210/2462/191 1209/2460/191
f 1154/2361/192 1155/2362/192 1199/2440/192
f 991/2069/193 1190/2421/193 1210/2462/193
f 1170/2387/194 1204/2450/194 1194/2430/194
f 985/2055/195 1188/2417/195 1205/2452/195
f 976/2033/196 1186/2413/196 1197/2436/196
f 1157/2364/197 930/1927/197 1179/2399/197
f 1158/2365/198 948/1967/198 1181/2403/198
f 1171/2388/199 1205/2452/199 1196/2434/199
f 1153/2360/200 1197/2436/200 1187/2415/200
f 967/2012/201 963/2003/201 1182/2405/201
f 973/2026/202 1154/2361/202 1198/2438/202
f 1156/2363/203 970/2019/203 1184/2409/203
f 970/2019/204 967/2012/204 1183/2407/204
f 930/1927/205 1172/2389/205 1206/2454/205
f 963/2003/206 1173/2390/206 1207/2456/206
f 973/2026/207 1185/2411/207 1186/2413/207
f 1149/2355/208 1194/2430/208 1191/2423/208
f 1173/2390/209 1157/2364/209 1201/2444/209
f 1172/2389/210 1174/2391/210 1208/2458/210
f 1150/2356/211 1195/2432/211 1189/2419/211
f 1174/2391/212 1158/2365/212 1202/2446/212
f 945/1961/213 1159/2366/213 1203/2448/213
f 982/2048/214 1187/2415/214 1188/2417/214
f 997/2080/215 1192/2425/215 1193/2428/215
f 1152/2359/216 1196/2434/216 1195/2432/216
f 1155/2362/217 1156/2363/217 1200/2442/217
f 1414/2876/64 1415/2878/64 1436/2922/64
f 1425/2899/65 1414/2876/65 1437/2924/65
f 1442/2934/218 1423/2895/218 1425/2899/218
f 1434/2917/67 1423/2895/67 1442/2934/67
f 1434/2917/68 1445/2940/68 1443/2936/68
f 1427/2903/219 1443/2936/219 1450/2950/219
f 1431/2911/125 1450/2950/125 1447/2944/125
f 1430/2909/126 1447/2944/126 1446/2942/126
f 1428/2905/72 1446/2942/72 1449/2948/72
f 1429/2907/128 1449/2948/128 1448/2946/128
f 1433/2915/74 1448/2946/74 1444/2938/74
f 1426/2901/86 1444/2938/86 1451/2952/86
f 1432/2913/76 1451/2952/76 1439/2928/76
f 1422/2893/220 1424/2897/220 1439/2928/220
f 1422/2893/78 1438/2926/78 1441/2932/78
f 1420/2889/79 1441/2932/79 1463/2976/79
f 1419/2887/48 1463/2976/48 1464/2978/48
f 1421/2891/49 1464/2978/49 1465/2980/49
f 1411/2870/221 1418/2885/221 1465/2980/221
f 1411/2870/51 1460/2970/51 1458/2966/51
f 1406/2860/52 1408/2864/52 1458/2966/52
f 1409/2866/53 1406/2860/53 1456/2962/53
f 1405/2858/120 1409/2866/120 1453/2956/120
f 1403/2854/55 1405/2858/55 1454/2958/55
f 1404/2856/56 1403/2854/56 1452/2954/56
f 1410/2868/123 1404/2856/123 1455/2960/123
f 1407/2862/124 1410/2868/124 1459/2968/124
f 1417/2883/59 1407/2862/59 1457/2964/59
f 1412/2872/83 1417/2883/83 1466/2982/83
f 1462/2974/161 1416/2881/161 1412/2872/161
f 1413/2874/62 1416/2881/62 1462/2974/62
f 1415/2879/63 1413/2874/63 1435/2919/63
usemtl Material.023
f 1286/2616/64 1308/2662/64 1309/2664/64
f 1297/2639/65 1309/2664/65 1312/2669/65
f 1314/2674/129 1297/2639/129 1312/2669/129
f 1306/2657/67 1314/2674/67 1317/2680/67
f 1306/2657/68 1315/2676/68 1299/2643/68
f 1299/2643/69 1322/2690/69 1303/2651/69
f 1303/2651/125 1319/2684/125 1302/2649/125
f 1302/2649/84 1318/2682/84 1300/2645/84
f 1300/2645/127 1321/2688/127 1301/2647/127
f 1301/2647/128 1320/2686/128 1305/2655/128
f 1305/2655/130 1316/2678/130 1298/2641/130
f 1298/2641/86 1323/2692/86 1304/2653/86
f 1304/2653/76 1311/2668/76 1296/2637/76
f 1294/2633/77 1311/2668/77 1310/2666/77
f 1294/2633/78 1313/2672/78 1292/2629/78
f 1292/2629/79 1335/2716/79 1291/2627/79
f 1291/2627/48 1336/2718/48 1293/2631/48
f 1293/2631/49 1337/2720/49 1290/2625/49
f 1283/2610/50 1337/2720/50 1332/2710/50
f 1283/2610/51 1330/2706/51 1280/2604/51
f 1278/2600/52 1330/2706/52 1328/2702/52
f 1281/2606/53 1328/2702/53 1325/2696/53
f 1277/2598/120 1325/2696/120 1326/2698/120
f 1275/2594/55 1326/2698/55 1324/2694/55
f 1276/2596/56 1324/2694/56 1327/2700/56
f 1282/2608/123 1327/2700/123 1331/2708/123
f 1279/2602/124 1331/2708/124 1329/2704/124
f 1289/2623/59 1329/2704/59 1338/2722/59
f 1284/2612/83 1338/2722/83 1333/2711/83
f 1334/2714/131 1284/2612/131 1333/2711/131
f 1285/2614/62 1334/2714/62 1307/2659/62
f 1287/2619/63 1307/2659/63 1308/2660/63
f 1286/2616/64 1287/2618/64 1308/2662/64
f 1297/2639/65 1286/2616/65 1309/2664/65
f 1314/2674/218 1295/2635/218 1297/2639/218
f 1306/2657/67 1295/2635/67 1314/2674/67
f 1306/2657/68 1317/2680/68 1315/2676/68
f 1299/2643/219 1315/2676/219 1322/2690/219
f 1303/2651/125 1322/2690/125 1319/2684/125
f 1302/2649/126 1319/2684/126 1318/2682/126
f 1300/2645/72 1318/2682/72 1321/2688/72
f 1301/2647/128 1321/2688/128 1320/2686/128
f 1305/2655/74 1320/2686/74 1316/2678/74
f 1298/2641/86 1316/2678/86 1323/2692/86
f 1304/2653/76 1323/2692/76 1311/2668/76
f 1294/2633/220 1296/2637/220 1311/2668/220
f 1294/2633/78 1310/2666/78 1313/2672/78
f 1292/2629/79 1313/2672/79 1335/2716/79
f 1291/2627/48 1335/2716/48 1336/2718/48
f 1293/2631/49 1336/2718/49 1337/2720/49
f 1283/2610/221 1290/2625/221 1337/2720/221
f 1283/2610/51 1332/2710/51 1330/2706/51
f 1278/2600/52 1280/2604/52 1330/2706/52
f 1281/2606/53 1278/2600/53 1328/2702/53
f 1277/2598/120 1281/2606/120 1325/2696/120
f 1275/2594/55 1277/2598/55 1326/2698/55
f 1276/2596/56 1275/2594/56 1324/2694/56
f 1282/2608/123 1276/2596/123 1327/2700/123
f 1279/2602/124 1282/2608/124 1331/2708/124
f 1289/2623/59 1279/2602/59 1329/2704/59
f 1284/2612/83 1289/2623/83 1338/2722/83
f 1334/2714/161 1288/2621/161 1284/2612/161
f 1285/2614/62 1288/2621/62 1334/2714/62
f 1287/2619/63 1285/2614/63 1307/2659/63
usemtl Material.027
f 1480/3013/1 1488/3027/1 1467/2983/1
f 1488/3027/5 1518/3080/5 1516/3076/5
f 1543/3130/5 1502/3050/5 1499/3046/5
f 1531/3106/5 1516/3076/5 1561/3167/5
f 1507/3058/5 1540/3124/5 1575/3199/5
f 1488/3027/5 1530/3104/5 1499/3046/5
f 1502/3050/5 1506/3056/5 1492/3034/5
f 1502/3050/3 1496/3042/3 1499/3046/3
f 1513/3070/6 1548/3140/6 1515/3074/6
f 1511/3066/6 1524/3092/6 1566/3178/6
f 1548/3140/6 1552/3148/6 1496/3042/6
f 1467/2984/6 1537/3118/6 1536/3116/6
f 1524/3092/6 1467/2984/6 1522/3088/6
f 1497/3043/6 1512/3068/6 1515/3074/6
f 1488/3028/4 1621/3298/4 1467/2985/4
f 1496/3042/4 1627/3311/4 1499/3046/4
f 1623/3302/4 1625/3307/4 1624/3305/4
f 1492/3035/2 1613/3280/2 1612/3277/2
f 1497/3043/2 1619/3293/2 1618/3291/2
f 1615/3285/2 1497/3043/2 1617/3289/2
f 1509/3063/132 1513/3071/132 1515/3075/132
f 1504/3053/133 1512/3069/133 1511/3067/133
f 1509/3063/4 1512/3069/4 1506/3057/4
f 1507/3059/2 1511/3067/2 1513/3071/2
f 1518/3081/134 1527/3099/134 1524/3093/134
f 1519/3083/135 1522/3089/135 1525/3094/135
f 1516/3077/3 1524/3093/3 1522/3089/3
f 1527/3099/1 1519/3083/1 1525/3094/1
f 1531/3107/136 1536/3117/136 1528/3101/136
f 1530/3105/137 1539/3123/137 1533/3111/137
f 1530/3105/2 1536/3117/2 1537/3119/2
f 1533/3111/4 1535/3115/4 1531/3107/4
f 1545/3135/138 1546/3137/138 1554/3153/138
f 1543/3131/139 1549/3143/139 1540/3125/139
f 1543/3131/1 1552/3149/1 1548/3141/1
f 1546/3137/3 1551/3147/3 1554/3153/3
f 1560/3165/3 1570/3189/3 1561/3168/3
f 1578/3207/1 1573/3194/1 1555/3155/1
f 1557/3159/2 1569/3187/2 1567/3182/2
f 1485/3022/4 1563/3173/4 1566/3180/4
f 1494/3038/1 1491/3032/1 1479/3010/1
f 1494/3038/5 1500/3047/5 1491/3032/5
f 1500/3047/3 1575/3200/3 1572/3193/3
f 1606/3265/6 1607/3267/6 1578/3208/6
f 1479/3011/6 1581/3215/6 1580/3213/6
f 1573/3196/4 1578/3209/4 1491/3033/4
f 1558/3161/140 1503/3051/140 1494/3039/140
f 1484/3020/122 1580/3214/122 1581/3216/122
f 1489/3029/123 1581/3216/123 1584/3222/123
f 1493/3036/124 1584/3222/124 1583/3220/124
f 1495/3040/59 1583/3220/59 1594/3242/59
f 1495/3040/83 1589/3232/83 1498/3044/83
f 1498/3044/61 1588/3230/61 1501/3048/61
f 1501/3048/62 1587/3228/62 1505/3054/62
f 1505/3054/63 1593/3240/63 1508/3060/63
f 1508/3060/64 1590/3234/64 1510/3064/64
f 1510/3064/65 1592/3238/65 1514/3072/65
f 1514/3072/66 1591/3236/66 1517/3078/66
f 1517/3078/67 1603/3260/67 1520/3084/67
f 1523/3090/68 1603/3260/68 1604/3262/68
f 1526/3096/69 1604/3262/69 1610/3274/69
f 1529/3102/125 1610/3274/125 1607/3268/125
f 1532/3108/126 1607/3268/126 1606/3266/126
f 1534/3112/127 1606/3266/127 1608/3270/127
f 1538/3120/128 1608/3270/128 1609/3272/128
f 1541/3126/74 1609/3272/74 1605/3264/74
f 1544/3132/86 1605/3264/86 1611/3276/86
f 1547/3138/76 1611/3276/76 1601/3256/76
f 1550/3144/77 1601/3256/77 1602/3258/77
f 1553/3150/78 1602/3258/78 1599/3252/78
f 1556/3156/79 1599/3252/79 1600/3254/79
f 1559/3162/48 1600/3254/48 1598/3250/48
f 1562/3170/49 1598/3250/49 1596/3246/49
f 1565/3176/50 1596/3246/50 1597/3248/50
f 1568/3183/51 1597/3248/51 1595/3244/51
f 1571/3190/52 1595/3244/52 1585/3224/52
f 1574/3197/53 1585/3224/53 1586/3226/53
f 1577/3205/120 1586/3226/120 1582/3218/120
f 1471/2995/121 1582/3218/121 1580/3212/121
f 1538/3121/6 1550/3145/6 1574/3198/6
f 1692/3444/126 1741/3544/126 1739/3538/126
f 1694/3449/125 1740/3542/125 1741/3544/125
f 1693/3447/69 1744/3550/69 1740/3542/69
f 1744/3550/68 1696/3453/68 1743/3547/68
f 1696/3453/67 1754/3570/67 1743/3547/67
f 1702/3465/66 1748/3558/66 1754/3570/66
f 1709/3479/65 1748/3558/65 1701/3463/65
f 1711/3483/64 1753/3568/64 1709/3479/64
f 1710/3481/63 1752/3566/63 1711/3483/63
f 1714/3489/62 1751/3564/62 1710/3481/62
f 1712/3485/61 1726/3513/61 1714/3489/61
f 1723/3507/83 1728/3517/83 1712/3485/83
f 1723/3507/59 1730/3521/59 1738/3537/59
f 1722/3505/124 1730/3521/124 1716/3493/124
f 1720/3501/123 1736/3533/123 1722/3505/123
f 1718/3497/122 1734/3529/122 1720/3501/122
f 1718/3497/121 1733/3527/121 1732/3525/121
f 1719/3499/120 1735/3531/120 1733/3527/120
f 1717/3495/53 1735/3531/53 1721/3503/53
f 1715/3491/52 1731/3523/52 1717/3495/52
f 1715/3491/51 1727/3515/51 1737/3535/51
f 1713/3487/50 1729/3519/50 1727/3515/50
f 1729/3519/49 1707/3475/49 1725/3511/49
f 1725/3511/48 1704/3469/48 1724/3508/48
f 1704/3469/79 1750/3562/79 1724/3508/79
f 1705/3471/78 1747/3556/78 1750/3562/78
f 1708/3477/77 1749/3560/77 1747/3556/77
f 1703/3467/76 1755/3572/76 1749/3560/76
f 1700/3461/86 1745/3552/86 1755/3572/86
f 1698/3457/74 1746/3554/74 1745/3552/74
f 1746/3554/128 1695/3451/128 1742/3546/128
f 1742/3546/127 1692/3445/127 1739/3539/127
f 1480/3013/1 1492/3034/1 1488/3027/1
f 1488/3027/5 1492/3034/5 1518/3080/5
f 1543/3130/5 1540/3124/5 1507/3058/5
f 1507/3058/5 1509/3062/5 1543/3130/5
f 1509/3062/5 1502/3050/5 1543/3130/5
f 1499/3046/5 1530/3104/5 1542/3128/5
f 1530/3104/5 1533/3110/5 1542/3128/5
f 1533/3110/5 1545/3134/5 1542/3128/5
f 1542/3128/5 1543/3130/5 1499/3046/5
f 1557/3158/5 1555/3154/5 1546/3136/5
f 1546/3136/5 1545/3134/5 1557/3158/5
f 1545/3134/5 1533/3110/5 1557/3158/5
f 1531/3106/5 1528/3100/5 1516/3076/5
f 1528/3100/5 1488/3027/5 1516/3076/5
f 1516/3076/5 1519/3082/5 1561/3167/5
f 1561/3167/5 1557/3158/5 1533/3110/5
f 1561/3167/5 1533/3110/5 1531/3106/5
f 1561/3167/5 1519/3082/5 1521/3086/5
f 1521/3086/5 1518/3080/5 1560/3164/5
f 1518/3080/5 1492/3034/5 1506/3056/5
f 1504/3052/5 1518/3080/5 1506/3056/5
f 1540/3124/5 1546/3136/5 1572/3192/5
f 1546/3136/5 1555/3154/5 1573/3195/5
f 1572/3192/5 1546/3136/5 1573/3195/5
f 1575/3199/5 1558/3160/5 1507/3058/5
f 1558/3160/5 1576/3201/5 1507/3058/5
f 1576/3201/5 1560/3164/5 1504/3052/5
f 1507/3058/5 1576/3201/5 1504/3052/5
f 1540/3124/5 1572/3192/5 1575/3199/5
f 1518/3080/5 1504/3052/5 1560/3164/5
f 1560/3164/5 1561/3167/5 1521/3086/5
f 1488/3027/5 1528/3100/5 1530/3104/5
f 1502/3050/5 1509/3062/5 1506/3056/5
f 1502/3050/3 1497/3043/3 1496/3042/3
f 1513/3070/6 1549/3142/6 1548/3140/6
f 1563/3172/6 1564/3174/6 1551/3146/6
f 1564/3174/6 1554/3152/6 1551/3146/6
f 1551/3146/6 1549/3142/6 1563/3172/6
f 1549/3142/6 1513/3070/6 1563/3172/6
f 1525/3095/6 1570/3188/6 1527/3098/6
f 1570/3188/6 1566/3178/6 1527/3098/6
f 1566/3178/6 1563/3172/6 1513/3070/6
f 1511/3066/6 1512/3068/6 1524/3092/6
f 1512/3068/6 1480/3014/6 1524/3092/6
f 1566/3178/6 1513/3070/6 1511/3066/6
f 1524/3092/6 1527/3098/6 1566/3178/6
f 1569/3185/6 1570/3188/6 1525/3095/6
f 1525/3095/6 1522/3088/6 1569/3185/6
f 1522/3088/6 1467/2984/6 1536/3116/6
f 1535/3114/6 1522/3088/6 1536/3116/6
f 1539/3122/6 1537/3118/6 1552/3148/6
f 1537/3118/6 1496/3042/6 1552/3148/6
f 1522/3088/6 1535/3114/6 1569/3185/6
f 1554/3152/6 1564/3174/6 1567/3181/6
f 1567/3181/6 1569/3185/6 1535/3114/6
f 1567/3181/6 1535/3114/6 1539/3122/6
f 1552/3148/6 1554/3152/6 1567/3181/6
f 1497/3043/6 1515/3074/6 1548/3140/6
f 1552/3148/6 1567/3181/6 1539/3122/6
f 1497/3043/6 1548/3140/6 1496/3042/6
f 1467/2984/6 1496/3042/6 1537/3118/6
f 1524/3092/6 1480/3014/6 1467/2984/6
f 1497/3043/6 1480/3014/6 1512/3068/6
f 1488/3028/4 1622/3300/4 1621/3298/4
f 1496/3042/4 1626/3309/4 1627/3311/4
f 1626/3309/4 1496/3042/4 1624/3305/4
f 1496/3042/4 1467/2985/4 1624/3305/4
f 1467/2985/4 1621/3298/4 1623/3302/4
f 1620/3295/4 1622/3300/4 1488/3028/4
f 1620/3295/4 1488/3028/4 1499/3046/4
f 1499/3046/4 1627/3311/4 1625/3307/4
f 1620/3295/4 1499/3046/4 1625/3307/4
f 1624/3305/4 1467/2985/4 1623/3302/4
f 1623/3302/4 1620/3295/4 1625/3307/4
f 1492/3035/2 1480/3015/2 1613/3280/2
f 1497/3043/2 1502/3050/2 1619/3293/2
f 1616/3286/2 1619/3293/2 1502/3050/2
f 1502/3050/2 1492/3035/2 1614/3282/2
f 1492/3035/2 1612/3277/2 1614/3282/2
f 1616/3286/2 1502/3050/2 1614/3282/2
f 1615/3285/2 1613/3280/2 1480/3015/2
f 1616/3286/2 1614/3282/2 1615/3285/2
f 1497/3043/2 1618/3291/2 1617/3289/2
f 1617/3289/2 1616/3286/2 1615/3285/2
f 1615/3285/2 1480/3015/2 1497/3043/2
f 1509/3063/132 1507/3059/132 1513/3071/132
f 1504/3053/133 1506/3057/133 1512/3069/133
f 1509/3063/4 1515/3075/4 1512/3069/4
f 1507/3059/2 1504/3053/2 1511/3067/2
f 1518/3081/134 1521/3087/134 1527/3099/134
f 1519/3083/135 1516/3077/135 1522/3089/135
f 1516/3077/3 1518/3081/3 1524/3093/3
f 1527/3099/1 1521/3087/1 1519/3083/1
f 1531/3107/136 1535/3115/136 1536/3117/136
f 1530/3105/137 1537/3119/137 1539/3123/137
f 1530/3105/2 1528/3101/2 1536/3117/2
f 1533/3111/4 1539/3123/4 1535/3115/4
f 1554/3153/138 1552/3149/138 1545/3135/138
f 1552/3149/138 1542/3129/138 1545/3135/138
f 1548/3141/139 1549/3143/139 1543/3131/139
f 1549/3143/139 1551/3147/139 1540/3125/139
f 1543/3131/1 1542/3129/1 1552/3149/1
f 1546/3137/3 1540/3125/3 1551/3147/3
f 1566/3179/3 1570/3189/3 1560/3165/3
f 1570/3189/3 1569/3186/3 1561/3168/3
f 1555/3155/1 1557/3159/1 1567/3182/1
f 1567/3182/1 1564/3175/1 1555/3155/1
f 1564/3175/1 1563/3173/1 1578/3207/1
f 1555/3155/1 1564/3175/1 1578/3207/1
f 1563/3173/1 1579/3210/1 1578/3207/1
f 1557/3159/2 1561/3169/2 1569/3187/2
f 1566/3180/4 1560/3166/4 1485/3022/4
f 1560/3166/4 1576/3202/4 1485/3022/4
f 1485/3022/4 1579/3210/4 1563/3173/4
f 1485/3023/1 1576/3203/1 1479/3010/1
f 1576/3203/1 1494/3038/1 1479/3010/1
f 1494/3038/5 1503/3051/5 1500/3047/5
f 1500/3047/3 1503/3051/3 1575/3200/3
f 1604/3261/6 1603/3259/6 1578/3208/6
f 1579/3211/6 1611/3275/6 1605/3263/6
f 1579/3211/6 1605/3263/6 1609/3271/6
f 1610/3273/6 1604/3261/6 1578/3208/6
f 1607/3267/6 1610/3273/6 1578/3208/6
f 1578/3208/6 1579/3211/6 1606/3265/6
f 1579/3211/6 1609/3271/6 1608/3269/6
f 1579/3211/6 1608/3269/6 1606/3265/6
f 1601/3255/6 1611/3275/6 1579/3211/6
f 1578/3208/6 1603/3259/6 1591/3235/6
f 1578/3208/6 1591/3235/6 1592/3237/6
f 1602/3257/6 1601/3255/6 1579/3211/6
f 1599/3251/6 1602/3257/6 1579/3211/6
f 1479/3011/6 1578/3208/6 1593/3239/6
f 1578/3208/6 1592/3237/6 1590/3233/6
f 1578/3208/6 1590/3233/6 1593/3239/6
f 1599/3251/6 1579/3211/6 1600/3253/6
f 1579/3211/6 1485/3024/6 1600/3253/6
f 1479/3011/6 1593/3239/6 1587/3227/6
f 1598/3249/6 1600/3253/6 1485/3024/6
f 1596/3245/6 1598/3249/6 1485/3024/6
f 1479/3011/6 1587/3227/6 1588/3229/6
f 1479/3011/6 1588/3229/6 1589/3231/6
f 1597/3247/6 1596/3245/6 1485/3024/6
f 1595/3243/6 1597/3247/6 1485/3024/6
f 1479/3011/6 1589/3231/6 1594/3241/6
f 1479/3011/6 1594/3241/6 1583/3219/6
f 1585/3223/6 1595/3243/6 1485/3024/6
f 1586/3225/6 1585/3223/6 1485/3024/6
f 1479/3011/6 1583/3219/6 1584/3221/6
f 1479/3011/6 1584/3221/6 1581/3215/6
f 1586/3225/6 1485/3024/6 1582/3217/6
f 1485/3024/6 1479/3011/6 1580/3213/6
f 1582/3217/6 1485/3024/6 1580/3213/6
f 1578/3209/4 1479/3012/4 1491/3033/4
f 1491/3033/222 1500/3047/222 1573/3196/222
f 1500/3047/4 1572/3193/4 1573/3196/4
f 1558/3161/2 1575/3200/2 1503/3051/2
f 1494/3039/2 1576/3204/2 1558/3161/2
f 1484/3020/122 1471/2994/122 1580/3214/122
f 1489/3029/123 1484/3020/123 1581/3216/123
f 1493/3036/124 1489/3029/124 1584/3222/124
f 1495/3040/59 1493/3036/59 1583/3220/59
f 1495/3040/83 1594/3242/83 1589/3232/83
f 1498/3044/61 1589/3232/61 1588/3230/61
f 1501/3048/62 1588/3230/62 1587/3228/62
f 1505/3054/223 1587/3228/223 1593/3240/223
f 1508/3060/224 1593/3240/224 1590/3234/224
f 1510/3064/65 1590/3234/65 1592/3238/65
f 1514/3072/66 1592/3238/66 1591/3236/66
f 1517/3078/67 1591/3236/67 1603/3260/67
f 1523/3090/68 1520/3084/68 1603/3260/68
f 1526/3096/69 1523/3090/69 1604/3262/69
f 1529/3102/125 1526/3096/125 1610/3274/125
f 1532/3108/126 1529/3102/126 1607/3268/126
f 1534/3112/127 1532/3108/127 1606/3266/127
f 1538/3120/128 1534/3112/128 1608/3270/128
f 1541/3126/74 1538/3120/74 1609/3272/74
f 1544/3132/86 1541/3126/86 1605/3264/86
f 1547/3138/76 1544/3132/76 1611/3276/76
f 1550/3144/77 1547/3138/77 1601/3256/77
f 1553/3150/78 1550/3144/78 1602/3258/78
f 1556/3156/79 1553/3150/79 1599/3252/79
f 1559/3162/48 1556/3156/48 1600/3254/48
f 1562/3170/49 1559/3162/49 1598/3250/49
f 1565/3176/50 1562/3170/50 1596/3246/50
f 1568/3183/51 1565/3176/51 1597/3248/51
f 1571/3190/52 1568/3183/52 1595/3244/52
f 1574/3197/53 1571/3190/53 1585/3224/53
f 1577/3205/120 1574/3197/120 1586/3226/120
f 1471/2995/121 1577/3205/121 1582/3218/121
f 1574/3198/6 1577/3206/6 1489/3030/6
f 1577/3206/6 1471/2996/6 1489/3030/6
f 1471/2996/6 1484/3021/6 1489/3030/6
f 1489/3030/6 1493/3037/6 1495/3041/6
f 1495/3041/6 1498/3045/6 1501/3049/6
f 1501/3049/6 1505/3055/6 1508/3061/6
f 1508/3061/6 1510/3065/6 1514/3073/6
f 1514/3073/6 1517/3079/6 1520/3085/6
f 1520/3085/6 1523/3091/6 1526/3097/6
f 1526/3097/6 1529/3103/6 1532/3109/6
f 1532/3109/6 1534/3113/6 1526/3097/6
f 1534/3113/6 1538/3121/6 1526/3097/6
f 1538/3121/6 1541/3127/6 1544/3133/6
f 1544/3133/6 1547/3139/6 1538/3121/6
f 1547/3139/6 1550/3145/6 1538/3121/6
f 1550/3145/6 1553/3151/6 1556/3157/6
f 1556/3157/6 1559/3163/6 1562/3171/6
f 1562/3171/6 1565/3177/6 1574/3198/6
f 1565/3177/6 1568/3184/6 1574/3198/6
f 1568/3184/6 1571/3191/6 1574/3198/6
f 1489/3030/6 1495/3041/6 1501/3049/6
f 1501/3049/6 1508/3061/6 1526/3097/6
f 1508/3061/6 1514/3073/6 1526/3097/6
f 1514/3073/6 1520/3085/6 1526/3097/6
f 1550/3145/6 1556/3157/6 1574/3198/6
f 1556/3157/6 1562/3171/6 1574/3198/6
f 1574/3198/6 1489/3030/6 1526/3097/6
f 1489/3030/6 1501/3049/6 1526/3097/6
f 1526/3097/6 1538/3121/6 1574/3198/6
f 1692/3444/126 1694/3449/126 1741/3544/126
f 1694/3449/125 1693/3447/125 1740/3542/125
f 1693/3447/69 1697/3455/69 1744/3550/69
f 1744/3550/68 1697/3455/68 1696/3453/68
f 1696/3453/67 1702/3465/67 1754/3570/67
f 1702/3465/66 1701/3463/66 1748/3558/66
f 1709/3479/65 1753/3568/65 1748/3558/65
f 1711/3483/64 1752/3566/64 1753/3568/64
f 1710/3481/63 1751/3564/63 1752/3566/63
f 1714/3489/62 1726/3513/62 1751/3564/62
f 1712/3485/61 1728/3517/61 1726/3513/61
f 1723/3507/83 1738/3537/83 1728/3517/83
f 1723/3507/59 1716/3493/59 1730/3521/59
f 1722/3505/124 1736/3533/124 1730/3521/124
f 1720/3501/123 1734/3529/123 1736/3533/123
f 1718/3497/122 1732/3525/122 1734/3529/122
f 1718/3497/121 1719/3499/121 1733/3527/121
f 1719/3499/120 1721/3503/120 1735/3531/120
f 1717/3495/53 1731/3523/53 1735/3531/53
f 1715/3491/52 1737/3535/52 1731/3523/52
f 1715/3491/51 1713/3487/51 1727/3515/51
f 1713/3487/50 1706/3473/50 1729/3519/50
f 1729/3519/49 1706/3473/49 1707/3475/49
f 1725/3511/48 1707/3475/48 1704/3469/48
f 1704/3469/79 1705/3471/79 1750/3562/79
f 1705/3471/78 1708/3477/78 1747/3556/78
f 1708/3477/77 1703/3467/77 1749/3560/77
f 1703/3467/76 1700/3461/76 1755/3572/76
f 1700/3461/86 1698/3457/86 1745/3552/86
f 1698/3457/74 1699/3459/74 1746/3554/74
f 1746/3554/128 1699/3459/128 1695/3451/128
f 1742/3546/127 1695/3451/127 1692/3445/127
usemtl Material.028
f 1756/3573/2 2123/4257/2 1792/3641/2
f 2052/4109/6 2059/4123/6 1830/3710/6
f 1898/3830/6 1893/3821/6 1792/3641/6
f 1866/3775/6 1905/3842/6 1994/3991/6
f 2079/4164/6 2068/4142/6 1833/3715/6
f 2023/4050/6 2025/4054/6 1921/3867/6
f 1918/3863/6 1878/3796/6 2011/4026/6
f 1833/3715/6 1938/3894/6 1941/3898/6
f 1947/3906/6 1945/3903/6 1866/3775/6
f 1820/3692/6 1869/3780/6 1798/3652/6
f 1792/3641/6 1839/3726/6 1812/3677/6
f 1812/3677/2 2128/4262/2 1803/3661/2
f 1849/3744/5 1950/3910/5 1949/3909/5
f 1932/3885/5 1928/3878/5 1803/3661/5
f 1788/3634/5 1756/3573/5 1911/3852/5
f 1856/3757/5 1950/3910/5 1849/3744/5
f 1810/3674/5 1885/3808/5 1892/3820/5
f 1756/3573/5 1860/3764/5 1844/3735/5
f 1756/3573/2 2114/4240/2 2113/4238/2
f 1803/3661/2 2120/4253/2 1812/3677/2
f 2116/4244/2 2118/4249/2 2117/4247/2
f 1810/3674/4 2108/4226/4 2107/4224/4
f 1820/3692/4 1798/3652/4 2099/4206/4
f 2098/4205/4 1788/3634/4 2097/4201/4
f 1830/3710/133 1844/3735/133 1824/3699/133
f 1839/3726/132 1856/3757/132 1833/3715/132
f 1839/3726/4 1844/3735/4 1860/3764/4
f 1833/3715/2 1849/3744/2 1830/3710/2
f 1877/3795/137 1889/3815/137 1892/3820/137
f 1866/3775/136 1885/3808/136 1883/3805/136
f 1885/3808/2 2102/4213/2 2101/4211/2
f 2103/4215/2 1877/3795/2 2109/4228/2
f 1892/3820/2 2112/4235/2 1877/3795/2
f 1878/3796/4 1883/3805/4 1889/3815/4
f 1898/3830/141 1915/3858/141 1911/3852/141
f 1901/3835/142 1907/3845/142 1913/3855/142
f 1893/3821/3 1911/3852/3 1907/3845/3
f 1905/3842/1 1913/3855/1 1915/3858/1
f 1924/3872/143 1928/3878/143 1919/3864/143
f 1918/3863/144 1932/3885/144 1933/3886/144
f 1921/3867/1 1928/3878/1 1932/3885/1
f 1918/3863/3 1927/3877/3 1924/3872/3
f 1945/3903/3 1959/3922/3 1951/3911/3
f 1956/3918/1 1957/3919/1 1947/3906/1
f 1950/3910/4 1953/3914/4 1941/3898/4
f 1957/3919/2 1945/3903/2 1947/3906/2
f 1794/3644/64 1995/3995/64 1980/3964/64
f 1806/3666/65 1980/3964/65 1984/3972/65
f 1816/3684/66 1984/3972/66 1982/3968/66
f 1826/3702/67 1982/3968/67 1993/3990/67
f 1826/3702/68 1986/3976/68 1835/3718/68
f 1835/3718/69 1991/3986/69 1847/3740/69
f 1988/3980/125 1854/3753/125 1847/3740/125
f 1854/3753/126 1987/3978/126 1864/3771/126
f 1864/3771/127 1989/3982/127 1874/3789/127
f 1880/3799/128 1989/3982/128 1992/3988/128
f 1887/3811/74 1992/3988/74 1985/3974/74
f 1887/3811/86 1994/3992/86 1896/3826/86
f 1902/3836/76 1994/3992/76 1981/3966/76
f 1909/3848/77 1981/3966/77 1983/3970/77
f 1912/3853/78 1983/3970/78 1979/3962/78
f 1916/3859/79 1979/3962/79 1996/3997/79
f 1922/3868/48 1996/3997/48 1974/3952/48
f 1925/3873/49 1974/3952/49 1976/3955/49
f 1971/3946/50 1925/3873/50 1976/3955/50
f 1936/3890/51 1971/3946/51 1978/3960/51
f 1936/3890/52 1967/3938/52 1940/3896/52
f 1940/3896/53 1969/3942/53 1943/3900/53
f 1943/3900/120 1965/3934/120 1946/3904/120
f 1946/3904/121 1964/3932/121 1948/3907/121
f 1948/3907/122 1966/3936/122 1952/3912/122
f 1952/3912/123 1968/3940/123 1955/3916/123
f 1955/3916/124 1970/3944/124 1958/3920/124
f 1958/3920/59 1972/3948/59 1960/3923/59
f 1961/3925/83 1972/3948/83 1977/3958/83
f 1962/3927/61 1977/3958/61 1975/3954/61
f 1963/3929/62 1975/3954/62 1973/3950/62
f 1782/3625/63 1973/3950/63 1995/3993/63
f 1835/3719/6 1902/3837/6 1940/3897/6
f 1789/3635/64 2028/4062/64 2014/4033/64
f 1797/3650/65 2014/4033/65 2018/4041/65
f 1801/3657/66 2018/4041/66 2016/4037/66
f 1808/3670/67 2016/4037/67 2027/4059/67
f 1808/3670/68 2020/4045/68 1815/3682/68
f 1815/3682/69 2025/4055/69 1822/3695/69
f 1822/3695/125 2023/4051/125 1829/3708/125
f 1829/3708/126 2021/4047/126 1838/3724/126
f 1838/3724/127 2022/4049/127 1842/3731/127
f 1842/3731/128 2024/4053/128 1851/3747/128
f 1851/3747/74 2019/4043/74 1858/3760/74
f 1858/3760/86 2026/4057/86 1863/3769/86
f 1872/3785/76 2026/4057/76 2015/4035/76
f 1876/3793/77 2015/4035/77 2017/4039/77
f 1881/3801/78 2017/4039/78 2013/4031/78
f 1886/3809/79 2013/4031/79 2029/4064/79
f 1890/3816/48 2029/4064/48 2007/4019/48
f 1895/3824/49 2007/4019/49 2009/4023/49
f 1899/3831/50 2009/4023/50 2005/4015/50
f 1904/3840/51 2005/4015/51 2011/4027/51
f 1904/3840/52 2001/4007/52 1908/3846/52
f 1908/3846/53 2003/4011/53 1910/3850/53
f 1910/3850/120 1998/4001/120 1914/3856/120
f 1914/3856/121 1997/3999/121 1917/3861/121
f 1917/3861/122 2000/4005/122 1920/3865/122
f 1920/3865/123 2000/4005/123 1999/4003/123
f 1923/3870/124 2002/4009/124 1926/3875/124
f 1926/3875/59 2012/4029/59 1929/3879/59
f 1931/3883/83 2012/4029/83 2006/4017/83
f 1935/3888/61 2006/4017/61 2010/4025/61
f 1937/3892/62 2010/4025/62 2008/4021/62
f 1781/3622/63 2008/4021/63 2028/4060/63
f 1910/3851/6 1923/3871/6 1935/3889/6
f 1786/3631/64 2062/4131/64 2046/4098/64
f 1791/3639/65 2046/4098/65 2050/4106/65
f 1796/3648/66 2050/4106/66 2048/4102/66
f 1800/3655/67 2048/4102/67 2059/4124/67
f 1800/3655/68 2052/4110/68 1805/3664/68
f 1805/3664/69 2057/4120/69 1809/3672/69
f 1814/3680/125 2057/4120/125 2054/4114/125
f 1818/3688/126 2054/4114/126 2053/4112/126
f 1818/3688/127 2055/4116/127 1821/3693/127
f 2058/4122/128 1827/3704/128 1821/3693/128
f 1832/3713/74 2058/4122/74 2051/4108/74
f 1832/3713/86 2061/4128/86 1836/3720/86
f 1841/3729/76 2061/4128/76 2047/4100/76
f 1845/3736/77 2047/4100/77 2049/4104/77
f 1848/3742/78 2049/4104/78 2045/4096/78
f 1853/3751/79 2045/4096/79 2060/4126/79
f 1857/3758/48 2060/4126/48 2040/4086/48
f 1862/3767/49 2040/4086/49 2042/4090/49
f 1867/3776/50 2042/4090/50 2037/4080/50
f 1871/3783/51 2037/4080/51 2044/4094/51
f 1871/3783/52 2033/4072/52 1875/3791/52
f 1875/3791/53 2035/4076/53 1879/3797/53
f 1879/3797/120 2031/4068/120 1882/3803/120
f 1882/3803/121 2030/4066/121 1884/3806/121
f 1884/3806/122 2032/4070/122 1888/3813/122
f 1888/3813/123 2036/4078/123 1891/3818/123
f 1891/3818/124 2034/4074/124 1894/3822/124
f 1894/3822/59 2043/4092/59 1897/3828/59
f 1900/3833/83 2043/4092/83 2038/4082/83
f 1903/3838/61 2038/4082/61 2041/4088/61
f 1906/3843/62 2041/4088/62 2039/4084/62
f 1772/3608/63 2039/4084/63 2062/4129/63
f 1805/3665/6 1841/3730/6 1875/3792/6
f 2081/4169/64 1778/3617/64 1771/3604/64
f 1784/3628/65 2081/4169/65 2083/4173/65
f 1790/3637/66 2083/4173/66 2085/4177/66
f 1793/3642/67 2085/4177/67 2096/4200/67
f 1793/3642/68 2089/4186/68 1795/3646/68
f 1795/3646/69 2094/4196/69 1799/3653/69
f 1799/3653/125 2091/4190/125 1802/3659/125
f 1802/3659/126 2090/4188/126 1804/3662/126
f 1804/3662/127 2092/4192/127 1807/3668/127
f 1807/3668/128 2093/4194/128 1811/3675/128
f 1811/3675/74 2088/4184/74 1813/3678/74
f 1813/3678/86 2095/4198/86 1817/3686/86
f 1819/3690/76 2095/4198/76 2084/4175/76
f 1823/3697/77 2084/4175/77 2086/4179/77
f 1825/3700/78 2086/4179/78 2080/4167/78
f 1828/3706/79 2080/4167/79 2077/4161/79
f 1831/3711/48 2077/4161/48 2073/4153/48
f 1834/3716/49 2073/4153/49 2075/4157/49
f 1837/3722/50 2075/4157/50 2071/4149/50
f 1840/3727/51 2071/4149/51 2078/4163/51
f 1840/3727/52 2067/4141/52 1843/3733/52
f 1843/3733/53 2069/4145/53 1846/3738/53
f 1846/3738/120 2069/4145/120 2064/4135/120
f 1850/3745/121 2063/4133/121 1852/3749/121
f 1852/3749/122 2066/4139/122 1855/3755/122
f 1855/3755/123 2070/4147/123 1859/3762/123
f 1859/3762/124 2068/4143/124 1861/3765/124
f 1861/3765/59 2079/4165/59 1865/3773/59
f 1868/3778/83 2079/4165/83 2072/4151/83
f 1870/3781/61 2072/4151/61 2076/4159/61
f 1873/3787/62 2076/4159/62 2074/4155/62
f 1771/3605/63 2074/4155/63 2087/4180/63
f 1823/3698/6 1846/3739/6 1870/3782/6
f 2122/4256/1 2123/4257/1 2121/4255/1
f 1798/3652/4 2122/4256/4 1788/3634/4
f 1788/3634/5 2121/4255/5 1756/3573/5
f 1792/3641/6 2124/4258/6 1798/3652/6
f 2126/4260/3 2128/4262/3 2125/4259/3
f 1810/3674/4 2126/4260/4 1820/3692/4
f 1820/3692/6 2125/4259/6 1812/3677/6
f 1803/3661/5 2127/4261/5 1810/3674/5
f 2592/5205/48 2610/5242/48 2611/5244/48
f 2591/5203/49 2611/5244/49 2614/5250/49
f 2598/5217/50 2614/5250/50 2616/5254/50
f 2607/5235/51 2616/5254/51 2617/5256/51
f 2607/5235/52 2619/5260/52 2601/5223/52
f 2601/5223/53 2623/5268/53 2606/5233/53
f 2606/5233/120 2621/5264/120 2604/5229/120
f 2604/5229/121 2620/5262/121 2602/5225/121
f 2602/5225/122 2622/5266/122 2603/5227/122
f 2603/5227/123 2624/5270/123 2605/5231/123
f 2605/5231/124 2618/5258/124 2600/5221/124
f 2600/5221/59 2625/5272/59 2608/5237/59
f 2608/5237/83 2613/5248/83 2597/5215/83
f 2597/5215/61 2612/5246/61 2599/5219/61
f 2599/5219/62 2615/5252/62 2595/5211/62
f 2595/5211/63 2637/5296/63 2596/5213/63
f 2596/5213/64 2638/5298/64 2594/5209/64
f 2594/5209/65 2639/5300/65 2586/5192/65
f 2586/5192/66 2635/5292/66 2587/5194/66
f 2587/5194/67 2632/5286/67 2582/5184/67
f 2580/5180/68 2632/5286/68 2630/5282/68
f 2583/5186/69 2630/5282/69 2627/5276/69
f 2578/5176/125 2627/5276/125 2628/5278/125
f 2577/5174/126 2628/5278/126 2626/5274/126
f 2579/5178/127 2626/5274/127 2629/5280/127
f 2584/5188/128 2629/5280/128 2633/5288/128
f 2581/5182/74 2633/5288/74 2631/5284/74
f 2585/5190/86 2631/5284/86 2640/5302/86
f 2588/5196/76 2640/5302/76 2636/5294/76
f 2593/5207/77 2636/5294/77 2634/5290/77
f 2590/5201/78 2634/5290/78 2609/5239/78
f 2589/5199/79 2609/5239/79 2610/5240/79
f 1756/3573/2 2121/4255/2 2123/4257/2
f 2062/4130/6 2039/4083/6 1938/3894/6
f 1830/3710/6 2056/4117/6 2055/4115/6
f 1830/3710/6 2055/4115/6 2053/4111/6
f 2046/4097/6 2062/4130/6 1938/3894/6
f 2050/4105/6 2046/4097/6 1938/3894/6
f 1830/3710/6 2053/4111/6 2054/4113/6
f 1830/3710/6 2054/4113/6 2057/4119/6
f 2048/4101/6 2050/4105/6 1938/3894/6
f 2059/4123/6 2048/4101/6 1938/3894/6
f 1938/3894/6 1830/3710/6 2059/4123/6
f 1830/3710/6 2057/4119/6 2052/4109/6
f 1830/3710/6 1824/3699/6 2060/4125/6
f 1824/3699/6 1792/3641/6 1893/3821/6
f 1830/3710/6 2049/4103/6 2047/4099/6
f 1798/3652/6 1869/3780/6 1898/3830/6
f 1869/3780/6 1866/3775/6 1995/3994/6
f 1984/3971/6 1866/3775/6 1982/3967/6
f 1866/3775/6 1990/3983/6 1991/3985/6
f 1866/3775/6 1991/3985/6 1986/3975/6
f 2058/4121/6 2056/4117/6 1830/3710/6
f 2051/4107/6 2058/4121/6 1830/3710/6
f 1866/3775/6 1986/3975/6 1993/3989/6
f 1866/3775/6 1993/3989/6 1982/3967/6
f 2061/4127/6 2051/4107/6 1830/3710/6
f 2047/4099/6 2061/4127/6 1830/3710/6
f 1866/3775/6 1984/3971/6 1980/3963/6
f 1866/3775/6 1980/3963/6 1995/3994/6
f 2049/4103/6 1830/3710/6 2045/4095/6
f 2045/4095/6 1830/3710/6 2060/4125/6
f 1869/3780/6 1995/3994/6 1973/3949/6
f 2060/4125/6 1824/3699/6 2040/4085/6
f 2040/4085/6 1824/3699/6 2042/4089/6
f 1869/3780/6 1973/3949/6 1975/3953/6
f 1869/3780/6 1975/3953/6 1977/3957/6
f 2042/4089/6 1824/3699/6 2037/4079/6
f 2037/4079/6 1824/3699/6 2044/4093/6
f 1869/3780/6 1977/3957/6 1972/3947/6
f 1869/3780/6 1972/3947/6 1898/3830/6
f 1898/3830/6 1972/3947/6 1970/3943/6
f 2044/4093/6 1824/3699/6 1893/3821/6
f 2044/4093/6 1893/3821/6 2033/4071/6
f 1898/3830/6 1970/3943/6 1968/3939/6
f 2033/4071/6 1893/3821/6 2035/4075/6
f 1968/3939/6 1966/3935/6 1898/3830/6
f 1966/3935/6 1964/3931/6 1898/3830/6
f 2031/4067/6 2035/4075/6 1893/3821/6
f 2030/4065/6 2031/4067/6 1893/3821/6
f 1964/3931/6 1965/3933/6 1905/3842/6
f 1898/3830/6 1964/3931/6 1905/3842/6
f 1965/3933/6 1969/3941/6 1905/3842/6
f 2032/4069/6 2030/4065/6 1901/3835/6
f 2036/4077/6 2032/4069/6 1901/3835/6
f 2030/4065/6 1893/3821/6 1901/3835/6
f 1969/3941/6 1967/3937/6 1905/3842/6
f 1967/3937/6 1978/3959/6 1905/3842/6
f 2034/4073/6 2036/4077/6 1901/3835/6
f 2043/4091/6 2034/4073/6 1901/3835/6
f 1971/3945/6 1976/3956/6 1905/3842/6
f 1978/3959/6 1971/3945/6 1905/3842/6
f 1938/3894/6 2039/4083/6 1934/3887/6
f 2039/4083/6 2041/4087/6 1934/3887/6
f 1901/3835/3 1939/3895/3 1934/3887/3
f 1934/3887/6 2041/4087/6 2038/4081/6
f 1901/3835/6 1934/3887/6 2043/4091/6
f 1934/3887/6 2038/4081/6 2043/4091/6
f 1798/3652/6 1898/3830/6 1792/3641/6
f 1988/3979/6 1990/3983/6 1866/3775/6
f 1905/3842/6 1976/3956/6 1974/3951/6
f 1905/3842/6 1974/3951/6 1996/3996/6
f 1987/3977/6 1988/3979/6 1866/3775/6
f 1989/3981/6 1987/3977/6 1866/3775/6
f 1905/3842/6 1996/3996/6 1979/3961/6
f 1905/3842/6 1979/3961/6 1983/3969/6
f 1992/3987/6 1989/3981/6 1866/3775/6
f 1985/3973/6 1992/3987/6 1866/3775/6
f 1905/3842/6 1983/3969/6 1981/3965/6
f 1994/3991/6 1985/3973/6 1866/3775/6
f 1905/3842/6 1981/3965/6 1994/3991/6
f 2065/4136/6 2064/4134/6 1833/3715/6
f 1833/3715/6 1941/3898/6 1942/3899/6
f 1942/3899/6 2082/4170/6 2087/4181/6
f 1942/3899/6 2087/4181/6 2074/4154/6
f 2063/4132/6 2065/4136/6 1833/3715/6
f 2066/4138/6 2063/4132/6 1833/3715/6
f 1942/3899/6 2074/4154/6 2076/4158/6
f 1942/3899/6 2076/4158/6 2072/4150/6
f 2070/4146/6 2066/4138/6 1833/3715/6
f 2068/4142/6 2070/4146/6 1833/3715/6
f 1833/3715/6 1942/3899/6 2079/4164/6
f 1942/3899/6 2072/4150/6 2079/4164/6
f 1942/3899/6 1944/3902/6 1924/3872/6
f 1942/3899/6 1924/3872/6 2096/4199/6
f 1924/3872/6 1919/3864/6 2090/4187/6
f 2096/4199/6 1924/3872/6 2089/4185/6
f 2081/4168/6 2082/4170/6 1942/3899/6
f 2083/4172/6 2081/4168/6 1942/3899/6
f 2085/4176/6 2083/4172/6 1942/3899/6
f 2096/4199/6 2085/4176/6 1942/3899/6
f 2089/4185/6 1924/3872/6 2094/4195/6
f 2094/4195/6 1924/3872/6 2091/4189/6
f 2091/4189/6 1924/3872/6 2090/4187/6
f 2092/4191/6 2090/4187/6 1919/3864/6
f 2093/4193/6 2092/4191/6 1919/3864/6
f 2088/4183/6 2093/4193/6 1919/3864/6
f 2095/4197/6 2088/4183/6 1919/3864/6
f 2084/4174/6 2095/4197/6 1839/3726/6
f 2095/4197/6 1919/3864/6 1839/3726/6
f 2086/4178/6 2084/4174/6 1839/3726/6
f 2080/4166/6 2086/4178/6 1839/3726/6
f 2077/4160/6 2080/4166/6 1839/3726/6
f 2073/4152/6 2077/4160/6 1833/3715/6
f 2075/4156/6 2073/4152/6 1833/3715/6
f 2077/4160/6 1839/3726/6 1833/3715/6
f 2071/4148/6 2075/4156/6 1833/3715/6
f 1833/3715/6 2064/4134/6 2069/4144/6
f 1812/3677/6 1839/3726/6 1919/3864/6
f 2071/4148/6 1833/3715/6 2078/4162/6
f 1878/3796/6 1877/3795/6 2028/4061/6
f 1877/3795/6 1820/3692/6 1921/3867/6
f 1878/3796/6 2010/4024/6 2006/4016/6
f 2004/4012/6 1999/4002/6 1878/3796/6
f 2002/4008/6 2004/4012/6 1878/3796/6
f 1833/3715/6 2069/4144/6 2067/4140/6
f 1833/3715/6 2067/4140/6 2078/4162/6
f 2012/4028/6 2002/4008/6 1878/3796/6
f 2006/4016/6 2012/4028/6 1878/3796/6
f 2010/4024/6 1878/3796/6 2008/4020/6
f 2008/4020/6 1878/3796/6 2028/4061/6
f 1812/3677/6 1919/3864/6 1921/3867/6
f 2028/4061/6 1877/3795/6 2014/4032/6
f 2014/4032/6 1877/3795/6 2018/4040/6
f 1820/3692/6 1812/3677/6 1921/3867/6
f 1918/3863/6 2017/4038/6 2015/4034/6
f 1918/3863/6 2015/4034/6 2026/4056/6
f 1921/3867/6 1918/3863/6 2021/4046/6
f 2019/4042/6 1918/3863/6 2026/4056/6
f 2018/4040/6 1877/3795/6 2016/4036/6
f 2016/4036/6 1877/3795/6 2027/4058/6
f 1918/3863/6 2019/4042/6 2024/4052/6
f 1918/3863/6 2024/4052/6 2022/4048/6
f 2027/4058/6 1877/3795/6 1921/3867/6
f 2027/4058/6 1921/3867/6 2020/4044/6
f 1918/3863/6 2022/4048/6 2021/4046/6
f 2020/4044/6 1921/3867/6 2025/4054/6
f 1921/3867/6 2021/4046/6 2023/4050/6
f 2013/4030/6 2017/4038/6 1918/3863/6
f 1878/3796/6 1999/4002/6 2000/4004/6
f 1878/3796/6 2000/4004/6 1997/3998/6
f 2029/4063/6 2013/4030/6 1918/3863/6
f 2007/4018/6 2029/4063/6 1918/3863/6
f 1878/3796/6 1997/3998/6 1998/4000/6
f 1878/3796/6 1998/4000/6 2003/4010/6
f 2009/4022/6 2007/4018/6 1918/3863/6
f 2005/4014/6 2009/4022/6 1918/3863/6
f 1878/3796/6 2003/4010/6 2001/4006/6
f 2011/4026/6 2005/4014/6 1918/3863/6
f 1878/3796/6 2001/4006/6 2011/4026/6
f 1833/3715/6 1830/3710/6 1938/3894/6
f 1945/3903/6 1939/3895/6 1901/3835/6
f 1918/3863/6 1924/3872/6 1944/3902/6
f 1918/3863/6 1944/3902/6 1947/3906/6
f 1945/3903/6 1901/3835/6 1905/3842/6
f 1878/3796/4 1918/3863/4 1947/3906/4
f 1945/3903/225 1905/3842/225 1866/3775/225
f 1878/3796/6 1947/3906/6 1866/3775/6
f 1820/3692/6 1877/3795/6 1869/3780/6
f 1792/3641/6 1824/3699/6 1839/3726/6
f 1812/3677/2 2125/4259/2 2128/4262/2
f 1949/3909/6 1951/3911/6 1913/3855/6
f 1913/3855/5 1907/3845/5 1949/3909/5
f 1907/3845/5 1844/3735/5 1949/3909/5
f 1844/3735/5 1849/3744/5 1949/3909/5
f 1954/3915/5 1953/3914/5 1856/3757/5
f 1856/3757/5 1860/3764/5 1954/3915/5
f 1860/3764/5 1803/3661/5 1928/3878/5
f 1954/3915/5 1860/3764/5 1928/3878/5
f 1810/3674/5 1892/3820/5 1932/3885/5
f 1892/3820/5 1889/3815/5 1932/3885/5
f 1889/3815/5 1933/3886/5 1932/3885/5
f 1928/3878/5 1927/3877/5 1954/3915/5
f 1927/3877/226 1956/3918/226 1954/3915/226
f 1810/3674/5 1932/3885/5 1803/3661/5
f 1957/3919/5 1956/3918/5 1927/3877/5
f 1883/3805/5 1885/3808/5 1959/3922/5
f 1885/3808/5 1788/3634/5 1911/3852/5
f 1959/3922/5 1885/3808/5 1911/3852/5
f 1756/3573/5 1844/3735/5 1907/3845/5
f 1756/3573/5 1907/3845/5 1911/3852/5
f 1957/3919/5 1927/3877/5 1933/3886/5
f 1913/3855/5 1951/3911/5 1959/3922/5
f 1957/3919/2 1933/3886/2 1889/3815/2
f 1915/3858/5 1913/3855/5 1959/3922/5
f 1959/3922/5 1957/3919/5 1883/3805/5
f 1957/3919/5 1889/3815/5 1883/3805/5
f 1911/3852/5 1915/3858/5 1959/3922/5
f 1856/3757/5 1953/3914/5 1950/3910/5
f 1810/3674/5 1788/3634/5 1885/3808/5
f 1756/3573/5 1803/3661/5 1860/3764/5
f 1756/3573/2 1792/3641/2 2114/4240/2
f 1803/3661/2 2119/4251/2 2120/4253/2
f 2119/4251/2 1803/3661/2 2117/4247/2
f 1803/3661/2 1756/3573/2 2117/4247/2
f 1756/3573/2 2113/4238/2 2116/4244/2
f 2115/4242/2 2114/4240/2 1792/3641/2
f 2115/4242/2 1792/3641/2 1812/3677/2
f 1812/3677/2 2120/4253/2 2118/4249/2
f 2115/4242/2 1812/3677/2 2118/4249/2
f 2117/4247/2 1756/3573/2 2116/4244/2
f 2116/4244/2 2115/4242/2 2118/4249/2
f 1810/3674/4 1820/3692/4 2108/4226/4
f 2100/4208/4 2097/4201/4 1788/3634/4
f 1788/3634/4 1810/3674/4 2105/4219/4
f 1810/3674/4 2107/4224/4 2105/4219/4
f 2100/4208/4 1788/3634/4 2105/4219/4
f 2106/4222/4 2108/4226/4 1820/3692/4
f 2100/4208/4 2105/4219/4 2106/4222/4
f 1798/3652/4 2098/4205/4 2099/4206/4
f 2099/4206/4 2100/4208/4 2106/4222/4
f 2106/4222/4 1820/3692/4 2099/4206/4
f 2098/4205/4 1798/3652/4 1788/3634/4
f 1830/3710/133 1849/3744/133 1844/3735/133
f 1839/3726/132 1860/3764/132 1856/3757/132
f 1839/3726/4 1824/3699/4 1844/3735/4
f 1833/3715/2 1856/3757/2 1849/3744/2
f 1877/3795/137 1878/3796/137 1889/3815/137
f 1866/3775/136 1869/3780/136 1885/3808/136
f 1885/3808/2 1869/3780/2 2102/4213/2
f 2110/4231/2 2111/4233/2 1892/3820/2
f 1892/3820/2 1885/3808/2 2104/4217/2
f 1885/3808/2 2101/4211/2 2104/4217/2
f 2110/4231/2 1892/3820/2 2104/4217/2
f 2103/4215/2 2102/4213/2 1869/3780/2
f 2110/4231/2 2104/4217/2 2103/4215/2
f 1877/3795/2 2112/4235/2 2109/4228/2
f 2109/4228/2 2110/4231/2 2103/4215/2
f 2103/4215/2 1869/3780/2 1877/3795/2
f 1892/3820/2 2111/4233/2 2112/4235/2
f 1878/3796/4 1866/3775/4 1883/3805/4
f 1898/3830/141 1905/3842/141 1915/3858/141
f 1901/3835/142 1893/3821/142 1907/3845/142
f 1893/3821/3 1898/3830/3 1911/3852/3
f 1905/3842/1 1901/3835/1 1913/3855/1
f 1924/3872/143 1927/3877/143 1928/3878/143
f 1918/3863/144 1921/3867/144 1932/3885/144
f 1921/3867/1 1919/3864/1 1928/3878/1
f 1918/3863/3 1933/3886/3 1927/3877/3
f 1951/3911/3 1949/3909/3 1934/3887/3
f 1934/3887/3 1939/3895/3 1951/3911/3
f 1939/3895/3 1945/3903/3 1951/3911/3
f 1947/3906/1 1944/3902/1 1956/3918/1
f 1944/3902/1 1942/3899/1 1956/3918/1
f 1942/3899/1 1954/3915/1 1956/3918/1
f 1953/3914/4 1954/3915/4 1942/3899/4
f 1941/3898/4 1938/3894/4 1950/3910/4
f 1938/3894/4 1934/3887/4 1950/3910/4
f 1953/3914/4 1942/3899/4 1941/3898/4
f 1934/3887/4 1949/3909/4 1950/3910/4
f 1957/3919/2 1959/3922/2 1945/3903/2
f 1794/3644/64 1782/3624/64 1995/3995/64
f 1806/3666/65 1794/3644/65 1980/3964/65
f 1816/3684/66 1806/3666/66 1984/3972/66
f 1826/3702/67 1816/3684/67 1982/3968/67
f 1826/3702/68 1993/3990/68 1986/3976/68
f 1835/3718/69 1986/3976/69 1991/3986/69
f 1991/3986/125 1990/3984/125 1847/3740/125
f 1990/3984/70 1988/3980/70 1847/3740/70
f 1854/3753/126 1988/3980/126 1987/3978/126
f 1864/3771/127 1987/3978/127 1989/3982/127
f 1880/3799/128 1874/3789/128 1989/3982/128
f 1887/3811/74 1880/3799/74 1992/3988/74
f 1887/3811/86 1985/3974/86 1994/3992/86
f 1902/3836/76 1896/3826/76 1994/3992/76
f 1909/3848/77 1902/3836/77 1981/3966/77
f 1912/3853/78 1909/3848/78 1983/3970/78
f 1916/3859/79 1912/3853/79 1979/3962/79
f 1922/3868/48 1916/3859/48 1996/3997/48
f 1925/3873/49 1922/3868/49 1974/3952/49
f 1971/3946/50 1930/3881/50 1925/3873/50
f 1936/3890/51 1930/3881/51 1971/3946/51
f 1936/3890/52 1978/3960/52 1967/3938/52
f 1940/3896/53 1967/3938/53 1969/3942/53
f 1943/3900/120 1969/3942/120 1965/3934/120
f 1946/3904/121 1965/3934/121 1964/3932/121
f 1948/3907/122 1964/3932/122 1966/3936/122
f 1952/3912/123 1966/3936/123 1968/3940/123
f 1955/3916/124 1968/3940/124 1970/3944/124
f 1958/3920/59 1970/3944/59 1972/3948/59
f 1961/3925/83 1960/3923/83 1972/3948/83
f 1962/3927/61 1961/3925/61 1977/3958/61
f 1963/3929/62 1962/3927/62 1975/3954/62
f 1782/3625/63 1963/3929/63 1973/3950/63
f 1961/3926/6 1962/3928/6 1963/3930/6
f 1963/3930/6 1782/3626/6 1794/3645/6
f 1794/3645/6 1806/3667/6 1816/3685/6
f 1816/3685/6 1826/3703/6 1835/3719/6
f 1835/3719/6 1847/3741/6 1854/3754/6
f 1854/3754/6 1864/3772/6 1835/3719/6
f 1864/3772/6 1874/3790/6 1835/3719/6
f 1874/3790/6 1880/3800/6 1902/3837/6
f 1880/3800/6 1887/3812/6 1902/3837/6
f 1887/3812/6 1896/3827/6 1902/3837/6
f 1902/3837/6 1909/3849/6 1922/3869/6
f 1909/3849/6 1912/3854/6 1922/3869/6
f 1912/3854/6 1916/3860/6 1922/3869/6
f 1922/3869/6 1925/3874/6 1940/3897/6
f 1925/3874/6 1930/3882/6 1940/3897/6
f 1930/3882/6 1936/3891/6 1940/3897/6
f 1940/3897/6 1943/3901/6 1952/3913/6
f 1943/3901/6 1946/3905/6 1952/3913/6
f 1946/3905/6 1948/3908/6 1952/3913/6
f 1952/3913/6 1955/3917/6 1958/3921/6
f 1958/3921/6 1960/3924/6 1961/3926/6
f 1961/3926/6 1963/3930/6 1835/3719/6
f 1963/3930/6 1794/3645/6 1835/3719/6
f 1794/3645/6 1816/3685/6 1835/3719/6
f 1952/3913/6 1958/3921/6 1940/3897/6
f 1958/3921/6 1961/3926/6 1940/3897/6
f 1835/3719/6 1874/3790/6 1902/3837/6
f 1902/3837/6 1922/3869/6 1940/3897/6
f 1961/3926/6 1835/3719/6 1940/3897/6
f 1789/3635/64 1781/3621/64 2028/4062/64
f 1797/3650/65 1789/3635/65 2014/4033/65
f 1801/3657/66 1797/3650/66 2018/4041/66
f 1808/3670/67 1801/3657/67 2016/4037/67
f 1808/3670/68 2027/4059/68 2020/4045/68
f 1815/3682/69 2020/4045/69 2025/4055/69
f 1822/3695/125 2025/4055/125 2023/4051/125
f 1829/3708/126 2023/4051/126 2021/4047/126
f 1838/3724/127 2021/4047/127 2022/4049/127
f 1842/3731/128 2022/4049/128 2024/4053/128
f 1851/3747/74 2024/4053/74 2019/4043/74
f 1858/3760/86 2019/4043/86 2026/4057/86
f 1872/3785/76 1863/3769/76 2026/4057/76
f 1876/3793/77 1872/3785/77 2015/4035/77
f 1881/3801/78 1876/3793/78 2017/4039/78
f 1886/3809/79 1881/3801/79 2013/4031/79
f 1890/3816/48 1886/3809/48 2029/4064/48
f 1895/3824/49 1890/3816/49 2007/4019/49
f 1899/3831/50 1895/3824/50 2009/4023/50
f 1904/3840/51 1899/3831/51 2005/4015/51
f 1904/3840/52 2011/4027/52 2001/4007/52
f 1908/3846/53 2001/4007/53 2003/4011/53
f 1910/3850/120 2003/4011/120 1998/4001/120
f 1914/3856/121 1998/4001/121 1997/3999/121
f 1917/3861/122 1997/3999/122 2000/4005/122
f 2004/4013/123 1923/3870/123 1999/4003/123
f 1923/3870/123 1920/3865/123 1999/4003/123
f 1923/3870/124 2004/4013/124 2002/4009/124
f 1926/3875/59 2002/4009/59 2012/4029/59
f 1931/3883/83 1929/3879/83 2012/4029/83
f 1935/3888/61 1931/3883/61 2006/4017/61
f 1937/3892/62 1935/3888/62 2010/4025/62
f 1781/3622/63 1937/3892/63 2008/4021/63
f 1935/3889/6 1937/3893/6 1797/3651/6
f 1937/3893/6 1781/3623/6 1797/3651/6
f 1781/3623/6 1789/3636/6 1797/3651/6
f 1797/3651/6 1801/3658/6 1822/3696/6
f 1801/3658/6 1808/3671/6 1822/3696/6
f 1808/3671/6 1815/3683/6 1822/3696/6
f 1822/3696/6 1829/3709/6 1838/3725/6
f 1838/3725/6 1842/3732/6 1851/3748/6
f 1851/3748/6 1858/3761/6 1863/3770/6
f 1863/3770/6 1872/3786/6 1851/3748/6
f 1872/3786/6 1876/3794/6 1851/3748/6
f 1876/3794/6 1881/3802/6 1886/3810/6
f 1886/3810/6 1890/3817/6 1876/3794/6
f 1890/3817/6 1895/3825/6 1876/3794/6
f 1895/3825/6 1899/3832/6 1910/3851/6
f 1899/3832/6 1904/3841/6 1910/3851/6
f 1904/3841/6 1908/3847/6 1910/3851/6
f 1910/3851/6 1914/3857/6 1917/3862/6
f 1917/3862/6 1920/3866/6 1923/3871/6
f 1923/3871/6 1926/3876/6 1929/3880/6
f 1929/3880/6 1931/3884/6 1923/3871/6
f 1931/3884/6 1935/3889/6 1923/3871/6
f 1822/3696/6 1838/3725/6 1851/3748/6
f 1910/3851/6 1917/3862/6 1923/3871/6
f 1935/3889/6 1797/3651/6 1876/3794/6
f 1797/3651/6 1822/3696/6 1876/3794/6
f 1822/3696/6 1851/3748/6 1876/3794/6
f 1876/3794/6 1895/3825/6 1935/3889/6
f 1895/3825/6 1910/3851/6 1935/3889/6
f 1786/3631/64 1772/3607/64 2062/4131/64
f 1791/3639/65 1786/3631/65 2046/4098/65
f 1796/3648/66 1791/3639/66 2050/4106/66
f 1800/3655/67 1796/3648/67 2048/4102/67
f 1800/3655/68 2059/4124/68 2052/4110/68
f 1805/3664/69 2052/4110/69 2057/4120/69
f 1814/3680/125 1809/3672/125 2057/4120/125
f 1818/3688/126 1814/3680/126 2054/4114/126
f 1818/3688/127 2053/4112/127 2055/4116/127
f 2055/4116/128 2056/4118/128 1821/3693/128
f 2056/4118/85 2058/4122/85 1821/3693/85
f 1832/3713/74 1827/3704/74 2058/4122/74
f 1832/3713/86 2051/4108/86 2061/4128/86
f 1841/3729/76 1836/3720/76 2061/4128/76
f 1845/3736/77 1841/3729/77 2047/4100/77
f 1848/3742/78 1845/3736/78 2049/4104/78
f 1853/3751/79 1848/3742/79 2045/4096/79
f 1857/3758/48 1853/3751/48 2060/4126/48
f 1862/3767/49 1857/3758/49 2040/4086/49
f 1867/3776/50 1862/3767/50 2042/4090/50
f 1871/3783/51 1867/3776/51 2037/4080/51
f 1871/3783/52 2044/4094/52 2033/4072/52
f 1875/3791/53 2033/4072/53 2035/4076/53
f 1879/3797/120 2035/4076/120 2031/4068/120
f 1882/3803/121 2031/4068/121 2030/4066/121
f 1884/3806/122 2030/4066/122 2032/4070/122
f 1888/3813/123 2032/4070/123 2036/4078/123
f 1891/3818/124 2036/4078/124 2034/4074/124
f 1894/3822/59 2034/4074/59 2043/4092/59
f 1900/3833/83 1897/3828/83 2043/4092/83
f 1903/3838/61 1900/3833/61 2038/4082/61
f 1906/3843/62 1903/3838/62 2041/4088/62
f 1772/3608/63 1906/3843/63 2039/4084/63
f 1900/3834/6 1903/3839/6 1786/3632/6
f 1903/3839/6 1906/3844/6 1786/3632/6
f 1906/3844/6 1772/3609/6 1786/3632/6
f 1786/3632/6 1791/3640/6 1796/3649/6
f 1796/3649/6 1800/3656/6 1786/3632/6
f 1800/3656/6 1805/3665/6 1786/3632/6
f 1805/3665/6 1809/3673/6 1814/3681/6
f 1814/3681/6 1818/3689/6 1805/3665/6
f 1818/3689/6 1821/3694/6 1805/3665/6
f 1821/3694/6 1827/3705/6 1832/3714/6
f 1832/3714/6 1836/3721/6 1841/3730/6
f 1841/3730/6 1845/3737/6 1848/3743/6
f 1848/3743/6 1853/3752/6 1841/3730/6
f 1853/3752/6 1857/3759/6 1841/3730/6
f 1857/3759/6 1862/3768/6 1867/3777/6
f 1867/3777/6 1871/3784/6 1875/3792/6
f 1875/3792/6 1879/3798/6 1882/3804/6
f 1882/3804/6 1884/3807/6 1875/3792/6
f 1884/3807/6 1888/3814/6 1875/3792/6
f 1888/3814/6 1891/3819/6 1894/3823/6
f 1894/3823/6 1897/3829/6 1900/3834/6
f 1821/3694/6 1832/3714/6 1805/3665/6
f 1832/3714/6 1841/3730/6 1805/3665/6
f 1857/3759/6 1867/3777/6 1875/3792/6
f 1888/3814/6 1894/3823/6 1875/3792/6
f 1894/3823/6 1900/3834/6 1875/3792/6
f 1900/3834/6 1786/3632/6 1805/3665/6
f 1841/3730/6 1857/3759/6 1875/3792/6
f 1900/3834/6 1805/3665/6 1875/3792/6
f 2087/4182/64 2082/4171/64 1771/3604/64
f 2082/4171/224 2081/4169/224 1771/3604/224
f 1784/3628/65 1778/3617/65 2081/4169/65
f 1790/3637/66 1784/3628/66 2083/4173/66
f 1793/3642/67 1790/3637/67 2085/4177/67
f 1793/3642/68 2096/4200/68 2089/4186/68
f 1795/3646/69 2089/4186/69 2094/4196/69
f 1799/3653/125 2094/4196/125 2091/4190/125
f 1802/3659/126 2091/4190/126 2090/4188/126
f 1804/3662/127 2090/4188/127 2092/4192/127
f 1807/3668/128 2092/4192/128 2093/4194/128
f 1811/3675/74 2093/4194/74 2088/4184/74
f 1813/3678/86 2088/4184/86 2095/4198/86
f 1819/3690/76 1817/3686/76 2095/4198/76
f 1823/3697/77 1819/3690/77 2084/4175/77
f 1825/3700/78 1823/3697/78 2086/4179/78
f 1828/3706/79 1825/3700/79 2080/4167/79
f 1831/3711/48 1828/3706/48 2077/4161/48
f 1834/3716/49 1831/3711/49 2073/4153/49
f 1837/3722/50 1834/3716/50 2075/4157/50
f 1840/3727/51 1837/3722/51 2071/4149/51
f 1840/3727/52 2078/4163/52 2067/4141/52
f 1843/3733/53 2067/4141/53 2069/4145/53
f 2064/4135/120 2065/4137/120 1850/3745/120
f 1850/3745/120 1846/3738/120 2064/4135/120
f 1850/3745/121 2065/4137/121 2063/4133/121
f 1852/3749/122 2063/4133/122 2066/4139/122
f 1855/3755/123 2066/4139/123 2070/4147/123
f 1859/3762/124 2070/4147/124 2068/4143/124
f 1861/3765/59 2068/4143/59 2079/4165/59
f 1868/3778/83 1865/3773/83 2079/4165/83
f 1870/3781/61 1868/3778/61 2072/4151/61
f 1873/3787/62 1870/3781/62 2076/4159/62
f 1771/3605/63 1873/3787/63 2074/4155/63
f 1870/3782/6 1873/3788/6 1784/3629/6
f 1873/3788/6 1771/3606/6 1784/3629/6
f 1771/3606/6 1778/3618/6 1784/3629/6
f 1784/3629/6 1790/3638/6 1793/3643/6
f 1793/3643/6 1795/3647/6 1799/3654/6
f 1799/3654/6 1802/3660/6 1811/3676/6
f 1802/3660/6 1804/3663/6 1811/3676/6
f 1804/3663/6 1807/3669/6 1811/3676/6
f 1811/3676/6 1813/3679/6 1823/3698/6
f 1813/3679/6 1817/3687/6 1823/3698/6
f 1817/3687/6 1819/3691/6 1823/3698/6
f 1823/3698/6 1825/3701/6 1828/3707/6
f 1828/3707/6 1831/3712/6 1834/3717/6
f 1834/3717/6 1837/3723/6 1840/3728/6
f 1840/3728/6 1843/3734/6 1834/3717/6
f 1843/3734/6 1846/3739/6 1834/3717/6
f 1846/3739/6 1850/3746/6 1852/3750/6
f 1852/3750/6 1855/3756/6 1846/3739/6
f 1855/3756/6 1859/3763/6 1846/3739/6
f 1859/3763/6 1861/3766/6 1865/3774/6
f 1865/3774/6 1868/3779/6 1870/3782/6
f 1784/3629/6 1793/3643/6 1870/3782/6
f 1793/3643/6 1799/3654/6 1870/3782/6
f 1823/3698/6 1828/3707/6 1834/3717/6
f 1859/3763/6 1865/3774/6 1846/3739/6
f 1865/3774/6 1870/3782/6 1846/3739/6
f 1799/3654/6 1811/3676/6 1823/3698/6
f 1823/3698/6 1834/3717/6 1846/3739/6
f 1870/3782/6 1799/3654/6 1823/3698/6
f 2122/4256/1 2124/4258/1 2123/4257/1
f 1798/3652/4 2124/4258/4 2122/4256/4
f 1788/3634/5 2122/4256/5 2121/4255/5
f 1792/3641/6 2123/4257/6 2124/4258/6
f 2126/4260/3 2127/4261/3 2128/4262/3
f 1810/3674/4 2127/4261/4 2126/4260/4
f 1820/3692/6 2126/4260/6 2125/4259/6
f 1803/3661/5 2128/4262/5 2127/4261/5
f 2592/5205/48 2589/5198/48 2610/5242/48
f 2591/5203/49 2592/5205/49 2611/5244/49
f 2598/5217/50 2591/5203/50 2614/5250/50
f 2607/5235/51 2598/5217/51 2616/5254/51
f 2607/5235/52 2617/5256/52 2619/5260/52
f 2601/5223/53 2619/5260/53 2623/5268/53
f 2606/5233/120 2623/5268/120 2621/5264/120
f 2604/5229/121 2621/5264/121 2620/5262/121
f 2602/5225/122 2620/5262/122 2622/5266/122
f 2603/5227/123 2622/5266/123 2624/5270/123
f 2605/5231/124 2624/5270/124 2618/5258/124
f 2600/5221/59 2618/5258/59 2625/5272/59
f 2608/5237/83 2625/5272/83 2613/5248/83
f 2597/5215/61 2613/5248/61 2612/5246/61
f 2599/5219/62 2612/5246/62 2615/5252/62
f 2595/5211/63 2615/5252/63 2637/5296/63
f 2596/5213/64 2637/5296/64 2638/5298/64
f 2594/5209/65 2638/5298/65 2639/5300/65
f 2586/5192/66 2639/5300/66 2635/5292/66
f 2587/5194/67 2635/5292/67 2632/5286/67
f 2580/5180/68 2582/5184/68 2632/5286/68
f 2583/5186/69 2580/5180/69 2630/5282/69
f 2578/5176/125 2583/5186/125 2627/5276/125
f 2577/5174/126 2578/5176/126 2628/5278/126
f 2579/5178/127 2577/5174/127 2626/5274/127
f 2584/5188/128 2579/5178/128 2629/5280/128
f 2581/5182/74 2584/5188/74 2633/5288/74
f 2585/5190/86 2581/5182/86 2631/5284/86
f 2588/5196/76 2585/5190/76 2640/5302/76
f 2593/5207/77 2588/5196/77 2636/5294/77
f 2590/5201/78 2593/5207/78 2634/5290/78
f 2589/5199/79 2590/5201/79 2609/5239/79
usemtl Material.020
f 2208/4425/48 2226/4462/48 2227/4464/48
f 2207/4423/49 2227/4464/49 2230/4470/49
f 2214/4437/50 2230/4470/50 2232/4474/50
f 2223/4455/51 2232/4474/51 2233/4476/51
f 2223/4455/52 2235/4480/52 2217/4443/52
f 2217/4443/53 2239/4488/53 2222/4453/53
f 2222/4453/120 2237/4484/120 2220/4449/120
f 2220/4449/121 2236/4482/121 2218/4445/121
f 2218/4445/122 2238/4486/122 2219/4447/122
f 2219/4447/123 2240/4490/123 2221/4451/123
f 2221/4451/124 2234/4478/124 2216/4441/124
f 2216/4441/59 2241/4492/59 2224/4457/59
f 2224/4457/83 2229/4468/83 2213/4435/83
f 2213/4435/61 2228/4466/61 2215/4439/61
f 2215/4439/62 2231/4472/62 2211/4431/62
f 2211/4431/63 2253/4516/63 2212/4433/63
f 2212/4433/64 2254/4518/64 2210/4429/64
f 2210/4429/65 2255/4520/65 2202/4412/65
f 2202/4412/66 2251/4512/66 2203/4414/66
f 2203/4414/67 2248/4506/67 2198/4404/67
f 2196/4400/68 2248/4506/68 2246/4502/68
f 2199/4406/69 2246/4502/69 2243/4496/69
f 2194/4396/125 2243/4496/125 2244/4498/125
f 2193/4394/126 2244/4498/126 2242/4494/126
f 2195/4398/127 2242/4494/127 2245/4500/127
f 2200/4408/128 2245/4500/128 2249/4508/128
f 2197/4402/74 2249/4508/74 2247/4504/74
f 2201/4410/86 2247/4504/86 2256/4522/86
f 2204/4416/76 2256/4522/76 2252/4514/76
f 2209/4427/77 2252/4514/77 2250/4510/77
f 2206/4421/78 2250/4510/78 2225/4459/78
f 2205/4419/79 2225/4459/79 2226/4460/79
f 2208/4425/48 2205/4418/48 2226/4462/48
f 2207/4423/49 2208/4425/49 2227/4464/49
f 2214/4437/50 2207/4423/50 2230/4470/50
f 2223/4455/51 2214/4437/51 2232/4474/51
f 2223/4455/52 2233/4476/52 2235/4480/52
f 2217/4443/53 2235/4480/53 2239/4488/53
f 2222/4453/120 2239/4488/120 2237/4484/120
f 2220/4449/121 2237/4484/121 2236/4482/121
f 2218/4445/122 2236/4482/122 2238/4486/122
f 2219/4447/123 2238/4486/123 2240/4490/123
f 2221/4451/124 2240/4490/124 2234/4478/124
f 2216/4441/59 2234/4478/59 2241/4492/59
f 2224/4457/83 2241/4492/83 2229/4468/83
f 2213/4435/61 2229/4468/61 2228/4466/61
f 2215/4439/62 2228/4466/62 2231/4472/62
f 2211/4431/63 2231/4472/63 2253/4516/63
f 2212/4433/64 2253/4516/64 2254/4518/64
f 2210/4429/65 2254/4518/65 2255/4520/65
f 2202/4412/66 2255/4520/66 2251/4512/66
f 2203/4414/67 2251/4512/67 2248/4506/67
f 2196/4400/68 2198/4404/68 2248/4506/68
f 2199/4406/69 2196/4400/69 2246/4502/69
f 2194/4396/125 2199/4406/125 2243/4496/125
f 2193/4394/126 2194/4396/126 2244/4498/126
f 2195/4398/127 2193/4394/127 2242/4494/127
f 2200/4408/128 2195/4398/128 2245/4500/128
f 2197/4402/74 2200/4408/74 2249/4508/74
f 2201/4410/86 2197/4402/86 2247/4504/86
f 2204/4416/76 2201/4410/76 2256/4522/76
f 2209/4427/77 2204/4416/77 2252/4514/77
f 2206/4421/78 2209/4427/78 2250/4510/78
f 2205/4419/79 2206/4421/79 2225/4459/79
usemtl Material.021
f 2336/4685/48 2354/4722/48 2355/4724/48
f 2335/4683/49 2355/4724/49 2358/4730/49
f 2342/4697/50 2358/4730/50 2360/4734/50
f 2351/4715/51 2360/4734/51 2361/4736/51
f 2351/4715/52 2363/4740/52 2345/4703/52
f 2345/4703/53 2367/4748/53 2350/4713/53
f 2350/4713/120 2365/4744/120 2348/4709/120
f 2348/4709/121 2364/4742/121 2346/4705/121
f 2346/4705/122 2366/4746/122 2347/4707/122
f 2347/4707/123 2368/4750/123 2349/4711/123
f 2349/4711/124 2362/4738/124 2344/4701/124
f 2344/4701/59 2369/4752/59 2352/4717/59
f 2352/4717/83 2357/4728/83 2341/4695/83
f 2341/4695/61 2356/4726/61 2343/4699/61
f 2343/4699/62 2359/4732/62 2339/4691/62
f 2339/4691/63 2381/4776/63 2340/4693/63
f 2340/4693/64 2382/4778/64 2338/4689/64
f 2338/4689/65 2383/4780/65 2330/4672/65
f 2330/4672/66 2379/4772/66 2331/4674/66
f 2331/4674/67 2376/4766/67 2326/4664/67
f 2324/4660/68 2376/4766/68 2374/4762/68
f 2327/4666/69 2374/4762/69 2371/4756/69
f 2322/4656/125 2371/4756/125 2372/4758/125
f 2321/4654/126 2372/4758/126 2370/4754/126
f 2323/4658/127 2370/4754/127 2373/4760/127
f 2328/4668/128 2373/4760/128 2377/4768/128
f 2325/4662/74 2377/4768/74 2375/4764/74
f 2329/4670/86 2375/4764/86 2384/4782/86
f 2332/4676/76 2384/4782/76 2380/4774/76
f 2337/4687/77 2380/4774/77 2378/4770/77
f 2334/4681/78 2378/4770/78 2353/4719/78
f 2333/4679/79 2353/4719/79 2354/4720/79
f 2336/4685/48 2333/4678/48 2354/4722/48
f 2335/4683/49 2336/4685/49 2355/4724/49
f 2342/4697/50 2335/4683/50 2358/4730/50
f 2351/4715/51 2342/4697/51 2360/4734/51
f 2351/4715/52 2361/4736/52 2363/4740/52
f 2345/4703/53 2363/4740/53 2367/4748/53
f 2350/4713/120 2367/4748/120 2365/4744/120
f 2348/4709/121 2365/4744/121 2364/4742/121
f 2346/4705/122 2364/4742/122 2366/4746/122
f 2347/4707/123 2366/4746/123 2368/4750/123
f 2349/4711/124 2368/4750/124 2362/4738/124
f 2344/4701/59 2362/4738/59 2369/4752/59
f 2352/4717/83 2369/4752/83 2357/4728/83
f 2341/4695/61 2357/4728/61 2356/4726/61
f 2343/4699/62 2356/4726/62 2359/4732/62
f 2339/4691/63 2359/4732/63 2381/4776/63
f 2340/4693/64 2381/4776/64 2382/4778/64
f 2338/4689/65 2382/4778/65 2383/4780/65
f 2330/4672/66 2383/4780/66 2379/4772/66
f 2331/4674/67 2379/4772/67 2376/4766/67
f 2324/4660/68 2326/4664/68 2376/4766/68
f 2327/4666/69 2324/4660/69 2374/4762/69
f 2322/4656/125 2327/4666/125 2371/4756/125
f 2321/4654/126 2322/4656/126 2372/4758/126
f 2323/4658/127 2321/4654/127 2370/4754/127
f 2328/4668/128 2323/4658/128 2373/4760/128
f 2325/4662/74 2328/4668/74 2377/4768/74
f 2329/4670/86 2325/4662/86 2375/4764/86
f 2332/4676/76 2329/4670/76 2384/4782/76
f 2337/4687/77 2332/4676/77 2380/4774/77
f 2334/4681/78 2337/4687/78 2378/4770/78
f 2333/4679/79 2334/4681/79 2353/4719/79
usemtl Material.022
f 2464/4945/48 2482/4982/48 2483/4984/48
f 2463/4943/49 2483/4984/49 2486/4990/49
f 2470/4957/50 2486/4990/50 2488/4994/50
f 2479/4975/51 2488/4994/51 2489/4996/51
f 2479/4975/52 2491/5000/52 2473/4963/52
f 2473/4963/53 2495/5008/53 2478/4973/53
f 2478/4973/120 2493/5004/120 2476/4969/120
f 2476/4969/121 2492/5002/121 2474/4965/121
f 2474/4965/122 2494/5006/122 2475/4967/122
f 2475/4967/123 2496/5010/123 2477/4971/123
f 2477/4971/124 2490/4998/124 2472/4961/124
f 2472/4961/59 2497/5012/59 2480/4977/59
f 2480/4977/83 2485/4988/83 2469/4955/83
f 2469/4955/61 2484/4986/61 2471/4959/61
f 2471/4959/62 2487/4992/62 2467/4951/62
f 2467/4951/63 2509/5036/63 2468/4953/63
f 2468/4953/64 2510/5038/64 2466/4949/64
f 2466/4949/65 2511/5040/65 2458/4932/65
f 2458/4932/66 2507/5032/66 2459/4934/66
f 2459/4934/67 2504/5026/67 2454/4924/67
f 2452/4920/68 2504/5026/68 2502/5022/68
f 2455/4926/69 2502/5022/69 2499/5016/69
f 2450/4916/125 2499/5016/125 2500/5018/125
f 2449/4914/126 2500/5018/126 2498/5014/126
f 2451/4918/127 2498/5014/127 2501/5020/127
f 2456/4928/128 2501/5020/128 2505/5028/128
f 2453/4922/74 2505/5028/74 2503/5024/74
f 2457/4930/86 2503/5024/86 2512/5042/86
f 2460/4936/76 2512/5042/76 2508/5034/76
f 2465/4947/77 2508/5034/77 2506/5030/77
f 2462/4941/78 2506/5030/78 2481/4979/78
f 2461/4939/79 2481/4979/79 2482/4980/79
f 2464/4945/48 2461/4938/48 2482/4982/48
f 2463/4943/49 2464/4945/49 2483/4984/49
f 2470/4957/50 2463/4943/50 2486/4990/50
f 2479/4975/51 2470/4957/51 2488/4994/51
f 2479/4975/52 2489/4996/52 2491/5000/52
f 2473/4963/53 2491/5000/53 2495/5008/53
f 2478/4973/120 2495/5008/120 2493/5004/120
f 2476/4969/121 2493/5004/121 2492/5002/121
f 2474/4965/122 2492/5002/122 2494/5006/122
f 2475/4967/123 2494/5006/123 2496/5010/123
f 2477/4971/124 2496/5010/124 2490/4998/124
f 2472/4961/59 2490/4998/59 2497/5012/59
f 2480/4977/83 2497/5012/83 2485/4988/83
f 2469/4955/61 2485/4988/61 2484/4986/61
f 2471/4959/62 2484/4986/62 2487/4992/62
f 2467/4951/63 2487/4992/63 2509/5036/63
f 2468/4953/64 2509/5036/64 2510/5038/64
f 2466/4949/65 2510/5038/65 2511/5040/65
f 2458/4932/66 2511/5040/66 2507/5032/66
f 2459/4934/67 2507/5032/67 2504/5026/67
f 2452/4920/68 2454/4924/68 2504/5026/68
f 2455/4926/69 2452/4920/69 2502/5022/69
f 2450/4916/125 2455/4926/125 2499/5016/125
f 2449/4914/126 2450/4916/126 2500/5018/126
f 2451/4918/127 2449/4914/127 2498/5014/127
f 2456/4928/128 2451/4918/128 2501/5020/128
f 2453/4922/74 2456/4928/74 2505/5028/74
f 2457/4930/86 2453/4922/86 2503/5024/86
f 2460/4936/76 2457/4930/76 2512/5042/76
f 2465/4947/77 2460/4936/77 2508/5034/77
f 2462/4941/78 2465/4947/78 2506/5030/78
f 2461/4939/79 2462/4941/79 2481/4979/79
usemtl Material.019
f 2716/5456/64 2738/5502/64 2739/5503/64
f 2742/5510/65 2716/5456/65 2739/5503/65
f 2727/5479/66 2742/5510/66 2744/5514/66
f 2728/5481/67 2744/5514/67 2747/5520/67
f 2728/5481/68 2745/5516/68 2730/5485/68
f 2730/5485/69 2752/5530/69 2735/5495/69
f 2735/5495/125 2749/5524/125 2732/5489/125
f 2732/5489/84 2748/5522/84 2731/5487/84
f 2731/5487/72 2751/5528/72 2734/5493/72
f 2734/5493/85 2750/5526/85 2733/5491/85
f 2733/5491/74 2746/5518/74 2729/5483/74
f 2736/5497/86 2746/5518/86 2753/5532/86
f 2736/5497/76 2741/5508/76 2725/5475/76
f 2725/5475/77 2740/5506/77 2726/5477/77
f 2722/5469/78 2740/5506/78 2743/5512/78
f 2722/5469/79 2765/5556/79 2721/5467/79
f 2721/5467/48 2766/5558/48 2723/5471/48
f 2720/5465/49 2766/5558/49 2767/5560/49
f 2720/5465/50 2763/5552/50 2713/5450/50
f 2713/5450/51 2760/5546/51 2709/5442/51
f 2710/5444/52 2760/5546/52 2758/5542/52
f 2706/5436/53 2758/5542/53 2755/5536/53
f 2707/5438/120 2755/5536/120 2756/5537/120
f 2754/5534/55 2707/5438/55 2756/5537/55
f 2708/5440/56 2754/5534/56 2757/5540/56
f 2712/5448/57 2757/5540/57 2761/5548/57
f 2711/5446/124 2761/5548/124 2759/5543/124
f 2768/5562/59 2711/5446/59 2759/5543/59
f 2714/5452/83 2768/5562/83 2764/5554/83
f 2718/5461/61 2764/5554/61 2762/5549/61
f 2737/5499/62 2718/5461/62 2762/5549/62
f 2717/5459/63 2737/5499/63 2738/5500/63
f 2716/5456/64 2717/5458/64 2738/5502/64
f 2742/5510/65 2724/5473/65 2716/5456/65
f 2727/5479/66 2724/5473/66 2742/5510/66
f 2728/5481/67 2727/5479/67 2744/5514/67
f 2728/5481/68 2747/5520/68 2745/5516/68
f 2730/5485/69 2745/5516/69 2752/5530/69
f 2735/5495/70 2752/5530/70 2749/5524/70
f 2732/5489/84 2749/5524/84 2748/5522/84
f 2731/5487/72 2748/5522/72 2751/5528/72
f 2734/5493/128 2751/5528/128 2750/5526/128
f 2733/5491/74 2750/5526/74 2746/5518/74
f 2736/5497/86 2729/5483/86 2746/5518/86
f 2736/5497/76 2753/5532/76 2741/5508/76
f 2725/5475/77 2741/5508/77 2740/5506/77
f 2722/5469/78 2726/5477/78 2740/5506/78
f 2722/5469/79 2743/5512/79 2765/5556/79
f 2721/5467/48 2765/5556/48 2766/5558/48
f 2720/5465/49 2723/5471/49 2766/5558/49
f 2720/5465/50 2767/5560/50 2763/5552/50
f 2713/5450/51 2763/5552/51 2760/5546/51
f 2710/5444/52 2709/5442/52 2760/5546/52
f 2706/5436/53 2710/5444/53 2758/5542/53
f 2707/5438/156 2706/5436/156 2755/5536/156
f 2754/5534/55 2705/5434/55 2707/5438/55
f 2708/5440/56 2705/5434/56 2754/5534/56
f 2712/5448/123 2708/5440/123 2757/5540/123
f 2711/5446/124 2712/5448/124 2761/5548/124
f 2768/5562/59 2719/5463/59 2711/5446/59
f 2714/5452/83 2719/5463/83 2768/5562/83
f 2718/5461/61 2714/5452/61 2764/5554/61
f 2737/5499/62 2715/5454/62 2718/5461/62
f 2717/5459/63 2715/5454/63 2737/5499/63
usemtl Material.029
f 2844/5716/64 2866/5762/64 2867/5763/64
f 2870/5770/65 2844/5716/65 2867/5763/65
f 2855/5739/66 2870/5770/66 2872/5774/66
f 2856/5741/67 2872/5774/67 2875/5780/67
f 2856/5741/68 2873/5776/68 2858/5745/68
f 2858/5745/69 2880/5790/69 2863/5755/69
f 2863/5755/125 2877/5784/125 2860/5749/125
f 2860/5749/84 2876/5782/84 2859/5747/84
f 2859/5747/72 2879/5788/72 2862/5753/72
f 2862/5753/85 2878/5786/85 2861/5751/85
f 2861/5751/74 2874/5778/74 2857/5743/74
f 2864/5757/86 2874/5778/86 2881/5792/86
f 2864/5757/76 2869/5768/76 2853/5735/76
f 2853/5735/77 2868/5766/77 2854/5737/77
f 2850/5729/78 2868/5766/78 2871/5772/78
f 2850/5729/79 2893/5816/79 2849/5727/79
f 2849/5727/48 2894/5818/48 2851/5731/48
f 2848/5725/49 2894/5818/49 2895/5820/49
f 2848/5725/50 2891/5812/50 2841/5710/50
f 2841/5710/51 2888/5806/51 2837/5702/51
f 2838/5704/52 2888/5806/52 2886/5802/52
f 2834/5696/53 2886/5802/53 2883/5796/53
f 2835/5698/120 2883/5796/120 2884/5797/120
f 2882/5794/55 2835/5698/55 2884/5797/55
f 2836/5700/56 2882/5794/56 2885/5800/56
f 2840/5708/57 2885/5800/57 2889/5808/57
f 2839/5706/124 2889/5808/124 2887/5803/124
f 2896/5822/59 2839/5706/59 2887/5803/59
f 2842/5712/83 2896/5822/83 2892/5814/83
f 2846/5721/61 2892/5814/61 2890/5809/61
f 2865/5759/62 2846/5721/62 2890/5809/62
f 2845/5719/63 2865/5759/63 2866/5760/63
f 2922/5887/5 2959/5958/5 2958/5953/5
f 2958/5953/5 3014/6091/5 3011/6083/5
f 3041/6160/5 2976/5997/5 3039/6155/5
f 3046/6173/5 3029/6130/5 3016/6097/5
f 2999/6055/5 2978/6002/5 2980/6007/5
f 2931/5907/5 2982/6013/5 2935/5915/5
f 2935/5915/2 2953/5945/2 2931/5907/2
f 2973/5990/6 2986/6023/6 2985/6019/6
f 3003/6064/6 3020/6107/6 3017/6100/6
f 2953/5945/6 2956/5950/6 2989/6030/6
f 2951/5942/6 2946/5934/6 3018/6103/6
f 2946/5934/6 3006/6070/6 3003/6064/6
f 2956/5950/6 2968/5978/6 2973/5990/6
f 2951/5942/4 2904/5845/4 2946/5934/4
f 2904/5846/3 2931/5908/3 3128/6355/3
f 2931/5908/3 3130/6362/3 3129/6358/3
f 2904/5846/3 3127/6354/3 2946/5934/3
f 3120/6333/1 2922/5889/1 3116/6320/1
f 2956/5950/1 3121/6335/1 3122/6338/1
f 3117/6324/1 2951/5942/1 3118/6325/1
f 2964/5969/145 2968/5979/145 2967/5975/145
f 2963/5967/146 2973/5991/146 2959/5956/146
f 2973/5992/3 2958/5955/3 2959/5957/3
f 2964/5970/1 2972/5989/1 2963/5965/1
f 2976/5998/147 2985/6020/147 2986/6022/147
f 2980/6008/148 2991/6036/148 2989/6029/148
f 2980/6009/4 2985/6021/4 2982/6012/4
f 2978/6004/2 2986/6024/2 2991/6034/2
f 2995/6046/149 3010/6081/149 2999/6053/149
f 2994/6042/150 3007/6074/150 3003/6063/150
f 2994/6043/1 3006/6072/1 2995/6044/1
f 3010/6082/3 3000/6058/3 2999/6054/3
f 3013/6089/151 3020/6108/151 3016/6096/151
f 3011/6084/152 3021/6112/152 3018/6102/152
f 3013/6090/2 3018/6104/2 3017/6099/2
f 3014/6093/4 3020/6109/4 3021/6110/4
f 3045/6171/4 3035/6146/4 3044/6169/4
f 3032/6139/2 3050/6185/2 3051/6187/2
f 3029/6132/1 3038/6154/1 3026/6122/1
f 3024/6119/3 3034/6144/3 3037/6149/3
f 2926/5896/5 2934/5913/5 2917/5875/5
f 2940/5924/2 3039/6156/2 2934/5913/2
f 3052/6189/6 3055/6195/6 2949/5939/6
f 3044/6170/6 3080/6246/6 3078/6241/6
f 2945/5933/4 2926/5897/4 2917/5876/4
f 2917/5877/3 3039/6157/3 3042/6165/3
f 2926/5898/1 3044/6170/1 3043/6168/1
f 2918/5879/5 2925/5894/5 2902/5838/5
f 2930/5905/2 2939/5923/2 2925/5894/2
f 3096/6278/6 3099/6285/6 2939/5923/6
f 3050/6186/6 3103/6293/6 3102/6291/6
f 2902/5839/4 3047/6177/4 2918/5878/4
f 2925/5895/3 3050/6186/3 3048/6181/3
f 3049/6184/6 2930/5906/6 3047/6178/6
f 2920/5883/79 3078/6242/79 2913/5866/79
f 2924/5892/78 3079/6245/78 2920/5883/78
f 2928/5901/77 3081/6249/77 2924/5892/77
f 2932/5909/76 3067/6220/76 2928/5901/76
f 2937/5919/86 3066/6218/86 2932/5909/86
f 2942/5928/74 3069/6224/74 2937/5919/74
f 2947/5935/128 3065/6216/128 2942/5928/128
f 2952/5943/127 3068/6222/127 2947/5935/127
f 2955/5948/126 3062/6210/126 2952/5943/126
f 2961/5961/125 3063/6212/125 2955/5948/125
f 2965/5971/69 3064/6214/69 2961/5961/69
f 2970/5983/68 3061/6208/68 2965/5971/68
f 2974/5993/67 3059/6204/67 2970/5983/67
f 2974/5993/66 3053/6192/66 3057/6200/66
f 2983/6015/65 3053/6192/65 2979/6005/65
f 2988/6027/64 3054/6194/64 2983/6015/64
f 2992/6037/63 3052/6190/63 2988/6027/63
f 2997/6049/62 3055/6196/62 2992/6037/62
f 2997/6049/61 3058/6202/61 3060/6206/61
f 3004/6066/83 3058/6202/83 3002/6061/83
f 3009/6078/59 3056/6198/59 3004/6066/59
f 3012/6086/124 3070/6226/124 3009/6078/124
f 3015/6094/123 3072/6230/123 3012/6086/123
f 3019/6105/56 3071/6228/56 3015/6094/56
f 3022/6113/121 3076/6238/121 3019/6105/121
f 3025/6120/120 3073/6232/120 3022/6113/120
f 3028/6128/53 3075/6236/53 3025/6120/53
f 3030/6133/52 3074/6234/52 3028/6128/52
f 3033/6140/51 3083/6253/51 3030/6133/51
f 3036/6147/50 3077/6240/50 3033/6140/50
f 3019/6106/6 2988/6028/6 2952/5944/6
f 3040/6159/49 3082/6251/49 3036/6147/49
f 2913/5868/48 3080/6247/48 3040/6159/48
f 2916/5873/79 3096/6279/79 2912/5863/79
f 2921/5885/78 3099/6286/78 2916/5873/78
f 2923/5890/77 3098/6284/77 2921/5885/77
f 2927/5899/76 3093/6273/76 2923/5890/76
f 2929/5903/86 3094/6275/86 2927/5899/86
f 2933/5911/74 3112/6312/74 2929/5903/74
f 2936/5917/128 3113/6314/128 2933/5911/128
f 2938/5921/127 3111/6310/127 2936/5917/127
f 2941/5926/126 3114/6316/126 2938/5921/126
f 2944/5931/125 3109/6306/125 2941/5926/125
f 2948/5937/69 3110/6308/69 2944/5931/69
f 2950/5940/68 3108/6304/68 2948/5937/68
f 2954/5946/67 3115/6318/67 2950/5940/67
f 2954/5946/66 3106/6300/66 3105/6298/66
f 2960/5959/65 3106/6300/65 2957/5951/65
f 2962/5963/64 3103/6294/64 2960/5959/64
f 2966/5973/63 3102/6292/63 2962/5963/63
f 2969/5981/62 3104/6296/62 2966/5973/62
f 2969/5981/61 3084/6255/61 3107/6302/61
f 2975/5995/83 3084/6255/83 2971/5985/83
f 2977/6000/59 3085/6257/59 2975/5995/59
f 2981/6010/124 3087/6261/124 2977/6000/124
f 2984/6017/123 3086/6259/123 2981/6010/123
f 2987/6025/56 3092/6271/56 2984/6017/56
f 2990/6032/121 3088/6263/121 2987/6025/121
f 2993/6039/120 3091/6269/120 2990/6032/120
f 2996/6047/53 3090/6267/53 2993/6039/53
f 2998/6051/52 3089/6265/52 2996/6047/52
f 3001/6059/51 3101/6290/51 2998/6051/51
f 3005/6068/50 3095/6277/50 3001/6059/50
f 2923/5891/6 2996/6048/6 2971/5986/6
f 3008/6077/49 3100/6288/49 3005/6068/49
f 2912/5865/48 3097/6282/48 3008/6077/48
f 2844/5716/64 2845/5718/64 2866/5762/64
f 2870/5770/65 2852/5733/65 2844/5716/65
f 2855/5739/66 2852/5733/66 2870/5770/66
f 2856/5741/67 2855/5739/67 2872/5774/67
f 2856/5741/68 2875/5780/68 2873/5776/68
f 2858/5745/69 2873/5776/69 2880/5790/69
f 2863/5755/70 2880/5790/70 2877/5784/70
f 2860/5749/84 2877/5784/84 2876/5782/84
f 2859/5747/72 2876/5782/72 2879/5788/72
f 2862/5753/128 2879/5788/128 2878/5786/128
f 2861/5751/74 2878/5786/74 2874/5778/74
f 2864/5757/86 2857/5743/86 2874/5778/86
f 2864/5757/76 2881/5792/76 2869/5768/76
f 2853/5735/77 2869/5768/77 2868/5766/77
f 2850/5729/78 2854/5737/78 2868/5766/78
f 2850/5729/79 2871/5772/79 2893/5816/79
f 2849/5727/48 2893/5816/48 2894/5818/48
f 2848/5725/49 2851/5731/49 2894/5818/49
f 2848/5725/50 2895/5820/50 2891/5812/50
f 2841/5710/51 2891/5812/51 2888/5806/51
f 2838/5704/52 2837/5702/52 2888/5806/52
f 2834/5696/53 2838/5704/53 2886/5802/53
f 2835/5698/156 2834/5696/156 2883/5796/156
f 2882/5794/55 2833/5694/55 2835/5698/55
f 2836/5700/56 2833/5694/56 2882/5794/56
f 2840/5708/123 2836/5700/123 2885/5800/123
f 2839/5706/124 2840/5708/124 2889/5808/124
f 2896/5822/59 2847/5723/59 2839/5706/59
f 2842/5712/83 2847/5723/83 2896/5822/83
f 2846/5721/61 2842/5712/61 2892/5814/61
f 2865/5759/62 2843/5714/62 2846/5721/62
f 2845/5719/63 2843/5714/63 2865/5759/63
f 2922/5887/5 2935/5915/5 2959/5958/5
f 2958/5953/5 2964/5968/5 3014/6091/5
f 3041/6160/5 3043/6166/5 3027/6125/5
f 3024/6117/5 3023/6115/5 3014/6091/5
f 3024/6117/5 3014/6091/5 2964/5968/5
f 2963/5966/5 2959/5958/5 2982/6013/5
f 2959/5958/5 2935/5915/5 2982/6013/5
f 3024/6117/5 2964/5968/5 2963/5966/5
f 3027/6125/5 3024/6117/5 2963/5966/5
f 2976/5997/5 2978/6002/5 3039/6155/5
f 2978/6002/5 3026/6123/5 3039/6155/5
f 2963/5966/5 2982/6013/5 2976/5997/5
f 3027/6125/5 2963/5966/5 2976/5997/5
f 3026/6123/5 3042/6163/5 3039/6155/5
f 3041/6160/5 3027/6125/5 2976/5997/5
f 3026/6123/5 2978/6002/5 2999/6055/5
f 3026/6123/5 2999/6055/5 3000/6056/5
f 3046/6173/5 3048/6179/5 3029/6130/5
f 3029/6130/5 3026/6123/5 3000/6056/5
f 2994/6041/5 2995/6045/5 2931/5907/5
f 3029/6130/5 3000/6056/5 3016/6097/5
f 3000/6056/5 2994/6041/5 3016/6097/5
f 2994/6041/5 2931/5907/5 2904/5844/5
f 2922/5887/5 2958/5953/5 3011/6083/5
f 2922/5887/5 3011/6083/5 3013/6088/5
f 2994/6041/5 2904/5844/5 3013/6088/5
f 3016/6097/5 2994/6041/5 3013/6088/5
f 2904/5844/5 2922/5887/5 3013/6088/5
f 3016/6097/5 3014/6091/5 3046/6173/5
f 3014/6091/5 3023/6115/5 3047/6176/5
f 3023/6115/5 3049/6182/5 3047/6176/5
f 3014/6091/5 3047/6176/5 3046/6173/5
f 2931/5907/5 2995/6045/5 2980/6007/5
f 2995/6045/5 2999/6055/5 2980/6007/5
f 2931/5907/5 2980/6007/5 2982/6013/5
f 2935/5915/2 2956/5950/2 2953/5945/2
f 2973/5990/6 2972/5987/6 2986/6023/6
f 3003/6064/6 3007/6073/6 3020/6107/6
f 3031/6135/6 3032/6138/6 3020/6107/6
f 3032/6138/6 3021/6111/6 3020/6107/6
f 3010/6080/6 3006/6070/6 2989/6030/6
f 3006/6070/6 2953/5945/6 2989/6030/6
f 2956/5950/6 2973/5990/6 2985/6019/6
f 2956/5950/6 2985/6019/6 2989/6030/6
f 2986/6023/6 3035/6145/6 2991/6035/6
f 3035/6145/6 3038/6152/6 2991/6035/6
f 3031/6135/6 3020/6107/6 3007/6073/6
f 3038/6152/6 3031/6135/6 3007/6073/6
f 3038/6152/6 3007/6073/6 3010/6080/6
f 2989/6030/6 2991/6035/6 3010/6080/6
f 2991/6035/6 3038/6152/6 3010/6080/6
f 3034/6142/6 3035/6145/6 2986/6023/6
f 2967/5976/6 2968/5978/6 3018/6103/6
f 2968/5978/6 2951/5942/6 3018/6103/6
f 2946/5934/6 3003/6064/6 3017/6100/6
f 3018/6103/6 3021/6111/6 2967/5976/6
f 3021/6111/6 3032/6138/6 3037/6150/6
f 2946/5934/6 3017/6100/6 3018/6103/6
f 3034/6142/6 2986/6023/6 2972/5987/6
f 3021/6111/6 3037/6150/6 2967/5976/6
f 3037/6150/6 3034/6142/6 2972/5987/6
f 3037/6150/6 2972/5987/6 2967/5976/6
f 2946/5934/6 2953/5945/6 3006/6070/6
f 2956/5950/6 2951/5942/6 2968/5978/6
f 2951/5942/4 2922/5888/4 2904/5845/4
f 3131/6366/3 3130/6362/3 2953/5945/3
f 2953/5945/3 2946/5934/3 3124/6344/3
f 2946/5934/3 3127/6354/3 3124/6344/3
f 3131/6366/3 2953/5945/3 3124/6344/3
f 3126/6349/3 3125/6346/3 2904/5846/3
f 3131/6366/3 3124/6344/3 3126/6349/3
f 2931/5908/3 3129/6358/3 3128/6355/3
f 3128/6355/3 3131/6366/3 3126/6349/3
f 3126/6349/3 2904/5846/3 3128/6355/3
f 2931/5908/3 2953/5945/3 3130/6362/3
f 2904/5846/3 3125/6346/3 3127/6354/3
f 3119/6329/1 3118/6325/1 2951/5942/1
f 2951/5942/1 2956/5950/1 3123/6340/1
f 2956/5950/1 3122/6338/1 3123/6340/1
f 3119/6329/1 2951/5942/1 3123/6340/1
f 3120/6333/1 3121/6335/1 2935/5916/1
f 3119/6329/1 3123/6340/1 3120/6333/1
f 2922/5889/1 3117/6324/1 3116/6320/1
f 3116/6320/1 3119/6329/1 3120/6333/1
f 3120/6333/1 2935/5916/1 2922/5889/1
f 2956/5950/1 2935/5916/1 3121/6335/1
f 3117/6324/1 2922/5889/1 2951/5942/1
f 2964/5969/145 2958/5954/145 2968/5979/145
f 2963/5967/146 2972/5988/146 2973/5991/146
f 2973/5992/3 2968/5980/3 2958/5955/3
f 2964/5970/1 2967/5977/1 2972/5989/1
f 2976/5998/147 2982/6014/147 2985/6020/147
f 2980/6008/148 2978/6003/148 2991/6036/148
f 2980/6009/4 2989/6031/4 2985/6021/4
f 2978/6004/2 2976/5999/2 2986/6024/2
f 2995/6046/149 3006/6071/149 3010/6081/149
f 2994/6042/150 3000/6057/150 3007/6074/150
f 2994/6043/1 3003/6065/1 3006/6072/1
f 3010/6082/3 3007/6075/3 3000/6058/3
f 3013/6089/151 3017/6101/151 3020/6108/151
f 3011/6084/152 3014/6092/152 3021/6112/152
f 3013/6090/2 3011/6085/2 3018/6104/2
f 3014/6093/4 3016/6098/4 3020/6109/4
f 3045/6171/4 3042/6164/4 3026/6124/4
f 3026/6124/4 3038/6153/4 3045/6171/4
f 3038/6153/4 3035/6146/4 3045/6171/4
f 3035/6146/4 3034/6143/4 3044/6169/4
f 3034/6143/4 3027/6126/4 3044/6169/4
f 3027/6126/4 3043/6167/4 3044/6169/4
f 3049/6183/2 3023/6116/2 3051/6187/2
f 3023/6116/2 3024/6118/2 3051/6187/2
f 3024/6118/2 3037/6151/2 3051/6187/2
f 3037/6151/2 3032/6139/2 3051/6187/2
f 3032/6139/2 3031/6136/2 3050/6185/2
f 3031/6136/2 3029/6131/2 3050/6185/2
f 3029/6131/2 3048/6180/2 3050/6185/2
f 3029/6132/1 3031/6137/1 3038/6154/1
f 3024/6119/3 3027/6127/3 3034/6144/3
f 2926/5896/5 2940/5924/5 2934/5913/5
f 2940/5924/2 3041/6161/2 3039/6156/2
f 3058/6201/6 3056/6197/6 2949/5939/6
f 2945/5933/6 3059/6203/6 3057/6199/6
f 2945/5933/6 3057/6199/6 3053/6191/6
f 3060/6205/6 3058/6201/6 2949/5939/6
f 3055/6195/6 3060/6205/6 2949/5939/6
f 2949/5939/6 2945/5933/6 3052/6189/6
f 2945/5933/6 3053/6191/6 3054/6193/6
f 2945/5933/6 3054/6193/6 3052/6189/6
f 3061/6207/6 3059/6203/6 2945/5933/6
f 2949/5939/6 3056/6197/6 3070/6225/6
f 2949/5939/6 3070/6225/6 3072/6229/6
f 3064/6213/6 3061/6207/6 2945/5933/6
f 3063/6211/6 3064/6213/6 2945/5933/6
f 3044/6170/6 2949/5939/6 3076/6237/6
f 2949/5939/6 3072/6229/6 3071/6227/6
f 2949/5939/6 3071/6227/6 3076/6237/6
f 3063/6211/6 2945/5933/6 3062/6209/6
f 2945/5933/6 3045/6172/6 3062/6209/6
f 3044/6170/6 3076/6237/6 3073/6231/6
f 3068/6221/6 3062/6209/6 3045/6172/6
f 3065/6215/6 3068/6221/6 3045/6172/6
f 3044/6170/6 3073/6231/6 3075/6235/6
f 3044/6170/6 3075/6235/6 3074/6233/6
f 3069/6223/6 3065/6215/6 3045/6172/6
f 3066/6217/6 3069/6223/6 3045/6172/6
f 3044/6170/6 3074/6233/6 3083/6252/6
f 3044/6170/6 3083/6252/6 3077/6239/6
f 3067/6219/6 3066/6217/6 3045/6172/6
f 3081/6248/6 3067/6219/6 3045/6172/6
f 3045/6172/6 3044/6170/6 3078/6241/6
f 3044/6170/6 3077/6239/6 3082/6250/6
f 3044/6170/6 3082/6250/6 3080/6246/6
f 3079/6244/6 3081/6248/6 3045/6172/6
f 3078/6241/6 3079/6244/6 3045/6172/6
f 2945/5933/4 2949/5939/4 2926/5897/4
f 3045/6172/3 2945/5933/3 2917/5877/3
f 2917/5877/3 2934/5914/3 3039/6157/3
f 3042/6165/3 3045/6172/3 2917/5877/3
f 3041/6162/1 2940/5925/1 2926/5898/1
f 2926/5898/1 2949/5939/1 3044/6170/1
f 3043/6168/1 3041/6162/1 2926/5898/1
f 2918/5879/5 2930/5905/5 2925/5894/5
f 2930/5905/2 2943/5930/2 2939/5923/2
f 3093/6272/6 3094/6274/6 2939/5923/6
f 2943/5930/6 3101/6289/6 3095/6276/6
f 2943/5930/6 3095/6276/6 3100/6287/6
f 3098/6283/6 3093/6272/6 2939/5923/6
f 3099/6285/6 3098/6283/6 2939/5923/6
f 2939/5923/6 2943/5930/6 3096/6278/6
f 2943/5930/6 3100/6287/6 3097/6281/6
f 2943/5930/6 3097/6281/6 3096/6278/6
f 3089/6264/6 3101/6289/6 2943/5930/6
f 2939/5923/6 3094/6274/6 3112/6311/6
f 2939/5923/6 3112/6311/6 3113/6313/6
f 3090/6266/6 3089/6264/6 2943/5930/6
f 3091/6268/6 3090/6266/6 2943/5930/6
f 3050/6186/6 2939/5923/6 3114/6315/6
f 2939/5923/6 3113/6313/6 3111/6309/6
f 2939/5923/6 3111/6309/6 3114/6315/6
f 3091/6268/6 2943/5930/6 3088/6262/6
f 2943/5930/6 3051/6188/6 3088/6262/6
f 3050/6186/6 3114/6315/6 3109/6305/6
f 3092/6270/6 3088/6262/6 3051/6188/6
f 3086/6258/6 3092/6270/6 3051/6188/6
f 3050/6186/6 3109/6305/6 3110/6307/6
f 3050/6186/6 3110/6307/6 3108/6303/6
f 3087/6260/6 3086/6258/6 3051/6188/6
f 3085/6256/6 3087/6260/6 3051/6188/6
f 3050/6186/6 3108/6303/6 3115/6317/6
f 3050/6186/6 3115/6317/6 3105/6297/6
f 3084/6254/6 3085/6256/6 3051/6188/6
f 3107/6301/6 3084/6254/6 3051/6188/6
f 3051/6188/6 3050/6186/6 3102/6291/6
f 3050/6186/6 3105/6297/6 3106/6299/6
f 3050/6186/6 3106/6299/6 3103/6293/6
f 3104/6295/6 3107/6301/6 3051/6188/6
f 3102/6291/6 3104/6295/6 3051/6188/6
f 2902/5839/4 3046/6174/4 3047/6177/4
f 3046/6175/3 2902/5840/3 2925/5895/3
f 2925/5895/3 2939/5923/3 3050/6186/3
f 3048/6181/6 3046/6175/6 2925/5895/6
f 3049/6184/1 3051/6188/1 2943/5930/1
f 2930/5906/1 2918/5880/1 3047/6178/1
f 3049/6184/1 2943/5930/1 2930/5906/1
f 2920/5883/79 3079/6245/79 3078/6242/79
f 2924/5892/78 3081/6249/78 3079/6245/78
f 2928/5901/77 3067/6220/77 3081/6249/77
f 2932/5909/76 3066/6218/76 3067/6220/76
f 2937/5919/86 3069/6224/86 3066/6218/86
f 2942/5928/74 3065/6216/74 3069/6224/74
f 2947/5935/128 3068/6222/128 3065/6216/128
f 2952/5943/127 3062/6210/127 3068/6222/127
f 2955/5948/126 3063/6212/126 3062/6210/126
f 2961/5961/125 3064/6214/125 3063/6212/125
f 2965/5971/69 3061/6208/69 3064/6214/69
f 2970/5983/68 3059/6204/68 3061/6208/68
f 2974/5993/67 3057/6200/67 3059/6204/67
f 2974/5993/66 2979/6005/66 3053/6192/66
f 2983/6015/65 3054/6194/65 3053/6192/65
f 2988/6027/64 3052/6190/64 3054/6194/64
f 2992/6037/63 3055/6196/63 3052/6190/63
f 2997/6049/62 3060/6206/62 3055/6196/62
f 2997/6049/61 3002/6061/61 3058/6202/61
f 3004/6066/83 3056/6198/83 3058/6202/83
f 3009/6078/59 3070/6226/59 3056/6198/59
f 3012/6086/124 3072/6230/124 3070/6226/124
f 3015/6094/123 3071/6228/123 3072/6230/123
f 3019/6105/122 3076/6238/122 3071/6228/122
f 3022/6113/55 3073/6232/55 3076/6238/55
f 3025/6120/120 3075/6236/120 3073/6232/120
f 3028/6128/53 3074/6234/53 3075/6236/53
f 3030/6133/52 3083/6253/52 3074/6234/52
f 3033/6140/51 3077/6240/51 3083/6253/51
f 3036/6147/50 3082/6251/50 3077/6240/50
f 2952/5944/6 2947/5936/6 2942/5929/6
f 2942/5929/6 2937/5920/6 2932/5910/6
f 2932/5910/6 2928/5902/6 2924/5893/6
f 2924/5893/6 2920/5884/6 2913/5867/6
f 2913/5867/6 3040/6158/6 3036/6148/6
f 3036/6148/6 3033/6141/6 2913/5867/6
f 3033/6141/6 3030/6134/6 2913/5867/6
f 3030/6134/6 3028/6129/6 3025/6121/6
f 3025/6121/6 3022/6114/6 3030/6134/6
f 3022/6114/6 3019/6106/6 3030/6134/6
f 3019/6106/6 3015/6095/6 3004/6067/6
f 3015/6095/6 3012/6087/6 3004/6067/6
f 3012/6087/6 3009/6079/6 3004/6067/6
f 3004/6067/6 3002/6062/6 2988/6028/6
f 3002/6062/6 2997/6050/6 2988/6028/6
f 2997/6050/6 2992/6038/6 2988/6028/6
f 2988/6028/6 2983/6016/6 2979/6006/6
f 2979/6006/6 2974/5994/6 2970/5984/6
f 2970/5984/6 2965/5972/6 2961/5962/6
f 2961/5962/6 2955/5949/6 2952/5944/6
f 2952/5944/6 2942/5929/6 2913/5867/6
f 2942/5929/6 2932/5910/6 2913/5867/6
f 2932/5910/6 2924/5893/6 2913/5867/6
f 2988/6028/6 2979/6006/6 2952/5944/6
f 2979/6006/6 2970/5984/6 2952/5944/6
f 2970/5984/6 2961/5962/6 2952/5944/6
f 2913/5867/6 3030/6134/6 3019/6106/6
f 3019/6106/6 3004/6067/6 2988/6028/6
f 2952/5944/6 2913/5867/6 3019/6106/6
f 3040/6159/49 3080/6247/49 3082/6251/49
f 2913/5868/48 3078/6243/48 3080/6247/48
f 2916/5873/79 3099/6286/79 3096/6279/79
f 2921/5885/78 3098/6284/78 3099/6286/78
f 2923/5890/77 3093/6273/77 3098/6284/77
f 2927/5899/76 3094/6275/76 3093/6273/76
f 2929/5903/86 3112/6312/86 3094/6275/86
f 2933/5911/74 3113/6314/74 3112/6312/74
f 2936/5917/128 3111/6310/128 3113/6314/128
f 2938/5921/127 3114/6316/127 3111/6310/127
f 2941/5926/126 3109/6306/126 3114/6316/126
f 2944/5931/125 3110/6308/125 3109/6306/125
f 2948/5937/69 3108/6304/69 3110/6308/69
f 2950/5940/68 3115/6318/68 3108/6304/68
f 2954/5946/67 3105/6298/67 3115/6318/67
f 2954/5946/66 2957/5951/66 3106/6300/66
f 2960/5959/65 3103/6294/65 3106/6300/65
f 2962/5963/64 3102/6292/64 3103/6294/64
f 2966/5973/63 3104/6296/63 3102/6292/63
f 2969/5981/62 3107/6302/62 3104/6296/62
f 2969/5981/61 2971/5985/61 3084/6255/61
f 2975/5995/83 3085/6257/83 3084/6255/83
f 2977/6000/59 3087/6261/59 3085/6257/59
f 2981/6010/124 3086/6259/124 3087/6261/124
f 2984/6017/123 3092/6271/123 3086/6259/123
f 2987/6025/122 3088/6263/122 3092/6271/122
f 2990/6032/55 3091/6269/55 3088/6263/55
f 2993/6039/120 3090/6267/120 3091/6269/120
f 2996/6047/53 3089/6265/53 3090/6267/53
f 2998/6051/52 3101/6290/52 3089/6265/52
f 3001/6059/51 3095/6277/51 3101/6290/51
f 3005/6068/50 3100/6288/50 3095/6277/50
f 2948/5938/6 2944/5932/6 2936/5918/6
f 2944/5932/6 2941/5927/6 2936/5918/6
f 2941/5927/6 2938/5922/6 2936/5918/6
f 2936/5918/6 2933/5912/6 2923/5891/6
f 2933/5912/6 2929/5904/6 2923/5891/6
f 2929/5904/6 2927/5900/6 2923/5891/6
f 2923/5891/6 2921/5886/6 3008/6076/6
f 2921/5886/6 2916/5874/6 3008/6076/6
f 2916/5874/6 2912/5864/6 3008/6076/6
f 3008/6076/6 3005/6069/6 3001/6060/6
f 3001/6060/6 2998/6052/6 2996/6048/6
f 2996/6048/6 2993/6040/6 2990/6033/6
f 2990/6033/6 2987/6026/6 2984/6018/6
f 2984/6018/6 2981/6011/6 2977/6001/6
f 2977/6001/6 2975/5996/6 2971/5986/6
f 2971/5986/6 2969/5982/6 2966/5974/6
f 2966/5974/6 2962/5964/6 2960/5960/6
f 2960/5960/6 2957/5952/6 2954/5947/6
f 2954/5947/6 2950/5941/6 2960/5960/6
f 2950/5941/6 2948/5938/6 2960/5960/6
f 3008/6076/6 3001/6060/6 2923/5891/6
f 3001/6060/6 2996/6048/6 2923/5891/6
f 2996/6048/6 2990/6033/6 2971/5986/6
f 2990/6033/6 2984/6018/6 2971/5986/6
f 2984/6018/6 2977/6001/6 2971/5986/6
f 2971/5986/6 2966/5974/6 2960/5960/6
f 2948/5938/6 2936/5918/6 2923/5891/6
f 2971/5986/6 2960/5960/6 2948/5938/6
f 2948/5938/6 2923/5891/6 2971/5986/6
f 3008/6077/49 3097/6282/49 3100/6288/49
f 2912/5865/48 3096/6280/48 3097/6282/48
usemtl Material.018
f 3206/6518/63 3229/6566/63 3230/6568/63
f 3218/6543/62 3230/6568/62 3233/6574/62
f 3216/6539/61 3233/6574/61 3235/6578/61
f 3221/6549/83 3235/6578/83 3236/6580/83
f 3221/6549/59 3238/6584/59 3219/6545/59
f 3219/6545/124 3243/6594/124 3226/6559/124
f 3226/6559/153 3240/6588/153 3223/6553/153
f 3223/6553/122 3239/6586/122 3222/6551/122
f 3222/6551/121 3242/6592/121 3225/6557/121
f 3225/6557/120 3241/6590/120 3224/6555/120
f 3224/6555/154 3237/6582/154 3220/6547/154
f 3220/6547/52 3244/6596/52 3227/6561/52
f 3227/6561/51 3232/6572/51 3217/6541/51
f 3217/6541/50 3231/6570/50 3215/6537/50
f 3215/6537/49 3234/6576/49 3213/6533/49
f 3213/6533/48 3256/6620/48 3212/6531/48
f 3212/6531/79 3257/6622/79 3214/6535/79
f 3214/6535/78 3258/6624/78 3211/6529/78
f 3211/6529/77 3254/6616/77 3203/6512/77
f 3203/6512/76 3251/6610/76 3209/6525/76
f 3200/6506/86 3251/6610/86 3249/6606/86
f 3197/6500/74 3249/6606/74 3246/6600/74
f 3198/6502/128 3246/6600/128 3247/6602/128
f 3196/6498/127 3247/6602/127 3245/6598/127
f 3199/6504/126 3245/6598/126 3248/6604/126
f 3202/6510/155 3248/6604/155 3252/6612/155
f 3201/6508/69 3252/6612/69 3250/6608/69
f 3210/6527/68 3250/6608/68 3255/6618/68
f 3204/6514/67 3255/6618/67 3253/6614/67
f 3208/6523/66 3253/6614/66 3259/6626/66
f 3205/6516/65 3259/6626/65 3228/6563/65
f 3207/6521/64 3228/6563/64 3229/6564/64
f 3206/6518/63 3207/6520/63 3229/6566/63
f 3218/6543/62 3206/6518/62 3230/6568/62
f 3216/6539/61 3218/6543/61 3233/6574/61
f 3221/6549/83 3216/6539/83 3235/6578/83
f 3221/6549/59 3236/6580/59 3238/6584/59
f 3219/6545/124 3238/6584/124 3243/6594/124
f 3226/6559/57 3243/6594/57 3240/6588/57
f 3223/6553/122 3240/6588/122 3239/6586/122
f 3222/6551/121 3239/6586/121 3242/6592/121
f 3225/6557/54 3242/6592/54 3241/6590/54
f 3224/6555/53 3241/6590/53 3237/6582/53
f 3220/6547/52 3237/6582/52 3244/6596/52
f 3227/6561/51 3244/6596/51 3232/6572/51
f 3217/6541/50 3232/6572/50 3231/6570/50
f 3215/6537/49 3231/6570/49 3234/6576/49
f 3213/6533/48 3234/6576/48 3256/6620/48
f 3212/6531/79 3256/6620/79 3257/6622/79
f 3214/6535/227 3257/6622/227 3258/6624/227
f 3211/6529/77 3258/6624/77 3254/6616/77
f 3203/6512/76 3254/6616/76 3251/6610/76
f 3200/6506/86 3209/6525/86 3251/6610/86
f 3197/6500/74 3200/6506/74 3249/6606/74
f 3198/6502/73 3197/6500/73 3246/6600/73
f 3196/6498/127 3198/6502/127 3247/6602/127
f 3199/6504/126 3196/6498/126 3245/6598/126
f 3202/6510/70 3199/6504/70 3248/6604/70
f 3201/6508/69 3202/6510/69 3252/6612/69
f 3210/6527/68 3201/6508/68 3250/6608/68
f 3204/6514/67 3210/6527/67 3255/6618/67
f 3208/6523/66 3204/6514/66 3253/6614/66
f 3205/6516/65 3208/6523/65 3259/6626/65
f 3207/6521/64 3205/6516/64 3228/6563/64
usemtl Material.026
f 3334/6778/63 3357/6826/63 3358/6828/63
f 3346/6803/62 3358/6828/62 3361/6834/62
f 3344/6799/61 3361/6834/61 3363/6838/61
f 3349/6809/83 3363/6838/83 3364/6840/83
f 3349/6809/59 3366/6844/59 3347/6805/59
f 3347/6805/124 3371/6854/124 3354/6819/124
f 3354/6819/153 3368/6848/153 3351/6813/153
f 3351/6813/122 3367/6846/122 3350/6811/122
f 3350/6811/121 3370/6852/121 3353/6817/121
f 3353/6817/156 3369/6850/156 3352/6815/156
f 3352/6815/53 3365/6842/53 3348/6807/53
f 3348/6807/52 3372/6856/52 3355/6821/52
f 3355/6821/51 3360/6832/51 3345/6801/51
f 3345/6801/50 3359/6830/50 3343/6797/50
f 3343/6797/49 3362/6836/49 3341/6793/49
f 3341/6793/48 3384/6880/48 3340/6791/48
f 3340/6791/79 3385/6882/79 3342/6795/79
f 3342/6795/78 3386/6884/78 3339/6789/78
f 3339/6789/77 3382/6876/77 3331/6772/77
f 3331/6772/76 3379/6870/76 3337/6785/76
f 3328/6766/157 3379/6870/157 3377/6866/157
f 3325/6760/74 3377/6866/74 3374/6860/74
f 3326/6762/85 3374/6860/85 3375/6862/85
f 3324/6758/127 3375/6862/127 3373/6858/127
f 3327/6764/126 3373/6858/126 3376/6864/126
f 3330/6770/155 3376/6864/155 3380/6872/155
f 3329/6768/69 3380/6872/69 3378/6868/69
f 3338/6787/68 3378/6868/68 3383/6878/68
f 3332/6774/67 3383/6878/67 3381/6874/67
f 3336/6783/66 3381/6874/66 3387/6886/66
f 3333/6776/158 3387/6886/158 3356/6823/158
f 3335/6781/64 3356/6823/64 3357/6824/64
f 3401/6920/3 3412/6946/3 3388/6887/3
f 3412/6946/2 3610/7354/2 3609/7352/2
f 3434/6983/2 3615/7369/2 3616/7373/2
f 3612/7361/2 3614/7366/2 3613/7363/2
f 3434/6983/1 3418/6958/1 3428/6974/1
f 3602/7331/4 3388/6888/4 3603/7334/4
f 3607/7345/4 3422/6964/4 3608/7349/4
f 3604/7336/4 3418/6958/4 3606/7343/4
f 3475/7063/6 3412/6947/6 3476/7065/6
f 3511/7135/6 3481/7075/6 3479/7071/6
f 3457/7027/6 3510/7133/6 3459/7031/6
f 3497/7107/6 3461/7035/6 3493/7099/6
f 3418/6958/6 3464/7041/6 3428/6974/6
f 3412/6947/6 3443/6999/6 3442/6997/6
f 3422/6964/5 3472/7057/5 3471/7055/5
f 3484/7081/5 3401/6922/5 3501/7115/5
f 3466/7045/5 3513/7140/5 3468/7050/5
f 3504/7121/5 3422/6964/5 3471/7055/5
f 3448/7009/5 3413/6949/5 3487/7087/5
f 3450/7013/5 3413/6949/5 3448/7009/5
f 3442/6998/132 3454/7022/132 3439/6992/132
f 3445/7004/133 3450/7014/133 3443/7000/133
f 3442/6998/4 3450/7014/4 3448/7010/4
f 3439/6992/2 3453/7020/2 3445/7004/2
f 3459/7032/142 3472/7058/142 3466/7046/142
f 3471/7056/141 3457/7028/141 3468/7049/141
f 3461/7036/3 3472/7058/3 3464/7042/3
f 3457/7028/1 3466/7046/1 3468/7049/1
f 3481/7076/144 3484/7082/144 3490/7094/144
f 3479/7072/143 3487/7088/143 3476/7066/143
f 3475/7064/1 3487/7088/1 3484/7082/1
f 3481/7076/3 3489/7092/3 3479/7072/3
f 3497/7108/136 3504/7122/136 3503/7120/136
f 3496/7106/137 3506/7126/137 3501/7116/137
f 3496/7106/2 3504/7122/2 3493/7100/2
f 3500/7114/4 3503/7120/4 3506/7126/4
f 3507/7128/1 3533/7188/1 3520/7157/1
f 3514/7143/4 3528/7175/4 3535/7193/4
f 3508/7130/3 3514/7143/3 3510/7134/3
f 3525/7169/2 3513/7141/2 3523/7165/2
f 3437/6988/2 3520/7158/2 3517/7149/2
f 3437/6988/1 3523/7166/1 3431/6978/1
f 3520/7159/6 3573/7271/6 3574/7273/6
f 3523/7166/6 3599/7323/6 3597/7320/6
f 3437/6988/5 3519/7156/5 3525/7170/5
f 3408/6936/3 3530/7181/3 3531/7182/3
f 3430/6977/2 3530/7181/2 3417/6956/2
f 3526/7172/1 3425/6969/1 3535/7194/1
f 3533/7189/4 3425/6969/4 3531/7184/4
f 3535/7194/6 3560/7244/6 3557/7238/6
f 3533/7190/6 3548/7219/6 3547/7217/6
f 3417/6957/5 3425/6969/5 3430/6977/5
f 3410/6941/159 3557/7239/159 3560/7245/159
f 3410/6941/49 3559/7243/49 3415/6952/49
f 3415/6952/50 3558/7241/50 3420/6961/50
f 3420/6961/51 3568/7261/51 3424/6967/51
f 3427/6972/52 3568/7261/52 3562/7249/52
f 3433/6981/53 3562/7249/53 3567/7259/53
f 3436/6986/54 3567/7259/54 3565/7255/54
f 3440/6993/121 3565/7255/121 3563/7251/121
f 3447/7007/160 3563/7251/160 3564/7252/160
f 3566/7257/153 3447/7007/153 3564/7252/153
f 3456/7025/124 3566/7257/124 3561/7247/124
f 3460/7033/59 3561/7247/59 3551/7226/59
f 3463/7039/83 3551/7226/83 3553/7230/83
f 3469/7051/161 3553/7230/161 3550/7224/161
f 3474/7061/62 3550/7224/62 3552/7227/62
f 3547/7218/63 3474/7061/63 3552/7227/63
f 3548/7220/64 3478/7069/64 3547/7218/64
f 3485/7083/158 3548/7220/158 3549/7222/158
f 3492/7097/66 3549/7222/66 3546/7216/66
f 3495/7103/67 3546/7216/67 3542/7208/67
f 3539/7202/68 3499/7111/68 3495/7103/68
f 3499/7111/69 3543/7210/69 3502/7117/69
f 3502/7117/70 3538/7200/70 3505/7123/70
f 3505/7123/126 3536/7196/126 3509/7131/126
f 3509/7131/72 3537/7198/72 3512/7138/72
f 3515/7144/128 3537/7198/128 3544/7212/128
f 3515/7144/74 3541/7206/74 3518/7152/74
f 3518/7152/86 3545/7214/86 3521/7160/86
f 3521/7160/76 3554/7232/76 3524/7167/76
f 3524/7167/77 3555/7234/77 3527/7173/77
f 3527/7173/78 3556/7236/78 3529/7178/78
f 3400/6918/162 3556/7236/162 3557/7237/162
f 3482/7078/6 3499/7112/6 3524/7168/6
f 3405/6929/48 3573/7272/48 3576/7278/48
f 3405/6929/49 3575/7276/49 3409/6939/49
f 3409/6939/50 3586/7298/50 3414/6950/50
f 3414/6950/51 3580/7286/51 3416/6954/51
f 3419/6959/52 3580/7286/52 3578/7282/52
f 3423/6965/53 3578/7282/53 3585/7296/53
f 3426/6970/54 3585/7296/54 3582/7290/54
f 3429/6975/121 3582/7290/121 3581/7288/121
f 3432/6979/160 3581/7288/160 3584/7293/160
f 3583/7292/153 3432/6979/153 3584/7293/153
f 3438/6989/124 3583/7292/124 3577/7280/124
f 3441/6995/59 3577/7280/59 3579/7284/59
f 3444/7001/83 3579/7284/83 3587/7300/83
f 3446/7005/61 3587/7300/61 3598/7322/61
f 3449/7011/62 3598/7322/62 3597/7319/62
f 3599/7324/63 3449/7011/63 3597/7319/63
f 3595/7316/64 3452/7017/64 3599/7324/64
f 3458/7029/65 3595/7316/65 3596/7318/65
f 3462/7037/66 3596/7318/66 3594/7314/66
f 3465/7043/67 3594/7314/67 3600/7326/67
f 3465/7043/163 3591/7308/163 3467/7047/163
f 3467/7047/69 3592/7310/69 3470/7053/69
f 3470/7053/125 3588/7302/125 3473/7059/125
f 3473/7059/126 3589/7304/126 3477/7067/126
f 3477/7067/72 3590/7306/72 3480/7073/72
f 3483/7079/128 3590/7306/128 3593/7312/128
f 3483/7079/74 3569/7263/74 3486/7085/74
f 3486/7085/86 3571/7267/86 3488/7089/86
f 3488/7089/76 3570/7265/76 3491/7095/76
f 3491/7095/77 3572/7269/77 3494/7101/77
f 3494/7101/78 3574/7274/78 3498/7109/78
f 3396/6909/79 3574/7274/79 3573/7270/79
f 3423/6966/6 3446/7006/6 3470/7054/6
f 3334/6778/63 3335/6780/63 3357/6826/63
f 3346/6803/62 3334/6778/62 3358/6828/62
f 3344/6799/61 3346/6803/61 3361/6834/61
f 3349/6809/83 3344/6799/83 3363/6838/83
f 3349/6809/59 3364/6840/59 3366/6844/59
f 3347/6805/124 3366/6844/124 3371/6854/124
f 3354/6819/228 3371/6854/228 3368/6848/228
f 3351/6813/122 3368/6848/122 3367/6846/122
f 3350/6811/121 3367/6846/121 3370/6852/121
f 3353/6817/54 3370/6852/54 3369/6850/54
f 3352/6815/53 3369/6850/53 3365/6842/53
f 3348/6807/52 3365/6842/52 3372/6856/52
f 3355/6821/51 3372/6856/51 3360/6832/51
f 3345/6801/50 3360/6832/50 3359/6830/50
f 3343/6797/49 3359/6830/49 3362/6836/49
f 3341/6793/48 3362/6836/48 3384/6880/48
f 3340/6791/79 3384/6880/79 3385/6882/79
f 3342/6795/78 3385/6882/78 3386/6884/78
f 3339/6789/77 3386/6884/77 3382/6876/77
f 3331/6772/76 3382/6876/76 3379/6870/76
f 3328/6766/86 3337/6785/86 3379/6870/86
f 3325/6760/74 3328/6766/74 3377/6866/74
f 3326/6762/73 3325/6760/73 3374/6860/73
f 3324/6758/127 3326/6762/127 3375/6862/127
f 3327/6764/126 3324/6758/126 3373/6858/126
f 3330/6770/70 3327/6764/70 3376/6864/70
f 3329/6768/69 3330/6770/69 3380/6872/69
f 3338/6787/229 3329/6768/229 3378/6868/229
f 3332/6774/67 3338/6787/67 3383/6878/67
f 3336/6783/66 3332/6774/66 3381/6874/66
f 3333/6776/65 3336/6783/65 3387/6886/65
f 3335/6781/64 3333/6776/64 3356/6823/64
f 3401/6920/3 3413/6948/3 3412/6946/3
f 3412/6946/2 3413/6948/2 3610/7354/2
f 3434/6983/2 3428/6974/2 3615/7369/2
f 3615/7369/2 3428/6974/2 3613/7363/2
f 3428/6974/2 3412/6946/2 3613/7363/2
f 3412/6946/2 3609/7352/2 3612/7361/2
f 3611/7358/2 3610/7354/2 3413/6948/2
f 3611/7358/2 3413/6948/2 3614/7366/2
f 3413/6948/2 3434/6983/2 3614/7366/2
f 3434/6983/2 3616/7373/2 3614/7366/2
f 3613/7363/2 3412/6946/2 3612/7361/2
f 3612/7361/2 3611/7358/2 3614/7366/2
f 3434/6983/1 3422/6964/1 3418/6958/1
f 3602/7331/4 3401/6921/4 3388/6888/4
f 3607/7345/4 3418/6958/4 3422/6964/4
f 3605/7340/4 3608/7349/4 3422/6964/4
f 3422/6964/4 3401/6921/4 3601/7328/4
f 3401/6921/4 3602/7331/4 3601/7328/4
f 3605/7340/4 3422/6964/4 3601/7328/4
f 3604/7336/4 3603/7334/4 3388/6888/4
f 3605/7340/4 3601/7328/4 3604/7336/4
f 3418/6958/4 3607/7345/4 3606/7343/4
f 3606/7343/4 3605/7340/4 3604/7336/4
f 3604/7336/4 3388/6888/4 3418/6958/4
f 3475/7063/6 3388/6889/6 3412/6947/6
f 3511/7135/6 3508/7129/6 3500/7113/6
f 3508/7129/6 3457/7027/6 3497/7107/6
f 3500/7113/6 3508/7129/6 3497/7107/6
f 3459/7031/6 3510/7133/6 3445/7003/6
f 3510/7133/6 3507/7127/6 3445/7003/6
f 3511/7135/6 3500/7113/6 3481/7075/6
f 3500/7113/6 3496/7105/6 3481/7075/6
f 3493/7099/6 3461/7035/6 3418/6958/6
f 3388/6889/6 3475/7063/6 3496/7105/6
f 3475/7063/6 3481/7075/6 3496/7105/6
f 3479/7071/6 3476/7065/6 3442/6997/6
f 3476/7065/6 3412/6947/6 3442/6997/6
f 3479/7071/6 3442/6997/6 3439/6991/6
f 3479/7071/6 3439/6991/6 3507/7127/6
f 3439/6991/6 3445/7003/6 3507/7127/6
f 3445/7003/6 3443/6999/6 3464/7041/6
f 3443/6999/6 3428/6974/6 3464/7041/6
f 3464/7041/6 3459/7031/6 3445/7003/6
f 3493/7099/6 3418/6958/6 3496/7105/6
f 3418/6958/6 3388/6889/6 3496/7105/6
f 3507/7127/6 3511/7135/6 3479/7071/6
f 3457/7027/6 3508/7129/6 3510/7133/6
f 3497/7107/6 3457/7027/6 3461/7035/6
f 3418/6958/6 3461/7035/6 3464/7041/6
f 3412/6947/6 3428/6974/6 3443/6999/6
f 3422/6964/5 3434/6983/5 3472/7057/5
f 3466/7045/5 3472/7057/5 3450/7013/5
f 3472/7057/5 3434/6983/5 3450/7013/5
f 3450/7013/5 3453/7019/5 3466/7045/5
f 3453/7019/5 3454/7021/5 3526/7171/5
f 3454/7021/5 3489/7091/5 3530/7180/5
f 3526/7171/6 3528/7176/6 3514/7142/6
f 3532/7185/6 3531/7183/6 3530/7180/6
f 3526/7171/5 3514/7142/5 3453/7019/5
f 3514/7142/5 3466/7045/5 3453/7019/5
f 3516/7146/5 3532/7185/5 3490/7093/5
f 3532/7185/5 3530/7180/5 3489/7091/5
f 3530/7180/5 3526/7171/5 3454/7021/5
f 3468/7050/5 3513/7140/5 3503/7119/5
f 3513/7140/5 3516/7146/5 3503/7119/5
f 3532/7185/5 3489/7091/5 3490/7093/5
f 3506/7125/5 3503/7119/5 3516/7146/5
f 3516/7146/5 3490/7093/5 3506/7125/5
f 3490/7093/5 3484/7081/5 3501/7115/5
f 3484/7081/5 3487/7087/5 3413/6949/5
f 3401/6922/5 3422/6964/5 3501/7115/5
f 3422/6964/5 3504/7121/5 3501/7115/5
f 3501/7115/5 3506/7125/5 3490/7093/5
f 3484/7081/5 3413/6949/5 3401/6922/5
f 3466/7045/5 3514/7142/5 3513/7140/5
f 3468/7050/5 3503/7119/5 3471/7055/5
f 3503/7119/5 3504/7121/5 3471/7055/5
f 3487/7087/5 3489/7091/5 3454/7021/5
f 3454/7021/5 3448/7009/5 3487/7087/5
f 3450/7013/5 3434/6983/5 3413/6949/5
f 3442/6998/132 3448/7010/132 3454/7022/132
f 3445/7004/133 3453/7020/133 3450/7014/133
f 3442/6998/4 3443/7000/4 3450/7014/4
f 3439/6992/2 3454/7022/2 3453/7020/2
f 3459/7032/142 3464/7042/142 3472/7058/142
f 3471/7056/141 3461/7036/141 3457/7028/141
f 3461/7036/3 3471/7056/3 3472/7058/3
f 3457/7028/1 3459/7032/1 3466/7046/1
f 3481/7076/144 3475/7064/144 3484/7082/144
f 3479/7072/143 3489/7092/143 3487/7088/143
f 3475/7064/1 3476/7066/1 3487/7088/1
f 3481/7076/3 3490/7094/3 3489/7092/3
f 3497/7108/136 3493/7100/136 3504/7122/136
f 3496/7106/137 3500/7114/137 3506/7126/137
f 3496/7106/2 3501/7116/2 3504/7122/2
f 3500/7114/4 3497/7108/4 3503/7120/4
f 3532/7186/1 3516/7147/1 3517/7150/1
f 3516/7147/1 3519/7154/1 3517/7150/1
f 3507/7128/1 3534/7191/1 3533/7188/1
f 3533/7188/1 3532/7186/1 3517/7150/1
f 3520/7157/1 3522/7162/1 3511/7136/1
f 3533/7188/1 3517/7150/1 3520/7157/1
f 3511/7136/1 3507/7128/1 3520/7157/1
f 3535/7193/4 3534/7191/4 3507/7128/4
f 3507/7128/4 3510/7134/4 3535/7193/4
f 3510/7134/4 3514/7143/4 3535/7193/4
f 3508/7130/3 3513/7141/3 3514/7143/3
f 3525/7169/2 3519/7155/2 3516/7148/2
f 3513/7141/2 3508/7130/2 3523/7165/2
f 3508/7130/2 3511/7137/2 3523/7165/2
f 3511/7137/2 3522/7163/2 3523/7165/2
f 3525/7169/2 3516/7148/2 3513/7141/2
f 3437/6988/2 3431/6978/2 3520/7158/2
f 3437/6988/1 3525/7170/1 3523/7166/1
f 3571/7266/6 3569/7262/6 3520/7159/6
f 3431/6978/6 3580/7285/6 3586/7297/6
f 3431/6978/6 3586/7297/6 3575/7275/6
f 3570/7264/6 3571/7266/6 3520/7159/6
f 3572/7268/6 3570/7264/6 3520/7159/6
f 3520/7159/6 3431/6978/6 3573/7271/6
f 3431/6978/6 3575/7275/6 3576/7277/6
f 3431/6978/6 3576/7277/6 3573/7271/6
f 3574/7273/6 3572/7268/6 3520/7159/6
f 3578/7281/6 3580/7285/6 3431/6978/6
f 3520/7159/6 3569/7262/6 3593/7311/6
f 3520/7159/6 3593/7311/6 3590/7305/6
f 3585/7295/6 3578/7281/6 3431/6978/6
f 3582/7289/6 3585/7295/6 3431/6978/6
f 3522/7164/6 3520/7159/6 3589/7303/6
f 3520/7159/6 3590/7305/6 3589/7303/6
f 3582/7289/6 3431/6978/6 3581/7287/6
f 3431/6978/6 3523/7166/6 3581/7287/6
f 3522/7164/6 3589/7303/6 3588/7301/6
f 3522/7164/6 3588/7301/6 3592/7309/6
f 3584/7294/6 3581/7287/6 3523/7166/6
f 3583/7291/6 3584/7294/6 3523/7166/6
f 3522/7164/6 3592/7309/6 3591/7307/6
f 3522/7164/6 3591/7307/6 3600/7325/6
f 3577/7279/6 3583/7291/6 3523/7166/6
f 3579/7283/6 3577/7279/6 3523/7166/6
f 3522/7164/6 3600/7325/6 3594/7313/6
f 3522/7164/6 3594/7313/6 3596/7317/6
f 3587/7299/6 3579/7283/6 3523/7166/6
f 3598/7321/6 3587/7299/6 3523/7166/6
f 3523/7166/6 3522/7164/6 3599/7323/6
f 3522/7164/6 3596/7317/6 3595/7315/6
f 3522/7164/6 3595/7315/6 3599/7323/6
f 3597/7320/6 3598/7321/6 3523/7166/6
f 3437/6988/5 3517/7151/5 3519/7156/5
f 3408/6936/3 3417/6956/3 3530/7181/3
f 3430/6977/2 3526/7172/2 3530/7181/2
f 3535/7194/6 3528/7177/6 3526/7172/6
f 3526/7172/1 3430/6977/1 3425/6969/1
f 3425/6969/1 3421/6963/1 3535/7194/1
f 3531/7184/6 3532/7187/6 3533/7189/6
f 3533/7189/4 3421/6963/4 3425/6969/4
f 3425/6969/4 3408/6937/4 3531/7184/4
f 3539/7201/6 3540/7203/6 3533/7190/6
f 3421/6963/6 3551/7225/6 3561/7246/6
f 3421/6963/6 3561/7246/6 3566/7256/6
f 3543/7209/6 3539/7201/6 3533/7190/6
f 3538/7199/6 3543/7209/6 3533/7190/6
f 3535/7194/6 3421/6963/6 3563/7250/6
f 3421/6963/6 3566/7256/6 3564/7253/6
f 3421/6963/6 3564/7253/6 3563/7250/6
f 3538/7199/6 3533/7190/6 3536/7195/6
f 3533/7190/6 3534/7192/6 3536/7195/6
f 3535/7194/6 3563/7250/6 3565/7254/6
f 3537/7197/6 3536/7195/6 3534/7192/6
f 3544/7211/6 3537/7197/6 3534/7192/6
f 3535/7194/6 3565/7254/6 3567/7258/6
f 3535/7194/6 3567/7258/6 3562/7248/6
f 3541/7205/6 3544/7211/6 3534/7192/6
f 3545/7213/6 3541/7205/6 3534/7192/6
f 3535/7194/6 3562/7248/6 3568/7260/6
f 3535/7194/6 3568/7260/6 3558/7240/6
f 3554/7231/6 3545/7213/6 3534/7192/6
f 3555/7233/6 3554/7231/6 3534/7192/6
f 3535/7194/6 3558/7240/6 3559/7242/6
f 3535/7194/6 3559/7242/6 3560/7244/6
f 3555/7233/6 3534/7192/6 3556/7235/6
f 3534/7192/6 3535/7194/6 3557/7238/6
f 3556/7235/6 3534/7192/6 3557/7238/6
f 3553/7229/6 3551/7225/6 3421/6963/6
f 3533/7190/6 3540/7203/6 3542/7207/6
f 3533/7190/6 3542/7207/6 3546/7215/6
f 3550/7223/6 3553/7229/6 3421/6963/6
f 3552/7228/6 3550/7223/6 3421/6963/6
f 3533/7190/6 3546/7215/6 3549/7221/6
f 3533/7190/6 3549/7221/6 3548/7219/6
f 3552/7228/6 3421/6963/6 3547/7217/6
f 3421/6963/6 3533/7190/6 3547/7217/6
f 3417/6957/5 3408/6938/5 3425/6969/5
f 3410/6941/48 3400/6917/48 3557/7239/48
f 3410/6941/49 3560/7245/49 3559/7243/49
f 3415/6952/50 3559/7243/50 3558/7241/50
f 3420/6961/51 3558/7241/51 3568/7261/51
f 3427/6972/52 3424/6967/52 3568/7261/52
f 3433/6981/53 3427/6972/53 3562/7249/53
f 3436/6986/156 3433/6981/156 3567/7259/156
f 3440/6993/121 3436/6986/121 3565/7255/121
f 3447/7007/56 3440/6993/56 3563/7251/56
f 3566/7257/57 3451/7015/57 3447/7007/57
f 3456/7025/124 3451/7015/124 3566/7257/124
f 3460/7033/59 3456/7025/59 3561/7247/59
f 3463/7039/83 3460/7033/83 3551/7226/83
f 3469/7051/61 3463/7039/61 3553/7230/61
f 3474/7061/62 3469/7051/62 3550/7224/62
f 3547/7218/63 3478/7069/63 3474/7061/63
f 3548/7220/64 3482/7077/64 3478/7069/64
f 3485/7083/65 3482/7077/65 3548/7220/65
f 3492/7097/66 3485/7083/66 3549/7222/66
f 3495/7103/67 3492/7097/67 3546/7216/67
f 3542/7208/68 3540/7204/68 3495/7103/68
f 3540/7204/230 3539/7202/230 3495/7103/230
f 3499/7111/69 3539/7202/69 3543/7210/69
f 3502/7117/125 3543/7210/125 3538/7200/125
f 3505/7123/84 3538/7200/84 3536/7196/84
f 3509/7131/127 3536/7196/127 3537/7198/127
f 3515/7144/85 3512/7138/85 3537/7198/85
f 3515/7144/74 3544/7212/74 3541/7206/74
f 3518/7152/86 3541/7206/86 3545/7214/86
f 3521/7160/76 3545/7214/76 3554/7232/76
f 3524/7167/77 3554/7232/77 3555/7234/77
f 3527/7173/227 3555/7234/227 3556/7236/227
f 3400/6918/162 3529/7178/162 3556/7236/162
f 3524/7168/6 3527/7174/6 3529/7179/6
f 3529/7179/6 3400/6919/6 3410/6942/6
f 3410/6942/6 3415/6953/6 3420/6962/6
f 3420/6962/6 3424/6968/6 3410/6942/6
f 3424/6968/6 3427/6973/6 3410/6942/6
f 3427/6973/6 3433/6982/6 3436/6987/6
f 3436/6987/6 3440/6994/6 3447/7008/6
f 3447/7008/6 3451/7016/6 3456/7026/6
f 3456/7026/6 3460/7034/6 3447/7008/6
f 3460/7034/6 3463/7040/6 3447/7008/6
f 3463/7040/6 3469/7052/6 3474/7062/6
f 3474/7062/6 3478/7070/6 3482/7078/6
f 3482/7078/6 3485/7084/6 3492/7098/6
f 3492/7098/6 3495/7104/6 3482/7078/6
f 3495/7104/6 3499/7112/6 3482/7078/6
f 3499/7112/6 3502/7118/6 3512/7139/6
f 3502/7118/6 3505/7124/6 3512/7139/6
f 3505/7124/6 3509/7132/6 3512/7139/6
f 3512/7139/6 3515/7145/6 3518/7153/6
f 3518/7153/6 3521/7161/6 3524/7168/6
f 3524/7168/6 3529/7179/6 3410/6942/6
f 3427/6973/6 3436/6987/6 3463/7040/6
f 3436/6987/6 3447/7008/6 3463/7040/6
f 3463/7040/6 3474/7062/6 3482/7078/6
f 3512/7139/6 3518/7153/6 3499/7112/6
f 3518/7153/6 3524/7168/6 3499/7112/6
f 3524/7168/6 3410/6942/6 3463/7040/6
f 3410/6942/6 3427/6973/6 3463/7040/6
f 3463/7040/6 3482/7078/6 3524/7168/6
f 3405/6929/48 3396/6908/48 3573/7272/48
f 3405/6929/49 3576/7278/49 3575/7276/49
f 3409/6939/50 3575/7276/50 3586/7298/50
f 3414/6950/51 3586/7298/51 3580/7286/51
f 3419/6959/231 3416/6954/231 3580/7286/231
f 3423/6965/53 3419/6959/53 3578/7282/53
f 3426/6970/120 3423/6965/120 3585/7296/120
f 3429/6975/121 3426/6970/121 3582/7290/121
f 3432/6979/56 3429/6975/56 3581/7288/56
f 3583/7292/123 3435/6984/123 3432/6979/123
f 3438/6989/124 3435/6984/124 3583/7292/124
f 3441/6995/59 3438/6989/59 3577/7280/59
f 3444/7001/83 3441/6995/83 3579/7284/83
f 3446/7005/61 3444/7001/61 3587/7300/61
f 3449/7011/62 3446/7005/62 3598/7322/62
f 3599/7324/63 3452/7017/63 3449/7011/63
f 3595/7316/64 3455/7023/64 3452/7017/64
f 3458/7029/65 3455/7023/65 3595/7316/65
f 3462/7037/66 3458/7029/66 3596/7318/66
f 3465/7043/67 3462/7037/67 3594/7314/67
f 3465/7043/68 3600/7326/68 3591/7308/68
f 3467/7047/69 3591/7308/69 3592/7310/69
f 3470/7053/125 3592/7310/125 3588/7302/125
f 3473/7059/84 3588/7302/84 3589/7304/84
f 3477/7067/127 3589/7304/127 3590/7306/127
f 3483/7079/128 3480/7073/128 3590/7306/128
f 3483/7079/74 3593/7312/74 3569/7263/74
f 3486/7085/86 3569/7263/86 3571/7267/86
f 3488/7089/76 3571/7267/76 3570/7265/76
f 3491/7095/77 3570/7265/77 3572/7269/77
f 3494/7101/78 3572/7269/78 3574/7274/78
f 3396/6909/79 3498/7109/79 3574/7274/79
f 3494/7102/6 3498/7110/6 3396/6910/6
f 3396/6910/6 3405/6930/6 3494/7102/6
f 3405/6930/6 3409/6940/6 3494/7102/6
f 3409/6940/6 3414/6951/6 3416/6955/6
f 3416/6955/6 3419/6960/6 3423/6966/6
f 3423/6966/6 3426/6971/6 3429/6976/6
f 3429/6976/6 3432/6980/6 3423/6966/6
f 3432/6980/6 3435/6985/6 3423/6966/6
f 3435/6985/6 3438/6990/6 3441/6996/6
f 3441/6996/6 3444/7002/6 3446/7006/6
f 3446/7006/6 3449/7012/6 3452/7018/6
f 3452/7018/6 3455/7024/6 3458/7030/6
f 3458/7030/6 3462/7038/6 3465/7044/6
f 3465/7044/6 3467/7048/6 3470/7054/6
f 3470/7054/6 3473/7060/6 3477/7068/6
f 3477/7068/6 3480/7074/6 3483/7080/6
f 3483/7080/6 3486/7086/6 3488/7090/6
f 3488/7090/6 3491/7096/6 3494/7102/6
f 3409/6940/6 3416/6955/6 3494/7102/6
f 3416/6955/6 3423/6966/6 3494/7102/6
f 3435/6985/6 3441/6996/6 3423/6966/6
f 3441/6996/6 3446/7006/6 3423/6966/6
f 3446/7006/6 3452/7018/6 3470/7054/6
f 3452/7018/6 3458/7030/6 3470/7054/6
f 3458/7030/6 3465/7044/6 3470/7054/6
f 3470/7054/6 3477/7068/6 3483/7080/6
f 3483/7080/6 3488/7090/6 3470/7054/6
f 3488/7090/6 3494/7102/6 3470/7054/6
f 3494/7102/6 3423/6966/6 3470/7054/6
